# Blender 5.2.0 LTS
# www.blender.org
mtllib ant.mtl
o Torso
v 0.333545 1.235791 0.882830
v 0.339388 1.216708 0.899318
v 0.311279 1.229254 0.883442
v 0.311279 1.229254 0.883442
v 0.358200 1.222487 0.906210
v 0.325153 1.262763 0.871712
v 0.333083 1.206730 0.912796
v 0.333083 1.206730 0.912796
v 0.305382 1.229614 0.894772
v 0.327941 1.273617 0.891579
v 0.292703 1.292838 0.861285
v 0.354095 1.259323 0.931972
v 0.317123 1.231639 0.938781
v 0.286156 1.260152 0.900866
v 0.384958 1.224525 0.937682
v 0.383630 1.193466 0.927612
v 0.315154 1.276680 0.917165
v 0.335269 1.267907 0.934742
v 0.390533 1.208644 0.934546
v 0.290637 1.270603 0.904877
v 0.361497 1.185278 0.930445
v 0.346754 1.187349 0.941302
v 0.346754 1.187349 0.941302
v 0.398346 1.152720 0.941754
v 0.321018 1.257804 0.940994
v 0.336212 1.260635 0.945989
v 0.346342 1.190605 0.960160
v 0.415453 1.163665 0.948047
v 0.402008 1.119674 0.951880
v 0.380389 1.144353 0.955333
v 0.380389 1.144353 0.955333
v 0.415851 1.187411 0.958326
v 0.325589 1.246298 0.949716
v 0.351747 1.248765 0.957253
v 0.395218 1.120180 0.953040
v 0.419584 1.127479 0.959512
v 0.419584 1.127479 0.959512
v 0.426437 1.147158 0.970303
v 0.400893 1.211263 0.965280
v 0.391990 1.112142 0.966177
v 0.391990 1.112142 0.966177
v 0.391990 1.112142 0.966177
v 0.374575 1.148831 0.965836
v 0.409203 1.109301 0.970015
v 0.409203 1.109301 0.970015
v 0.354926 1.197869 0.977537
v 0.379549 1.230001 0.968120
v 0.422940 1.123809 0.970254
v 0.422940 1.123809 0.970254
v 0.415857 1.186871 0.976863
v 0.353787 1.228647 0.974296
v 0.385232 1.120001 0.977119
v 0.354352 1.217315 0.978493
v 0.368936 1.225181 0.979383
v 0.395234 1.206988 0.983398
v 0.409408 1.111139 0.980833
v 0.426125 1.150988 0.981364
v 0.426125 1.150988 0.981364
v 0.402573 1.115854 0.988556
v 0.402573 1.115854 0.988556
v 0.416642 1.118341 0.984525
v 0.392106 1.123911 0.990643
v 0.423409 1.135183 0.988418
v 0.423409 1.135183 0.988418
v 0.416179 1.174832 0.988077
v 0.377843 1.184548 0.991537
v 0.409809 1.124175 0.994186
v 0.409809 1.124175 0.994186
v 0.409368 1.167190 0.995674
v 0.397373 1.187531 0.993170
v 0.395406 1.139195 0.997429
v 0.394640 1.167728 0.997368
v 0.409828 1.135216 0.998225
v 0.409828 1.135216 0.998225
v 0.212659 1.255267 0.718544
v 0.223898 1.262058 0.715066
v 0.242129 1.244065 0.715074
v 0.241891 1.258073 0.715867
v 0.191871 1.180121 0.728403
v 0.211955 1.177451 0.734146
v 0.255263 1.243398 0.736702
v 0.252759 1.258299 0.741698
v 0.252759 1.258299 0.741698
v 0.205618 1.258559 0.725720
v 0.212632 1.267627 0.725470
v 0.227104 1.270577 0.725022
v 0.192865 1.151911 0.729889
v 0.234742 1.216069 0.729643
v 0.250468 1.240031 0.725730
v 0.177013 1.157727 0.741072
v 0.209020 1.266709 0.732614
v 0.231267 1.271578 0.737181
v 0.231267 1.271578 0.737181
v 0.200690 1.148589 0.740884
v 0.223164 1.203007 0.746672
v 0.206182 1.258050 0.746881
v 0.176334 1.154191 0.747439
v 0.176334 1.154191 0.747439
v 0.175733 1.141376 0.731355
v 0.225395 1.272358 0.749160
v 0.225395 1.272358 0.749160
v 0.204807 1.226056 0.751092
v 0.252648 1.245941 0.752480
v 0.252648 1.245941 0.752480
v 0.258495 1.281893 0.773002
v 0.251380 1.019914 0.734796
v 0.251380 1.019914 0.734796
v 0.238012 1.015362 0.754708
v 0.241459 1.004558 0.759102
v 0.217637 1.262833 0.755373
v 0.217637 1.262833 0.755373
v 0.171953 1.109339 0.760587
v 0.180779 1.097521 0.751476
v 0.194343 1.171925 0.752822
v 0.194343 1.171925 0.752822
v 0.243815 1.286782 0.771078
v 0.189658 1.015610 0.775548
v 0.189658 1.015610 0.775548
v 0.161420 1.108141 0.761751
v 0.226543 1.223362 0.754268
v 0.226543 1.223362 0.754268
v 0.231963 1.241019 0.761455
v 0.231963 1.241019 0.761455
v 0.231963 1.241019 0.761455
v 0.231963 1.241019 0.761455
v 0.221302 1.252285 0.763310
v 0.221302 1.252285 0.763310
v 0.230611 1.281090 0.770046
v 0.243237 1.242381 0.764122
v 0.295315 1.279189 0.834033
v 0.287126 1.261131 0.820919
v 0.237930 1.265505 0.805713
v 0.197322 0.990777 0.797095
v 0.197322 0.990777 0.797095
v 0.245400 1.291402 0.798819
v 0.253208 1.250581 0.798124
v 0.253208 1.250581 0.798124
v 0.276333 1.295723 0.836823
v 0.176608 1.000273 0.791491
v 0.176608 1.000273 0.791491
v 0.176608 1.000273 0.791491
v 0.280561 1.253475 0.821166
v 0.248929 1.279728 0.838845
v 0.177383 0.982354 0.805659
v 0.177383 0.982354 0.805659
v 0.285276 1.246604 0.841931
v 0.285276 1.246604 0.841931
v 0.262889 1.253994 0.847833
v 0.256668 1.265205 0.851424
v 0.273878 1.295530 0.852384
v 0.266814 1.291654 0.855757
v 0.072269 1.051597 0.430652
v 0.072269 1.051597 0.430652
v 0.047848 1.045467 0.417860
v 0.006644 1.069239 0.436400
v 0.006644 1.069239 0.436400
v 0.006644 1.069239 0.436400
v 0.101377 1.076772 0.471782
v 0.101377 1.076772 0.471782
v 0.118025 1.052837 0.451186
v 0.043482 1.115033 0.517124
v 0.043482 1.115033 0.517124
v 0.084818 1.102592 0.508774
v 0.138281 1.083797 0.508741
v 0.170921 1.042014 0.475859
v 0.170921 1.042014 0.475859
v 0.167168 1.078467 0.529295
v 0.167168 1.078467 0.529295
v 0.113654 1.109858 0.545872
v 0.158893 1.102052 0.591012
v 0.195853 1.072978 0.566363
v 0.225822 1.040954 0.554575
v 0.225822 1.040954 0.554575
v 0.084942 1.126985 0.574643
v 0.018870 1.135891 0.574608
v 0.018870 1.135891 0.574608
v 0.109544 1.126331 0.611363
v 0.200283 1.079893 0.611496
v 0.200283 1.079893 0.611496
v 0.043691 1.139851 0.611344
v 0.043691 1.139851 0.611344
v 0.134194 1.117285 0.615427
v 0.225483 1.057106 0.607608
v 0.225483 1.057106 0.607608
v 0.225483 1.057106 0.607608
v 0.246039 1.025871 0.628976
v 0.233675 1.040830 0.657171
v 0.233675 1.040830 0.657171
v 0.196233 1.079429 0.668610
v 0.196233 1.079429 0.668610
v 0.097119 1.121933 0.668687
v 0.138318 1.110306 0.660594
v 0.026740 1.134588 0.668735
v 0.026740 1.134588 0.668735
v 0.171424 1.090940 0.672979
v 0.208506 1.051059 0.701865
v 0.246077 1.035601 0.685680
v 0.246077 1.035601 0.685680
v 0.150639 1.091165 0.699326
v 0.150639 1.091165 0.699326
v 0.183189 1.076558 0.699791
v 0.194067 1.065711 0.703823
v 0.101456 1.113517 0.693487
v 0.127477 1.098354 0.708588
v 0.127477 1.098354 0.708588
v 0.194963 1.077531 0.715577
v 0.163489 1.094192 0.708231
v 0.142905 1.103002 0.712532
v 0.270499 1.015864 0.702326
v -0.013993 1.120531 0.717790
v -0.013993 1.120531 0.717790
v 0.198377 1.071474 0.715669
v 0.179474 1.087927 0.718742
v 0.115165 1.100610 0.716534
v 0.115165 1.100610 0.716534
v 0.127581 1.106723 0.720545
v 0.127581 1.106723 0.720545
v 0.176307 1.094266 0.725021
v 0.152566 1.101425 0.725986
v 0.076499 1.097826 0.742694
v 0.190945 1.050639 0.729613
v 0.120765 1.102617 0.739305
v 0.178514 1.089621 0.730736
v 0.111642 1.077210 0.755727
v 0.111642 1.077210 0.755727
v 0.144828 1.103090 0.733127
v 0.144828 1.103090 0.733127
v 0.144828 1.103090 0.733127
v 0.112827 1.093954 0.734779
v 0.187799 1.042358 0.747256
v 0.187390 1.045532 0.739748
v 0.140415 1.100901 0.740131
v 0.140415 1.100901 0.740131
v 0.182070 1.059546 0.754495
v 0.022893 1.098574 0.755671
v 0.022893 1.098574 0.755671
v 0.131667 1.097357 0.749696
v 0.179470 1.046720 0.754262
v 0.110698 1.067113 0.771384
v 0.110698 1.067113 0.771384
v 0.064200 1.073012 0.778989
v 0.133455 1.083015 0.764522
v 0.133455 1.083015 0.764522
v 0.118994 1.079481 0.771434
v 0.132438 1.067986 0.769328
v 0.163530 1.072136 0.772808
v 0.154801 1.046807 0.765021
v 0.140781 1.050911 0.771948
v 0.125228 1.061704 0.768349
v 0.118744 1.072037 0.774818
v 0.144864 1.071909 0.773660
v 0.084888 1.049117 0.796108
v 0.084888 1.049117 0.796108
v 0.010532 1.058428 0.804466
v 0.010532 1.058428 0.804466
v 0.117637 1.020275 0.802781
v 0.031173 1.036556 0.819853
v 0.031173 1.036556 0.819853
v 0.084550 1.012026 0.820570
v 0.084550 1.012026 0.820570
v 0.084550 1.012026 0.820570
v 0.152185 0.953697 0.822840
v 0.006836 0.996391 0.845724
v 0.006836 0.996391 0.845724
v 0.055552 0.987144 0.842023
v 0.055552 0.987144 0.842023
v 0.035030 0.995256 0.843001
v 0.035030 0.995256 0.843001
v 0.101196 0.916652 0.857713
v 0.101196 0.916652 0.857713
v 0.014482 0.970518 0.858574
v 0.014482 0.970518 0.858574
v 0.014482 0.970518 0.858574
v -0.272499 1.298842 0.840624
v -0.296116 1.292579 0.869643
v -0.280986 1.296292 0.864959
v -0.300465 1.241730 0.850327
v -0.300465 1.241730 0.850327
v -0.327416 1.213796 0.900855
v -0.342520 1.219815 0.897254
v -0.342520 1.219815 0.897254
v -0.342520 1.219815 0.897254
v -0.285493 1.240324 0.845745
v -0.274139 1.244794 0.841256
v -0.301436 1.228697 0.910280
v -0.309033 1.259712 0.846940
v -0.353318 1.230543 0.902925
v -0.333990 1.258601 0.879878
v -0.301516 1.286280 0.897559
v -0.316369 1.216221 0.911650
v -0.262937 1.286999 0.866280
v -0.295401 1.274251 0.911417
v -0.257382 1.268887 0.859652
v -0.274772 1.290816 0.877336
v -0.352372 1.246127 0.904698
v -0.341091 1.267769 0.919602
v -0.287078 1.290666 0.833261
v -0.313149 1.243167 0.937685
v -0.319185 1.223097 0.942724
v -0.368390 1.229058 0.917802
v -0.368390 1.229058 0.917802
v -0.332054 1.205366 0.909426
v -0.332054 1.205366 0.909426
v -0.387745 1.181515 0.934975
v -0.387745 1.181515 0.934975
v -0.373006 1.174018 0.935171
v -0.326992 1.268099 0.934180
v -0.320098 1.261727 0.937643
v -0.350914 1.178406 0.960851
v -0.350914 1.178406 0.960851
v -0.320703 1.211549 0.935198
v -0.374690 1.236398 0.937242
v -0.404118 1.180144 0.946465
v -0.403089 1.203699 0.957909
v -0.359558 1.167060 0.953893
v -0.366500 1.244400 0.952235
v -0.408341 1.131861 0.952203
v -0.397786 1.127307 0.951680
v -0.397786 1.127307 0.951680
v -0.418405 1.147044 0.959257
v -0.383015 1.127281 0.958799
v -0.390836 1.219476 0.968645
v -0.346181 1.217727 0.972985
v -0.346181 1.217727 0.972985
v -0.408591 1.116516 0.962076
v -0.408591 1.116516 0.962076
v -0.420236 1.162815 0.973833
v -0.359189 1.244410 0.960184
v -0.359189 1.244410 0.960184
v -0.394960 1.111604 0.970603
v -0.420036 1.127396 0.966852
v -0.375168 1.229887 0.971693
v -0.356997 1.228555 0.976556
v -0.356997 1.228555 0.976556
v -0.376651 1.128357 0.977446
v -0.421298 1.142956 0.984916
v -0.405213 1.110307 0.977381
v -0.405213 1.110307 0.977381
v -0.414075 1.116481 0.980851
v -0.398348 1.111097 0.980732
v -0.406916 1.195241 0.976951
v -0.379451 1.147955 0.996082
v -0.395407 1.204630 0.984063
v -0.395407 1.204630 0.984063
v -0.379550 1.132007 0.988490
v -0.417419 1.158877 0.988610
v -0.366332 1.192868 0.988792
v -0.372856 1.212204 0.986530
v -0.404941 1.124134 0.994548
v -0.404941 1.124134 0.994548
v -0.412188 1.131635 0.994638
v -0.394262 1.135841 1.000000
v -0.394262 1.135841 1.000000
v -0.404250 1.166950 0.998229
v -0.385804 1.172143 0.999363
v -0.385804 1.172143 0.999363
v -0.241186 1.251330 0.715710
v -0.226962 1.266009 0.714321
v -0.230612 1.243723 0.712890
v -0.244867 1.236365 0.725133
v -0.203459 1.243129 0.722292
v -0.253396 1.259472 0.733419
v -0.202752 1.197603 0.729315
v -0.212444 1.268779 0.725515
v -0.234552 1.275855 0.730003
v -0.203348 1.169365 0.735226
v -0.193757 1.204448 0.740676
v -0.180266 1.134688 0.733492
v -0.180266 1.134688 0.733492
v -0.175494 1.153481 0.738791
v -0.161139 1.124643 0.734970
v -0.205420 1.165306 0.747264
v -0.205420 1.165306 0.747264
v -0.248727 1.244954 0.744357
v -0.199269 1.250522 0.739839
v -0.173299 1.087249 0.728703
v -0.173299 1.087249 0.728703
v -0.182242 1.102780 0.748461
v -0.265249 1.282386 0.783547
v -0.240544 1.292125 0.782659
v -0.241397 1.236776 0.751105
v -0.241397 1.236776 0.751105
v -0.210946 1.258198 0.750731
v -0.182966 1.157842 0.753824
v -0.143987 1.111135 0.744780
v -0.143987 1.111135 0.744780
v -0.286342 0.928574 0.743918
v -0.286342 0.928574 0.743918
v -0.274565 0.932492 0.763823
v -0.257164 0.946322 0.764118
v -0.174186 1.079633 0.739376
v -0.174186 1.079633 0.739376
v -0.178987 1.110315 0.758909
v -0.200857 1.172441 0.754002
v -0.207172 1.213366 0.754096
v -0.149114 1.104401 0.758803
v -0.149114 1.104401 0.758803
v -0.227514 1.240735 0.759825
v -0.218349 1.251097 0.758862
v -0.228803 1.279186 0.781302
v -0.250985 1.292658 0.783148
v -0.232062 0.978629 0.762643
v -0.203792 0.987226 0.790341
v -0.245346 1.016880 0.734344
v -0.180508 1.134228 0.758382
v -0.258627 1.248989 0.781983
v -0.258627 1.248989 0.781983
v -0.272182 1.264247 0.788005
v -0.233855 1.015728 0.747174
v -0.211666 0.975060 0.785264
v -0.266919 0.916398 0.788231
v -0.266919 0.916398 0.788231
v -0.240870 0.945636 0.793375
v -0.256946 0.961374 0.751780
v -0.240855 1.258000 0.797699
v -0.230312 1.272366 0.789253
v -0.240633 0.930038 0.792959
v -0.232248 1.276820 0.802253
v -0.199834 0.953523 0.808243
v -0.282941 1.253302 0.817219
v -0.282941 1.253302 0.817219
v -0.241443 1.291139 0.823737
v -0.225174 0.940715 0.808337
v -0.179706 0.957823 0.821089
v -0.179706 0.957823 0.821089
v -0.155092 1.002563 0.791569
v -0.155092 1.002563 0.791569
v -0.268039 1.248903 0.811783
v -0.233332 0.921476 0.802417
v -0.233332 0.921476 0.802417
v -0.227828 0.922485 0.808714
v -0.227828 0.922485 0.808714
v -0.212699 0.924972 0.822893
v -0.212699 0.924972 0.822893
v -0.188234 0.924838 0.828920
v -0.188234 0.924838 0.828920
v -0.265605 1.296613 0.851978
v -0.162826 0.895991 0.855313
v -0.162826 0.895991 0.855313
v -0.247044 1.019636 0.625192
v -0.232795 1.038031 0.649069
v -0.236612 1.033075 0.591067
v -0.273770 0.998950 0.633421
v -0.268107 0.962444 0.578993
v -0.268107 0.962444 0.578993
v -0.302444 0.950035 0.637407
v -0.302444 0.950035 0.637407
v -0.286455 0.995301 0.665267
v -0.257831 1.023379 0.645818
v -0.210698 1.064390 0.595101
v -0.191236 1.081539 0.643918
v -0.161800 1.101715 0.627837
v -0.161800 1.101715 0.627837
v -0.173507 1.089941 0.664399
v -0.173507 1.089941 0.664399
v -0.092420 1.126768 0.652410
v -0.275863 1.007788 0.685471
v -0.312261 0.917092 0.644582
v -0.312261 0.917092 0.644582
v -0.312261 0.917092 0.644582
v -0.253621 1.030779 0.665724
v -0.285972 0.946831 0.678584
v -0.285972 0.946831 0.678584
v -0.130490 1.101989 0.697548
v -0.215933 1.048012 0.685814
v -0.183643 1.075840 0.690726
v -0.165543 1.089193 0.690230
v -0.165543 1.089193 0.690230
v -0.263818 0.966998 0.714140
v -0.256929 1.018923 0.714162
v -0.038878 1.121937 0.709871
v -0.006172 1.136825 0.668991
v -0.220897 1.041790 0.714173
v -0.084266 1.108842 0.718245
v -0.190842 1.066181 0.702779
v -0.278358 0.941683 0.698070
v -0.278358 0.941683 0.698070
v -0.192625 1.053858 0.722379
v -0.135723 1.105883 0.708050
v -0.124330 1.102276 0.706231
v -0.273473 0.947134 0.719150
v -0.187218 1.078037 0.710147
v -0.192474 1.071194 0.711676
v -0.166355 1.099547 0.726611
v -0.166355 1.099547 0.726611
v -0.166355 1.099547 0.726611
v -0.166355 1.099547 0.726611
v -0.151517 1.106586 0.725829
v -0.151517 1.106586 0.725829
v -0.192537 1.063971 0.727201
v -0.254676 0.970226 0.735028
v -0.187078 1.073161 0.729929
v -0.114378 1.093781 0.726032
v -0.018163 1.107476 0.742525
v -0.181751 1.046950 0.741657
v -0.128977 1.095390 0.747995
v -0.182830 1.056356 0.746765
v -0.114172 1.082567 0.742817
v -0.101504 1.082418 0.751915
v -0.038844 1.076712 0.779671
v -0.164323 1.042429 0.758627
v -0.127494 1.079222 0.758979
v -0.161315 1.080579 0.758017
v -0.161628 1.055355 0.770821
v -0.111161 1.081636 0.762322
v -0.114276 1.061626 0.769659
v -0.147231 1.074699 0.763926
v -0.147231 1.074699 0.763926
v -0.147231 1.074699 0.763926
v -0.150246 1.038123 0.770336
v -0.118702 1.071190 0.771070
v -0.127418 1.049945 0.773495
v -0.127418 1.049945 0.773495
v -0.140165 1.048016 0.771384
v -0.143800 1.056178 0.778079
v -0.143800 1.056178 0.778079
v -0.071551 1.040770 0.803580
v -0.121099 1.007829 0.802820
v -0.092283 0.978845 0.830513
v -0.130343 0.907911 0.849052
v -0.130343 0.907911 0.849052
v -0.130343 0.907911 0.849052
v -0.151848 0.895300 0.857755
v -0.151848 0.895300 0.857755
v -0.017562 1.015683 0.832831
v -0.046769 0.962180 0.854380
v -0.046769 0.962180 0.854380
v -0.005898 0.933255 0.873949
v -0.005898 0.933255 0.873949
v -0.005898 0.933255 0.873949
v -0.059068 1.012005 0.398568
v -0.059068 1.012005 0.398568
v -0.129382 1.040615 0.448558
v -0.129382 1.040615 0.448558
v -0.129382 1.040615 0.448558
v -0.076040 1.063244 0.447172
v -0.076040 1.063244 0.447172
v -0.017917 1.032342 0.403178
v -0.017917 1.032342 0.403178
v -0.163433 1.048787 0.479691
v -0.163433 1.048787 0.479691
v -0.149912 0.999620 0.431156
v -0.149912 0.999620 0.431156
v -0.113092 1.079823 0.484143
v -0.051219 1.094866 0.484157
v -0.178705 0.987278 0.444318
v -0.178705 0.987278 0.444318
v -0.203273 1.015949 0.488295
v -0.203273 1.015949 0.488295
v -0.001593 1.093486 0.472170
v -0.146084 1.088740 0.525356
v -0.146084 1.088740 0.525356
v -0.178791 1.062327 0.513255
v -0.211247 1.040490 0.530148
v -0.105028 1.107260 0.533605
v -0.018087 1.125169 0.537562
v -0.234911 0.978859 0.500699
v -0.234911 0.978859 0.500699
v -0.059577 1.126549 0.558219
v -0.187017 1.078957 0.566367
v -0.158475 1.097197 0.566266
v -0.158475 1.097197 0.566266
v -0.250090 0.999747 0.562136
v -0.129815 1.111760 0.574687
v -0.005822 1.139744 0.595174
v -0.092433 1.125801 0.590880
v -0.096686 1.127347 0.628073
v -0.046939 1.136931 0.644350
v 0.176437 0.671147 0.617210
v 0.176437 0.671147 0.617210
v 0.161912 0.663216 0.695662
v 0.026419 0.628155 0.770583
v 0.181935 0.665073 0.645694
v 0.181935 0.665073 0.645694
v 0.224989 0.671301 0.665778
v 0.224989 0.671301 0.665778
v 0.193893 0.658032 0.678849
v 0.245888 0.691622 0.657529
v 0.245888 0.691622 0.657529
v 0.245888 0.691622 0.657529
v 0.225089 0.673078 0.690397
v 0.225089 0.673078 0.690397
v 0.205075 0.658485 0.694676
v 0.278953 0.700966 0.736034
v 0.184771 0.653465 0.727733
v 0.144427 0.651002 0.770063
v 0.212563 0.667272 0.714907
v 0.212563 0.667272 0.714907
v 0.291413 0.717910 0.695707
v 0.291413 0.717910 0.695707
v 0.307510 0.744285 0.690934
v 0.303295 0.732014 0.715264
v 0.303295 0.732014 0.715264
v 0.230327 0.674649 0.748484
v 0.303504 0.750838 0.726499
v 0.303504 0.750838 0.726499
v 0.295099 0.792803 0.710303
v 0.295099 0.792803 0.710303
v 0.277435 0.762092 0.763535
v 0.136225 0.659106 0.745097
v 0.275657 0.771625 0.755335
v 0.305154 0.838449 0.706316
v 0.293693 0.831737 0.760144
v 0.293693 0.831737 0.760144
v 0.278969 0.802193 0.763625
v 0.278969 0.802193 0.763625
v 0.290850 0.797696 0.747120
v 0.290850 0.797696 0.747120
v 0.282609 0.711594 0.755816
v 0.286528 0.730681 0.759333
v 0.187816 0.683855 0.813568
v 0.187816 0.683855 0.813568
v 0.302094 0.814269 0.722903
v 0.302094 0.814269 0.722903
v 0.262772 0.693476 0.760550
v 0.253797 0.767241 0.786425
v 0.163021 0.659925 0.793741
v 0.122865 0.646934 0.804713
v 0.122865 0.646934 0.804713
v 0.254919 0.698888 0.784394
v 0.270857 0.718768 0.779812
v 0.258183 0.788491 0.785712
v 0.278141 0.835682 0.792364
v 0.297732 0.860069 0.768197
v 0.297732 0.860069 0.768197
v 0.299095 0.888250 0.764125
v 0.299095 0.888250 0.764125
v 0.282892 0.884092 0.792299
v 0.282892 0.884092 0.792299
v 0.258877 0.746132 0.792540
v 0.287634 0.920239 0.763972
v 0.287634 0.920239 0.763972
v 0.278871 0.904135 0.789171
v 0.278871 0.904135 0.789171
v 0.225521 0.696035 0.809059
v 0.258980 0.839492 0.813111
v 0.246005 0.714730 0.804659
v 0.274906 0.930284 0.771889
v 0.274906 0.930284 0.771889
v 0.257807 0.915599 0.799745
v 0.257807 0.915599 0.799745
v 0.245175 0.954683 0.785012
v 0.245175 0.954683 0.785012
v 0.220681 0.974989 0.788311
v 0.220681 0.974989 0.788311
v 0.209071 0.953892 0.807681
v 0.209071 0.953892 0.807681
v 0.253489 0.815386 0.808156
v 0.249625 0.945510 0.779930
v 0.249625 0.945510 0.779930
v 0.233323 0.929153 0.804379
v 0.196084 0.763892 0.833067
v 0.233189 0.776487 0.813039
v 0.267271 0.891964 0.804517
v 0.166450 0.663223 0.811786
v 0.166450 0.663223 0.811786
v 0.237201 0.788557 0.804011
v 0.254366 0.859581 0.818471
v 0.217090 0.917042 0.823159
v 0.192280 0.950017 0.820057
v 0.209864 0.792318 0.824947
v 0.221998 0.904770 0.820897
v 0.182280 0.682934 0.827287
v 0.182683 0.702206 0.850706
v 0.170911 0.733851 0.858283
v 0.233921 0.823177 0.825805
v 0.192620 0.921024 0.828002
v 0.165163 0.641031 0.853806
v 0.179538 0.785254 0.854658
v 0.217873 0.830998 0.834464
v 0.208592 0.888755 0.833345
v 0.191923 0.847680 0.841268
v 0.134922 0.900834 0.849761
v 0.187908 0.805573 0.837138
v 0.159153 0.875384 0.859358
v 0.166319 0.680238 0.880172
v 0.170929 0.772907 0.849932
v 0.166848 0.789194 0.859851
v 0.161551 0.826029 0.865994
v 0.145341 0.759686 0.874429
v 0.126403 0.848655 0.870029
v 0.084482 0.846065 0.887512
v 0.146920 0.809373 0.875647
v 0.067874 0.887377 0.878584
v 0.130952 0.809042 0.878368
v 0.059186 0.758106 0.925261
v 0.059186 0.758106 0.925261
v 0.059186 0.758106 0.925261
v 0.133756 0.729424 0.888572
v 0.133756 0.729424 0.888572
v 0.010504 0.895843 0.886839
v 0.010504 0.895843 0.886839
v 0.154541 0.688685 0.891327
v 0.063852 0.829425 0.898771
v -0.055066 0.854326 0.895427
v 0.063293 0.663344 0.573054
v 0.063293 0.663344 0.573054
v 0.063293 0.663344 0.573054
v -0.001707 0.635311 0.682666
v -0.001707 0.635311 0.682666
v -0.001707 0.635311 0.682666
v -0.001707 0.635311 0.682666
v 0.010519 0.620254 0.789461
v 0.010519 0.620254 0.789461
v 0.123836 0.657752 0.774740
v 0.083732 0.643345 0.792268
v 0.114371 0.656819 0.786860
v 0.060236 0.629585 0.791261
v 0.105500 0.652607 0.800606
v 0.072600 0.631764 0.804276
v 0.072600 0.631764 0.804276
v -0.002575 0.625960 0.798688
v 0.117952 0.621529 0.830453
v 0.117952 0.621529 0.830453
v 0.133897 0.617020 0.850138
v 0.070347 0.619009 0.842481
v 0.070347 0.619009 0.842481
v 0.070347 0.619009 0.842481
v 0.089909 0.617479 0.837147
v 0.109860 0.612497 0.843040
v 0.150444 0.625018 0.857982
v 0.065814 0.598427 0.863540
v 0.102893 0.595473 0.852071
v 0.095987 0.607910 0.853648
v 0.112247 0.595995 0.855180
v 0.127114 0.612426 0.857452
v 0.102446 0.594926 0.869427
v 0.051848 0.621321 0.857182
v 0.018560 0.617240 0.872060
v 0.049992 0.599056 0.879022
v 0.049992 0.599056 0.879022
v 0.141444 0.622891 0.873369
v 0.155385 0.628906 0.872232
v 0.166252 0.647617 0.875841
v 0.113437 0.597337 0.866627
v 0.070629 0.590377 0.880014
v 0.070629 0.590377 0.880014
v 0.048467 0.617647 0.865925
v 0.090564 0.581080 0.875016
v 0.103324 0.570849 0.883488
v 0.041792 0.618896 0.878563
v 0.041792 0.618896 0.878563
v 0.035920 0.624646 0.876934
v 0.074221 0.568593 0.877178
v 0.074221 0.568593 0.877178
v 0.081315 0.562344 0.880287
v 0.081315 0.562344 0.880287
v 0.071085 0.562319 0.883185
v 0.065245 0.569047 0.887556
v 0.065245 0.569047 0.887556
v 0.066309 0.585554 0.888077
v 0.066309 0.585554 0.888077
v 0.150269 0.637893 0.879542
v 0.057063 0.595240 0.903817
v 0.118460 0.586739 0.901991
v 0.154805 0.668636 0.885444
v 0.087881 0.557250 0.906627
v 0.087881 0.557250 0.906627
v 0.066149 0.562207 0.895663
v 0.066149 0.562207 0.895663
v 0.150220 0.681182 0.891307
v 0.132209 0.618999 0.909169
v 0.077315 0.554584 0.901374
v 0.105661 0.697724 0.909470
v 0.040949 0.644198 0.890928
v 0.040949 0.644198 0.890928
v 0.051779 0.659613 0.900074
v 0.051779 0.659613 0.900074
v 0.045530 0.652105 0.894135
v 0.072220 0.549606 0.907730
v 0.133672 0.671491 0.911428
v 0.101793 0.692802 0.908644
v 0.105246 0.713077 0.903426
v 0.105246 0.713077 0.903426
v 0.062616 0.751069 0.926024
v 0.079750 0.557415 0.917661
v 0.100081 0.578260 0.921363
v 0.100081 0.578260 0.921363
v 0.077203 0.693269 0.909248
v 0.077203 0.693269 0.909248
v 0.044438 0.625428 0.913219
v 0.044438 0.625428 0.913219
v 0.066414 0.633577 0.927143
v 0.100858 0.605758 0.930460
v 0.100858 0.605758 0.930460
v 0.034635 0.710675 0.930341
v 0.110174 0.670981 0.919141
v 0.078147 0.645722 0.926884
v 0.048064 0.744334 0.930769
v 0.048064 0.744334 0.930769
v 0.055320 0.750006 0.934051
v 0.069772 0.577365 0.930439
v 0.077666 0.613393 0.934459
v 0.077666 0.613393 0.934459
v -0.009840 0.754499 0.932970
v 0.066082 0.597000 0.933092
v 0.066082 0.597000 0.933092
v -0.067237 0.636717 0.770733
v -0.030822 0.622108 0.785444
v -0.030822 0.622108 0.785444
v -0.020973 0.625382 0.793726
v -0.005423 0.625894 0.793779
v -0.014412 0.621224 0.800580
v -0.047573 0.630584 0.802879
v -0.058676 0.631947 0.816223
v -0.048728 0.610199 0.867595
v -0.010640 0.616548 0.865059
v -0.053962 0.591704 0.872194
v -0.061526 0.614836 0.856590
v -0.041115 0.611888 0.875568
v -0.026939 0.624161 0.882935
v -0.048691 0.589948 0.886324
v -0.066740 0.577609 0.876616
v -0.032767 0.616538 0.881557
v -0.063561 0.581845 0.886755
v -0.029509 0.594911 0.888398
v -0.028382 0.601375 0.887927
v 0.032627 0.593953 0.890630
v 0.033728 0.599688 0.886647
v 0.032540 0.600965 0.897692
v -0.044777 0.634658 0.893074
v -0.066877 0.594209 0.895707
v -0.039386 0.590020 0.897398
v -0.059661 0.597176 0.898859
v -0.046199 0.643063 0.894753
v -0.010203 0.649223 0.901793
v -0.010203 0.649223 0.901793
v -0.072152 0.558623 0.894083
v -0.051863 0.546194 0.908247
v -0.079380 0.554826 0.903542
v -0.063126 0.568601 0.894522
v -0.046508 0.554734 0.906523
v 0.048805 0.550515 0.902445
v 0.049556 0.558429 0.900166
v -0.056890 0.581085 0.915647
v -0.056890 0.581085 0.915647
v -0.033337 0.594934 0.900610
v 0.042008 0.555740 0.905457
v -0.056591 0.579013 0.908992
v -0.060387 0.595170 0.913921
v -0.061456 0.595424 0.904776
v -0.050072 0.650786 0.901438
v 0.049556 0.547128 0.910458
v 0.054058 0.576670 0.919057
v -0.049698 0.569385 0.912645
v -0.037824 0.578481 0.911428
v -0.040415 0.573277 0.913180
v -0.039435 0.620951 0.909879
v -0.056014 0.663698 0.904011
v -0.056014 0.663698 0.904011
v -0.075068 0.554997 0.913737
v -0.045852 0.551179 0.914259
v -0.044826 0.578068 0.919174
v 0.050363 0.606786 0.918053
v -0.052337 0.549105 0.917538
v 0.057020 0.549628 0.917131
v -0.045549 0.610738 0.917700
v -0.054109 0.633150 0.920533
v -0.054109 0.633150 0.920533
v -0.052574 0.573428 0.917862
v -0.068864 0.565166 0.924217
v 0.054673 0.585374 0.926013
v -0.069801 0.621894 0.930970
v -0.069801 0.621894 0.930970
v 0.010299 0.702684 0.932721
v -0.005854 0.718660 0.938557
v -0.005854 0.718660 0.938557
v -0.005854 0.718660 0.938557
v -0.073421 0.681405 0.906415
v -0.042365 0.722591 0.932286
v -0.059390 0.745737 0.927081
v -0.118017 0.647868 0.795156
v -0.118303 0.653789 0.783145
v -0.063642 0.628182 0.798439
v -0.063642 0.628182 0.798439
v -0.085420 0.635413 0.816864
v -0.085420 0.635413 0.816864
v -0.109465 0.646523 0.804489
v -0.142076 0.645903 0.808530
v -0.118259 0.625145 0.822375
v -0.146043 0.624407 0.834119
v -0.156562 0.649962 0.817210
v -0.072715 0.636454 0.828616
v -0.117374 0.601907 0.849758
v -0.117374 0.601907 0.849758
v -0.106631 0.604058 0.846361
v -0.106631 0.604058 0.846361
v -0.082193 0.619925 0.851134
v -0.145798 0.617691 0.849057
v -0.067406 0.624892 0.850776
v -0.095836 0.610608 0.850695
v -0.132677 0.613284 0.852340
v -0.168939 0.645520 0.845555
v -0.107772 0.601915 0.858070
v -0.103826 0.606517 0.853109
v -0.142393 0.624774 0.869048
v -0.142393 0.624774 0.869048
v -0.097905 0.598992 0.863134
v -0.154057 0.625219 0.864085
v -0.082194 0.593263 0.871902
v -0.068130 0.585480 0.878928
v -0.169121 0.644389 0.864611
v -0.162069 0.651897 0.880033
v -0.186585 0.702743 0.848085
v -0.100026 0.572145 0.880233
v -0.077618 0.570389 0.873093
v -0.151031 0.639855 0.878884
v -0.092034 0.563701 0.887747
v -0.123933 0.595472 0.879369
v -0.131760 0.603201 0.898410
v -0.131760 0.603201 0.898410
v -0.149761 0.652448 0.885019
v -0.149889 0.677056 0.886450
v -0.150566 0.697171 0.891509
v -0.119902 0.586587 0.902453
v -0.141694 0.688129 0.893063
v -0.139791 0.671672 0.904720
v -0.136485 0.705629 0.899422
v -0.106339 0.574811 0.909945
v -0.129289 0.610798 0.913357
v -0.129289 0.610798 0.913357
v -0.133849 0.697483 0.897256
v -0.104794 0.701093 0.905395
v -0.109227 0.710047 0.908297
v -0.109871 0.690882 0.913022
v -0.128900 0.671314 0.914619
v -0.117591 0.679098 0.917170
v -0.092726 0.692994 0.910304
v -0.113950 0.594587 0.921156
v -0.113950 0.594587 0.921156
v -0.078855 0.739063 0.917641
v -0.077623 0.637676 0.930263
v -0.116481 0.618336 0.926235
v -0.068000 0.742742 0.924951
v -0.085138 0.597678 0.933439
v -0.085138 0.597678 0.933439
v -0.101078 0.629977 0.932142
v -0.167179 0.674208 0.586558
v -0.167179 0.674208 0.586558
v -0.167179 0.674208 0.586558
v -0.030552 0.648833 0.595257
v -0.030552 0.648833 0.595257
v -0.138739 0.665185 0.632513
v -0.161167 0.665111 0.691274
v -0.173021 0.667793 0.663327
v -0.177489 0.657665 0.683405
v -0.136333 0.657542 0.749739
v -0.149559 0.659923 0.720981
v -0.196296 0.660082 0.711268
v -0.212795 0.671290 0.740205
v -0.186872 0.681573 0.818271
v -0.249398 0.695810 0.776441
v -0.224623 0.699452 0.809092
v -0.229076 0.711062 0.813446
v -0.261417 0.742425 0.789725
v -0.232650 0.738619 0.816174
v -0.145427 0.751216 0.877804
v -0.232514 0.771991 0.810714
v -0.186020 0.795967 0.849378
v -0.169272 0.804680 0.853995
v -0.165843 0.792325 0.859013
v -0.162840 0.830335 0.867515
v -0.137282 0.737734 0.885983
v -0.126235 0.796688 0.884329
v -0.147397 0.870834 0.867779
v -0.131045 0.854379 0.871722
v -0.187639 0.688043 0.566433
v -0.187639 0.688043 0.566433
v -0.192110 0.683179 0.582235
v -0.192110 0.683179 0.582235
v -0.278645 0.794031 0.575476
v -0.278645 0.794031 0.575476
v -0.256877 0.753318 0.571780
v -0.256877 0.753318 0.571780
v -0.297179 0.773512 0.641950
v -0.203913 0.705759 0.542072
v -0.203913 0.705759 0.542072
v -0.215915 0.688249 0.616896
v -0.249472 0.717630 0.604770
v -0.249472 0.717630 0.604770
v -0.179820 0.674178 0.611685
v -0.288296 0.843300 0.575371
v -0.288296 0.843300 0.575371
v -0.314591 0.818297 0.661200
v -0.241250 0.695495 0.633061
v -0.188826 0.674031 0.632941
v -0.221016 0.676793 0.649842
v -0.317480 0.867859 0.652571
v -0.317480 0.867859 0.652571
v -0.290702 0.724449 0.699745
v -0.303686 0.748555 0.695168
v -0.262542 0.695662 0.711534
v -0.297748 0.909117 0.668052
v -0.305622 0.804810 0.697157
v -0.305411 0.871297 0.667951
v -0.305434 0.755715 0.706632
v -0.300741 0.821460 0.692402
v -0.288357 0.916745 0.690074
v -0.298271 0.832294 0.713581
v -0.297263 0.871796 0.690257
v -0.298912 0.792166 0.708608
v -0.292128 0.796370 0.713444
v -0.293821 0.833758 0.717592
v -0.301641 0.888459 0.731960
v -0.298896 0.735664 0.727323
v -0.290741 0.720111 0.723833
v -0.261712 0.696369 0.752462
v -0.288057 0.758928 0.746874
v -0.292284 0.813662 0.730402
v -0.281584 0.797511 0.750340
v -0.286641 0.823031 0.738432
v -0.283890 0.719702 0.751455
v -0.288064 0.912357 0.763901
v -0.288064 0.912357 0.763901
v -0.281203 0.775576 0.741790
v -0.277650 0.810056 0.749394
v -0.296278 0.852274 0.748120
v -0.292688 0.864330 0.768222
v -0.277631 0.781101 0.755876
v -0.255968 0.793142 0.779997
v -0.260778 0.780376 0.782971
v -0.271461 0.823780 0.784630
v -0.287600 0.876258 0.780237
v -0.280821 0.856097 0.788420
v -0.262526 0.879852 0.808663
v -0.250268 0.907761 0.804771
v -0.250268 0.907761 0.804771
v -0.225068 0.784058 0.809098
v -0.258584 0.855722 0.813201
v -0.248487 0.831581 0.815988
v -0.224713 0.913347 0.811033
v -0.224713 0.913347 0.811033
v -0.221429 0.871086 0.831740
v -0.195172 0.796978 0.836607
v -0.233788 0.855321 0.828910
v -0.216439 0.905080 0.818108
v -0.203507 0.901433 0.832808
v -0.179049 0.804550 0.848141
v -0.207299 0.896977 0.825137
v -0.195714 0.876475 0.838401
v -0.177134 0.835109 0.850081
v 0.179664 1.007856 0.455009
v 0.209645 1.011836 0.488417
v 0.232871 0.970703 0.484450
v 0.207205 1.035566 0.513095
v 0.247701 0.986970 0.521603
v 0.265727 0.913207 0.508784
v 0.256949 0.978663 0.537495
v 0.269303 0.946446 0.537159
v 0.267375 0.885054 0.504552
v 0.240916 1.008904 0.537354
v 0.277104 0.904767 0.537121
v 0.273087 0.945887 0.574738
v 0.281367 0.851396 0.554098
v 0.287279 0.888515 0.567058
v 0.249199 1.016571 0.583125
v 0.310092 0.818634 0.633472
v 0.278311 0.818959 0.558285
v 0.287877 0.929576 0.592014
v 0.253751 1.011744 0.612627
v 0.311132 0.917502 0.629483
v 0.266947 0.994864 0.605400
v 0.305577 0.946126 0.629569
v 0.262078 1.021688 0.641286
v 0.317504 0.872135 0.644953
v 0.307556 0.958508 0.649031
v 0.278021 0.765816 0.592013
v 0.308889 0.773179 0.658533
v 0.312918 0.780867 0.670066
v 0.315219 0.909320 0.652245
v 0.298316 0.982894 0.657337
v 0.287446 0.999206 0.657924
v 0.304768 0.959080 0.664135
v 0.289462 0.991967 0.680784
v 0.301956 0.830254 0.685389
v 0.301627 0.867555 0.677004
v 0.298545 0.899225 0.677279
v 0.312321 0.768180 0.690185
v 0.285327 0.967476 0.697058
v 0.302693 0.879774 0.698785
v 0.284779 0.933916 0.692983
v 0.299745 0.805045 0.697539
v 0.261920 1.005011 0.730673
v 0.274093 0.954799 0.718318
v 0.306286 0.876222 0.732096
v 0.299404 0.912391 0.732151
v 0.268566 0.960534 0.743511
v 0.253614 0.987649 0.743568
v 0.262741 0.954733 0.751589
v 0.105194 0.958565 0.389197
v 0.147465 0.979397 0.418139
v 0.113458 0.941830 0.390812
v 0.125888 0.793670 0.401406
v 0.130413 0.773853 0.414666
v 0.126481 0.767449 0.412982
v 0.116993 0.808814 0.396276
v 0.129685 0.815112 0.414755
v 0.141676 0.784053 0.412966
v 0.121981 0.913487 0.389702
v 0.178940 0.921478 0.423390
v 0.143877 0.761867 0.419105
v 0.133178 0.839401 0.402306
v 0.155139 0.860203 0.409898
v 0.150810 0.876932 0.407167
v 0.092918 0.999772 0.400922
v 0.133996 1.024406 0.433615
v 0.126629 0.754048 0.404073
v 0.126629 0.754048 0.404073
v 0.141663 0.730557 0.429672
v 0.141663 0.730557 0.429672
v 0.159246 0.810024 0.424416
v 0.175746 0.876580 0.420586
v 0.139169 0.751757 0.425205
v 0.151187 0.747936 0.426692
v 0.151187 0.747936 0.426692
v 0.146123 0.792733 0.426674
v 0.167628 0.827739 0.423738
v 0.200424 0.860312 0.433243
v 0.200059 0.950360 0.443690
v 0.158584 0.767021 0.433391
v 0.158471 0.777250 0.439406
v 0.171767 0.811483 0.431138
v 0.142860 0.744799 0.428426
v 0.209737 0.885094 0.439407
v 0.168008 0.786527 0.434957
v 0.171610 0.801592 0.436445
v 0.187652 0.835551 0.431524
v 0.145410 0.717967 0.436428
v 0.145410 0.717967 0.436428
v 0.179233 0.789932 0.439290
v 0.149974 0.698368 0.445952
v 0.149974 0.698368 0.445952
v 0.149974 0.698368 0.445952
v 0.166006 0.734864 0.449447
v 0.196371 0.806852 0.445834
v 0.166317 0.764131 0.446968
v 0.165929 0.743869 0.459371
v 0.196655 0.781970 0.454760
v 0.230640 0.860587 0.455916
v 0.167896 0.748606 0.459387
v 0.190977 0.762915 0.461334
v 0.224894 0.806294 0.464251
v 0.246463 0.892795 0.472373
v 0.208753 0.765679 0.472045
v 0.166067 0.706821 0.478598
v 0.166067 0.706821 0.478598
v 0.165704 0.724289 0.471224
v 0.191419 0.743118 0.473032
v 0.248243 0.836095 0.480099
v 0.192022 0.736886 0.484399
v 0.166075 0.711023 0.495081
v 0.199437 0.718115 0.504550
v 0.243475 0.773721 0.509270
v 0.273120 0.835220 0.525063
v 0.261509 0.867859 0.492498
v 0.161801 0.694739 0.490783
v 0.161801 0.694739 0.490783
v 0.217815 0.732771 0.513274
v 0.158098 0.697392 0.511399
v 0.158098 0.697392 0.511399
v 0.175768 0.700027 0.517592
v 0.271368 0.814416 0.533367
v 0.244530 0.750132 0.533769
v 0.196682 0.710859 0.520593
v 0.259784 0.752735 0.566411
v 0.164283 0.688856 0.533285
v 0.151364 0.691685 0.524697
v 0.151364 0.691685 0.524697
v 0.196757 0.698514 0.542025
v 0.172890 0.681710 0.559533
v 0.125695 0.680814 0.540525
v 0.125695 0.680814 0.540525
v 0.229310 0.716301 0.558564
v 0.199915 0.692208 0.562190
v 0.164962 0.674608 0.582409
v 0.100171 0.671284 0.556391
v 0.100171 0.671284 0.556391
v 0.172581 0.683232 0.565782
v 0.192406 0.684244 0.582280
v 0.265278 0.757295 0.579919
v 0.075983 0.665753 0.568342
v 0.075983 0.665753 0.568342
v 0.205910 0.685613 0.590389
v 0.249313 0.724835 0.592422
v 0.188460 0.674914 0.604022
v 0.205156 0.686292 0.594783
v 0.253039 0.703801 0.628827
v 0.209358 0.675978 0.633133
v 0.229908 0.682594 0.633604
v 0.039082 0.795636 0.275973
v 0.039082 0.795636 0.275973
v 0.075043 0.795583 0.308223
v 0.075043 0.795583 0.308223
v 0.071527 0.774527 0.268743
v 0.071527 0.774527 0.268743
v 0.006149 0.792840 0.276102
v 0.006149 0.792840 0.276102
v 0.018551 0.810601 0.292088
v -0.010291 0.798836 0.275952
v -0.010291 0.798836 0.275952
v -0.010291 0.798836 0.275952
v -0.014007 0.821109 0.300654
v -0.002933 0.822096 0.312864
v 0.117077 0.765815 0.349443
v 0.117077 0.765815 0.349443
v 0.095414 0.757973 0.276287
v 0.095414 0.757973 0.276287
v 0.022633 0.836474 0.346260
v -0.005596 0.834733 0.338074
v 0.062731 0.822026 0.349982
v 0.093330 0.798598 0.369676
v 0.005785 0.845086 0.365529
v 0.041854 0.833783 0.371304
v 0.025362 0.839470 0.367302
v 0.066032 0.823275 0.373725
v -0.026646 0.866645 0.366192
v -0.018053 0.896832 0.361370
v 0.047729 0.888642 0.365213
v 0.039208 0.917513 0.363779
v -0.002147 0.921770 0.360335
v 0.026676 0.946030 0.364354
v 0.002031 0.949810 0.363737
v 0.022732 0.855154 0.370531
v 0.068577 0.868308 0.369634
v 0.072510 0.888709 0.369160
v 0.088522 0.901555 0.377654
v 0.079758 0.913500 0.371319
v 0.071968 0.926471 0.373862
v 0.010253 0.963542 0.366063
v 0.083302 0.803801 0.378501
v 0.077438 0.840166 0.384547
v -0.022691 0.855298 0.373573
v 0.096187 0.864128 0.375406
v 0.089131 0.880792 0.377270
v 0.072137 0.934387 0.371816
v 0.051295 0.955532 0.370242
v 0.100083 0.934004 0.381894
v 0.079997 0.979081 0.387034
v 0.031242 0.979676 0.374901
v 0.067131 0.819521 0.374359
v 0.098280 0.888780 0.377559
v 0.109014 0.909574 0.382446
v 0.010375 1.024108 0.395766
v 0.103853 0.783720 0.387295
v 0.097472 0.795550 0.388627
v 0.092951 0.831727 0.393167
v 0.097559 0.840997 0.383529
v 0.055584 1.007998 0.393919
v 0.114123 0.827057 0.401783
v 0.093650 0.836103 0.389123
v 0.107965 0.793640 0.397642
v 0.123444 0.817375 0.409480
v -0.062917 0.782037 0.270158
v -0.062917 0.782037 0.270158
v -0.074932 0.782151 0.279706
v -0.074932 0.782151 0.279706
v -0.058635 0.820580 0.341546
v -0.077750 0.806047 0.333104
v -0.098120 0.761841 0.287862
v -0.098120 0.761841 0.287862
v -0.108589 0.782114 0.370042
v -0.108589 0.782114 0.370042
v -0.039633 0.826881 0.353721
v -0.017754 0.840638 0.359243
v -0.056306 0.823989 0.363829
v -0.077257 0.811875 0.371700
v -0.034370 0.833185 0.360204
v -0.034508 0.838312 0.359975
v -0.029763 0.909882 0.362932
v -0.063373 0.896733 0.370180
v -0.034340 0.942328 0.366927
v -0.126535 0.745505 0.345658
v -0.126535 0.745505 0.345658
v -0.130879 0.753486 0.386485
v -0.130879 0.753486 0.386485
v -0.091349 0.799265 0.375043
v -0.071514 0.833931 0.377333
v -0.056543 0.843045 0.376724
v -0.044467 0.847100 0.372957
v -0.075591 0.867811 0.371238
v -0.038309 0.955106 0.368741
v -0.092558 0.892688 0.376862
v -0.075336 0.918521 0.373139
v -0.092193 0.843317 0.378862
v -0.103926 0.918831 0.384204
v -0.103807 0.786910 0.383372
v -0.089287 0.832698 0.385740
v -0.108957 0.827215 0.389947
v -0.116193 0.774886 0.392204
v -0.112541 0.863789 0.389318
v -0.100712 0.946416 0.386529
v -0.133583 0.880666 0.397368
v -0.129031 0.938298 0.401074
v -0.133185 0.946730 0.402194
v -0.117115 0.797764 0.406613
v -0.128542 0.844063 0.401994
v -0.162279 0.897439 0.410495
v -0.100426 0.991734 0.401801
v -0.120031 0.782991 0.407632
v -0.137844 0.789823 0.409525
v -0.145852 0.921986 0.405973
v -0.126187 0.758279 0.403870
v -0.135887 0.738510 0.414800
v -0.140487 0.730794 0.420017
v -0.140487 0.730794 0.420017
v -0.140487 0.730794 0.420017
v -0.140540 0.809551 0.413914
v -0.148034 0.802067 0.422687
v -0.204161 0.851643 0.439001
v -0.187160 0.880562 0.426546
v -0.144720 0.739644 0.422235
v -0.144720 0.739644 0.422235
v -0.152796 0.767654 0.425668
v -0.179251 0.806672 0.433952
v -0.207694 0.897284 0.440267
v -0.157521 0.715056 0.441542
v -0.157521 0.715056 0.441542
v -0.154219 0.768431 0.438959
v -0.211644 0.954562 0.458144
v -0.161337 0.738503 0.441528
v -0.178835 0.785835 0.444535
v -0.156472 0.758466 0.442188
v -0.162328 0.743577 0.455043
v -0.191670 0.794706 0.447670
v -0.223853 0.819129 0.463982
v -0.233290 0.868114 0.463822
v -0.166443 0.723718 0.470877
v -0.166443 0.723718 0.470877
v -0.240389 0.892601 0.472567
v -0.195538 0.752572 0.472059
v -0.219935 0.797894 0.470266
v -0.251985 0.925247 0.496722
v -0.199690 0.740692 0.489667
v -0.156646 0.708199 0.477863
v -0.156646 0.708199 0.477863
v -0.183890 0.720417 0.487763
v -0.207304 0.738130 0.495950
v -0.262013 0.872134 0.504373
v -0.249871 0.806372 0.504809
v -0.187052 0.718649 0.500452
v -0.239822 0.785798 0.501549
v -0.162642 0.690898 0.519457
v -0.162642 0.690898 0.519457
v -0.226064 0.749000 0.513031
v -0.265087 0.929513 0.525082
v -0.265654 0.839080 0.521336
v -0.179046 0.699690 0.520645
v -0.179046 0.699690 0.520645
v -0.224211 0.728573 0.533598
v -0.273976 0.884458 0.537262
v -0.258022 0.966347 0.541684
v -0.278755 0.847413 0.559441
v -0.159354 0.682009 0.541544
v -0.159354 0.682009 0.541544
v -0.278383 0.880159 0.558747
v -0.274162 0.921454 0.562262
v 0.128097 0.705232 0.333135
v 0.137431 0.721384 0.357975
v 0.141987 0.689394 0.374558
v 0.128750 0.741590 0.345545
v 0.130431 0.640572 0.356657
v 0.142978 0.689375 0.402609
v 0.126900 0.641093 0.385346
v 0.116089 0.649642 0.426435
v 0.116089 0.649642 0.426435
v 0.116116 0.623485 0.372113
v 0.116116 0.623485 0.372113
v 0.142273 0.710022 0.420089
v 0.142273 0.710022 0.420089
v 0.124262 0.671343 0.441309
v 0.124262 0.671343 0.441309
v 0.084973 0.647640 0.447821
v 0.076770 0.624912 0.425738
v 0.104611 0.652656 0.443727
v 0.104611 0.652656 0.443727
v 0.064318 0.633422 0.437689
v 0.064983 0.648813 0.456632
v 0.145262 0.686087 0.449830
v 0.117387 0.654501 0.461522
v 0.128824 0.664595 0.468967
v -0.023521 0.650696 0.456152
v -0.023521 0.650696 0.456152
v -0.023521 0.650696 0.456152
v 0.145935 0.690272 0.478830
v 0.116941 0.655739 0.472754
v 0.088786 0.650178 0.489225
v 0.125016 0.675816 0.489961
v 0.138284 0.683922 0.487254
v 0.022562 0.649899 0.524837
v 0.022562 0.649899 0.524837
v -0.010596 0.646348 0.474732
v -0.010596 0.646348 0.474732
v 0.150497 0.682920 0.499396
v 0.092688 0.662933 0.510903
v 0.002268 0.650271 0.515567
v 0.002268 0.650271 0.515567
v 0.121927 0.668952 0.515732
v 0.141696 0.679604 0.518191
v -0.026934 0.640339 0.525136
v -0.026934 0.640339 0.525136
v 0.096521 0.666466 0.554860
v 0.055662 0.649427 0.552861
v -0.002277 0.642865 0.536061
v -0.002277 0.642865 0.536061
v -0.013860 0.640957 0.552882
v -0.013860 0.640957 0.552882
v 0.035073 0.648814 0.571565
v -0.005400 0.649554 0.571806
v -0.005400 0.649554 0.571806
v 0.166215 0.596958 0.260609
v 0.166215 0.596958 0.260609
v 0.166215 0.596958 0.260609
v 0.158243 0.613220 0.297804
v 0.164056 0.577363 0.277973
v 0.164056 0.577363 0.277973
v 0.134963 0.674946 0.319609
v 0.139086 0.663155 0.327801
v 0.159432 0.564824 0.284087
v 0.159432 0.564824 0.284087
v 0.148848 0.561237 0.308567
v 0.148848 0.561237 0.308567
v 0.161968 0.558522 0.280804
v 0.161968 0.558522 0.280804
v 0.111515 0.543313 0.337848
v 0.111515 0.543313 0.337848
v 0.111515 0.543313 0.337848
v 0.143867 0.525623 0.308601
v 0.143867 0.525623 0.308601
v 0.143867 0.525623 0.308601
v 0.129206 0.529974 0.325811
v 0.129206 0.529974 0.325811
v 0.131825 0.676061 0.353458
v 0.104403 0.523051 0.342935
v 0.104403 0.523051 0.342935
v 0.128853 0.577523 0.342099
v 0.100061 0.531161 0.355024
v 0.120827 0.501364 0.333511
v 0.120827 0.501364 0.333511
v 0.084861 0.495987 0.346311
v 0.084861 0.495987 0.346311
v 0.076866 0.499320 0.355298
v 0.076257 0.494955 0.343568
v 0.076257 0.494955 0.343568
v 0.088005 0.519427 0.361239
v 0.105995 0.555885 0.346532
v 0.101434 0.565841 0.349701
v 0.096262 0.582511 0.362152
v 0.136154 0.672640 0.366619
v 0.062229 0.481622 0.353588
v 0.062229 0.481622 0.353588
v 0.034281 0.461971 0.362349
v 0.034281 0.461971 0.362349
v 0.050302 0.461839 0.351556
v 0.050302 0.461839 0.351556
v 0.042423 0.490410 0.367156
v 0.078919 0.523353 0.366554
v 0.101662 0.595064 0.370974
v -0.017347 0.469325 0.369823
v -0.017347 0.469325 0.369823
v 0.010356 0.445910 0.354628
v 0.010356 0.445910 0.354628
v 0.010356 0.445910 0.354628
v 0.010356 0.445910 0.354628
v 0.006428 0.469198 0.373109
v 0.006428 0.469198 0.373109
v 0.092605 0.596575 0.371128
v 0.018144 0.483390 0.374833
v -0.013909 0.482261 0.375131
v -0.013909 0.482261 0.375131
v 0.038458 0.499516 0.385562
v 0.092848 0.608263 0.388643
v -0.001954 0.490797 0.388637
v -0.001954 0.490797 0.388637
v 0.066935 0.556419 0.388987
v 0.083504 0.607503 0.387552
v 0.002189 0.506385 0.396924
v 0.002189 0.506385 0.396924
v 0.042909 0.585442 0.408145
v 0.026666 0.606372 0.417189
v 0.002141 0.596629 0.416287
v 0.002141 0.596629 0.416287
v 0.006419 0.608577 0.424436
v 0.006419 0.608577 0.424436
v -0.030799 0.624328 0.441872
v -0.030799 0.624328 0.441872
v 0.007688 0.697183 -0.006951
v 0.007688 0.697183 -0.006951
v 0.007688 0.697183 -0.006951
v 0.034409 0.724085 0.054428
v 0.034409 0.724085 0.054428
v 0.034409 0.724085 0.054428
v 0.046573 0.709402 0.029421
v 0.046573 0.709402 0.029421
v 0.046573 0.709402 0.029421
v 0.003159 0.719030 0.041097
v 0.003159 0.719030 0.041097
v 0.003159 0.719030 0.041097
v 0.101481 0.685733 0.049017
v 0.101481 0.685733 0.049017
v 0.018384 0.733410 0.071165
v 0.018384 0.733410 0.071165
v 0.109006 0.679701 0.061043
v 0.109006 0.679701 0.061043
v 0.112494 0.710676 0.112951
v 0.112494 0.710676 0.112951
v 0.008237 0.742865 0.091650
v 0.008237 0.742865 0.091650
v 0.008237 0.742865 0.091650
v 0.038858 0.743517 0.104072
v 0.014992 0.748823 0.111385
v -0.001586 0.742317 0.111578
v -0.001586 0.742317 0.111578
v 0.059318 0.749111 0.137375
v 0.038926 0.744601 0.115770
v 0.141385 0.674061 0.096464
v 0.141385 0.674061 0.096464
v 0.133626 0.711210 0.153362
v 0.133626 0.711210 0.153362
v 0.002247 0.743740 0.131950
v 0.002247 0.743740 0.131950
v 0.007643 0.747564 0.127771
v 0.023703 0.755509 0.149107
v 0.003954 0.747022 0.145736
v 0.003954 0.747022 0.145736
v -0.006824 0.749909 0.141416
v -0.006824 0.749909 0.141416
v -0.000979 0.750424 0.170058
v -0.000979 0.750424 0.170058
v 0.059800 0.751919 0.161350
v 0.165362 0.657904 0.124810
v 0.165362 0.657904 0.124810
v 0.157057 0.681802 0.173559
v 0.157057 0.681802 0.173559
v 0.035424 0.754773 0.185946
v 0.079844 0.744612 0.181783
v 0.121465 0.711669 0.205997
v 0.157738 0.674463 0.197908
v 0.167722 0.641438 0.222518
v 0.167722 0.641438 0.222518
v 0.059751 0.746959 0.201726
v 0.003271 0.745755 0.208114
v 0.003271 0.745755 0.208114
v 0.095339 0.717224 0.227909
v 0.030854 0.748376 0.212029
v 0.108623 0.705012 0.230483
v 0.059318 0.740326 0.215053
v 0.149447 0.645226 0.257315
v 0.115675 0.690625 0.239622
v 0.026717 0.778218 0.262229
v -0.002639 0.779674 0.254532
v -0.002639 0.779674 0.254532
v 0.071732 0.761987 0.265800
v 0.107584 0.728900 0.279951
v 0.128325 0.669900 0.252969
v 0.134234 0.674383 0.282739
v 0.122632 0.717206 0.300111
v 0.115070 0.741645 0.308176
v 0.211059 0.387031 0.259398
v 0.211059 0.387031 0.259398
v 0.230436 0.395130 0.254025
v 0.209477 0.450680 0.251027
v 0.199124 0.478483 0.253916
v 0.194242 0.487562 0.281064
v 0.187964 0.499761 0.279694
v 0.178748 0.464629 0.309830
v 0.164250 0.492527 0.292119
v 0.164250 0.492527 0.292119
v 0.155434 0.418075 0.296986
v 0.151204 0.430913 0.302148
v 0.155015 0.471973 0.299403
v 0.160488 0.442426 0.309389
v 0.144452 0.460201 0.304351
v 0.217361 0.419741 0.234770
v 0.217361 0.419741 0.234770
v 0.217361 0.419741 0.234770
v 0.255252 0.417957 0.259642
v 0.255252 0.417957 0.259642
v 0.230492 0.428464 0.244202
v 0.230492 0.428464 0.244202
v 0.197762 0.439061 0.142829
v 0.197762 0.439061 0.142829
v 0.158634 0.407455 0.194312
v 0.158634 0.407455 0.194312
v 0.203049 0.446196 0.194377
v 0.194582 0.451828 0.232405
v 0.210607 0.457237 0.182735
v 0.204281 0.452446 0.209862
v 0.213820 0.472664 0.206210
v 0.176415 0.419399 0.229637
v 0.176415 0.419399 0.229637
v 0.203456 0.493332 0.229785
v 0.209585 0.500980 0.218266
v 0.155073 0.412395 0.214601
v 0.160631 0.409784 0.253922
v 0.114580 0.399743 0.231677
v 0.168280 0.414980 0.237410
v 0.207351 0.407496 0.229478
v 0.211988 0.413154 0.227652
v 0.213469 0.407448 0.229899
v 0.213469 0.407448 0.229899
v 0.197652 0.420502 0.234286
v 0.183874 0.423587 0.231130
v 0.131166 0.400932 0.256360
v 0.188935 0.407235 0.237754
v 0.188935 0.407235 0.237754
v 0.204427 0.424055 0.241559
v 0.198488 0.412742 0.237684
v 0.196407 0.447174 0.238894
v 0.192293 0.504978 0.248143
v 0.207775 0.406505 0.249072
v 0.207775 0.406505 0.249072
v 0.194142 0.400935 0.257392
v 0.194142 0.400935 0.257392
v 0.177709 0.402653 0.257129
v 0.190726 0.525776 0.255149
v 0.152516 0.407699 0.261889
v 0.187704 0.508281 0.264246
v 0.065060 0.412100 0.252535
v 0.062730 0.409289 0.259990
v 0.054729 0.399066 0.250804
v 0.069137 0.410811 0.257585
v 0.164804 0.404794 0.278685
v 0.120559 0.408841 0.271390
v 0.112096 0.410888 0.263751
v 0.038856 0.394672 0.269265
v 0.038856 0.394672 0.269265
v 0.157547 0.409376 0.280400
v 0.182075 0.542276 0.260044
v 0.105339 0.388209 0.218010
v 0.089811 0.407666 0.263610
v 0.171730 0.504490 0.283747
v 0.162900 0.575775 0.259674
v 0.178267 0.542030 0.272416
v 0.002485 0.413446 0.308369
v 0.002485 0.413446 0.308369
v -0.029990 0.397722 0.268376
v -0.029990 0.397722 0.268376
v 0.034860 0.400561 0.284229
v 0.061456 0.420386 0.292987
v 0.073231 0.430725 0.292370
v 0.128250 0.426668 0.296008
v 0.114509 0.442425 0.308770
v 0.162221 0.509464 0.300465
v 0.162221 0.509464 0.300465
v 0.101773 0.438009 0.308837
v 0.042751 0.429874 0.321519
v 0.138145 0.436663 0.304310
v 0.076880 0.474194 0.333052
v 0.130709 0.436949 0.311477
v 0.146133 0.485066 0.312976
v 0.086434 0.453600 0.324008
v 0.118868 0.452891 0.316105
v 0.137923 0.497108 0.316276
v 0.109343 0.461436 0.326298
v 0.186627 0.393371 0.106235
v 0.167361 0.391496 0.135294
v 0.167361 0.391496 0.135294
v 0.167361 0.391496 0.135294
v 0.119381 0.377825 0.106342
v 0.119381 0.377825 0.106342
v 0.110306 0.402349 0.144124
v 0.105609 0.387666 0.122438
v 0.105609 0.387666 0.122438
v 0.040540 0.333981 0.148650
v 0.031443 0.336535 0.135306
v 0.031443 0.336535 0.135306
v 0.042766 0.335943 0.133095
v 0.042766 0.335943 0.133095
v 0.100887 0.386631 0.126798
v 0.100887 0.386631 0.126798
v 0.119284 0.398936 0.144045
v 0.119284 0.398936 0.144045
v 0.189098 0.420006 0.137065
v 0.002352 0.337787 0.160451
v 0.002352 0.337787 0.160451
v 0.002352 0.337787 0.160451
v 0.002623 0.329625 0.111179
v 0.002623 0.329625 0.111179
v 0.002623 0.329625 0.111179
v 0.020464 0.334511 0.149709
v 0.020464 0.334511 0.149709
v 0.037301 0.341953 0.171729
v 0.138042 0.404739 0.148445
v 0.138042 0.404739 0.148445
v 0.164441 0.399058 0.144732
v 0.083632 0.357834 0.131828
v 0.083632 0.357834 0.131828
v 0.083225 0.367372 0.177052
v 0.067330 0.348868 0.148296
v 0.067330 0.348868 0.148296
v 0.105233 0.395194 0.153863
v 0.155233 0.412155 0.149723
v 0.187399 0.447484 0.145632
v 0.187399 0.447484 0.145632
v 0.175774 0.433100 0.153092
v 0.166410 0.416306 0.153675
v 0.187353 0.444822 0.151004
v 0.187353 0.444822 0.151004
v 0.101480 0.387355 0.182390
v 0.109983 0.385449 0.187180
v 0.165826 0.417635 0.163067
v 0.200858 0.445069 0.166451
v 0.200858 0.445069 0.166451
v 0.040516 0.337675 0.168141
v 0.142468 0.398311 0.178144
v 0.097235 0.386042 0.190737
v 0.055002 0.366423 0.218102
v 0.134419 0.405889 0.210234
v 0.098243 0.384775 0.210642
v 0.085372 0.390695 0.214213
v 0.002624 0.353736 0.209833
v 0.002624 0.353736 0.209833
v 0.030839 0.369978 0.238267
v 0.082111 0.397135 0.226373
v -0.009262 0.374510 0.242617
v -0.009262 0.374510 0.242617
v 0.058698 0.386572 0.242734
v 0.035033 0.382479 0.250004
v -0.017677 0.390343 0.250678
v -0.017677 0.390343 0.250678
v 0.038095 0.394514 0.255154
v 0.104868 0.665206 0.008631
v 0.104868 0.665206 0.008631
v 0.128947 0.666696 0.070448
v 0.149556 0.641253 0.057396
v 0.149556 0.641253 0.057396
v 0.147295 0.640614 0.069662
v 0.163596 0.608316 0.049893
v 0.163596 0.608316 0.049893
v 0.173990 0.587804 0.085530
v 0.176236 0.575921 0.074112
v 0.176236 0.575921 0.074112
v 0.161465 0.615250 0.086896
v 0.196665 0.511711 0.107824
v 0.196665 0.511711 0.107824
v 0.174898 0.504744 0.058202
v 0.174898 0.504744 0.058202
v 0.171113 0.531244 0.094525
v 0.171113 0.531244 0.094525
v 0.169842 0.525832 0.084506
v 0.169842 0.525832 0.084506
v 0.169842 0.525832 0.084506
v 0.169842 0.525832 0.084506
v 0.176362 0.551719 0.073993
v 0.176362 0.551719 0.073993
v 0.175829 0.551652 0.089848
v 0.175829 0.551652 0.089848
v 0.171300 0.583575 0.097986
v 0.170078 0.633712 0.112866
v 0.200039 0.474695 0.071437
v 0.200950 0.488032 0.111498
v 0.200950 0.488032 0.111498
v 0.185671 0.503904 0.075721
v 0.185671 0.503904 0.075721
v 0.165718 0.532574 0.106910
v 0.165718 0.532574 0.106910
v 0.169336 0.560135 0.107466
v 0.185696 0.597095 0.137631
v 0.185269 0.518435 0.124837
v 0.167526 0.534817 0.121729
v 0.167526 0.534817 0.121729
v 0.198613 0.507802 0.118982
v 0.202004 0.475525 0.130797
v 0.170451 0.527373 0.120524
v 0.174747 0.551845 0.137497
v 0.174747 0.551845 0.137497
v 0.194768 0.497702 0.136410
v 0.204617 0.453212 0.139490
v 0.195456 0.524970 0.146262
v 0.185866 0.551460 0.167340
v 0.185866 0.551460 0.167340
v 0.185376 0.621069 0.161522
v 0.195762 0.457272 0.142193
v 0.194982 0.480746 0.140231
v 0.203849 0.445276 0.138056
v 0.196033 0.485487 0.146355
v 0.209469 0.500749 0.166987
v 0.188769 0.457138 0.149489
v 0.203000 0.524671 0.170037
v 0.188554 0.550332 0.191435
v 0.189743 0.592337 0.198197
v 0.189743 0.592337 0.198197
v 0.215792 0.496653 0.194823
v 0.215792 0.496653 0.194823
v 0.188995 0.560038 0.202124
v 0.188995 0.560038 0.202124
v 0.188995 0.560038 0.202124
v 0.190701 0.553605 0.235488
v 0.183848 0.563839 0.214375
v 0.173820 0.571608 0.238339
v -0.143954 0.642380 0.335189
v -0.133587 0.664417 0.361633
v -0.128137 0.696485 0.312476
v -0.127443 0.705233 0.309316
v -0.136772 0.729405 0.360143
v -0.147722 0.701329 0.395044
v -0.141882 0.669143 0.390905
v -0.130177 0.647886 0.368048
v -0.103870 0.620756 0.388756
v -0.103870 0.620756 0.388756
v -0.107519 0.625646 0.409680
v -0.107519 0.625646 0.409680
v -0.139691 0.665538 0.418920
v -0.075086 0.603292 0.396831
v -0.074979 0.615004 0.409095
v -0.042482 0.603111 0.416578
v -0.124687 0.660022 0.443453
v -0.124687 0.660022 0.443453
v -0.124687 0.660022 0.443453
v -0.059154 0.615916 0.417211
v -0.092849 0.652604 0.443487
v -0.092849 0.652604 0.443487
v -0.142088 0.713684 0.428934
v -0.142088 0.713684 0.428934
v -0.067454 0.624788 0.433659
v -0.132585 0.665558 0.439159
v -0.148940 0.711028 0.436246
v -0.138530 0.689873 0.439716
v -0.138530 0.689873 0.439716
v -0.075913 0.652367 0.449204
v -0.075913 0.652367 0.449204
v -0.112316 0.652963 0.461098
v -0.112316 0.652963 0.461098
v -0.153696 0.694812 0.465380
v -0.059804 0.651775 0.453753
v -0.059804 0.651775 0.453753
v -0.060349 0.642151 0.466875
v -0.141001 0.678718 0.469295
v -0.092393 0.645296 0.469595
v -0.100041 0.650376 0.480897
v -0.059743 0.641542 0.489402
v -0.149221 0.697450 0.487253
v -0.120706 0.671782 0.498419
v -0.083532 0.659310 0.511029
v -0.059934 0.650759 0.510976
v -0.046592 0.641623 0.527765
v -0.132841 0.680123 0.527565
v -0.100074 0.665637 0.546867
v -0.034334 0.644812 0.556075
v -0.092937 0.668157 0.557106
v -0.071188 0.662918 0.559804
v -0.083463 0.663913 0.555732
v -0.076070 0.665071 0.561334
v -0.170304 0.580469 0.293405
v -0.170304 0.580469 0.293405
v -0.172610 0.596475 0.266766
v -0.172610 0.596475 0.266766
v -0.128129 0.518050 0.331613
v -0.128129 0.518050 0.331613
v -0.128129 0.518050 0.331613
v -0.115723 0.540077 0.338653
v -0.115723 0.540077 0.338653
v -0.125623 0.539416 0.329349
v -0.125623 0.539416 0.329349
v -0.143235 0.547619 0.305805
v -0.143235 0.547619 0.305805
v -0.130755 0.553335 0.346685
v -0.130755 0.553335 0.346685
v -0.155284 0.554672 0.306391
v -0.155284 0.554672 0.306391
v -0.147992 0.572893 0.334215
v -0.147992 0.572893 0.334215
v -0.147992 0.572893 0.334215
v -0.057933 0.477517 0.350552
v -0.058357 0.490133 0.353063
v -0.058357 0.490133 0.353063
v -0.059021 0.461625 0.338138
v -0.059021 0.461625 0.338138
v -0.105868 0.527227 0.346429
v -0.104431 0.531778 0.359613
v -0.104366 0.497260 0.349088
v -0.104366 0.497260 0.349088
v -0.095462 0.518605 0.354035
v -0.108471 0.548241 0.352990
v -0.029701 0.483152 0.371304
v -0.034007 0.453286 0.350684
v -0.034007 0.453286 0.350684
v -0.077358 0.469655 0.349524
v -0.077358 0.469655 0.349524
v -0.069052 0.494237 0.356120
v -0.069052 0.494237 0.356120
v -0.079821 0.512264 0.354525
v -0.021666 0.437272 0.338768
v -0.021666 0.437272 0.338768
v -0.074351 0.512150 0.363327
v -0.112983 0.569277 0.365239
v -0.058011 0.493845 0.368170
v -0.095361 0.534581 0.369854
v -0.100549 0.565021 0.362894
v -0.087713 0.525991 0.371379
v -0.084001 0.547360 0.374556
v -0.092250 0.590286 0.375340
v -0.030110 0.491491 0.386055
v -0.045774 0.498897 0.385334
v -0.017968 0.502624 0.394848
v -0.054735 0.594141 0.404332
v -0.022082 0.552211 0.406580
v -0.025660 0.703048 0.009749
v -0.025660 0.703048 0.009749
v -0.025660 0.703048 0.009749
v -0.014110 0.732838 0.071176
v -0.006488 0.707362 0.009076
v -0.006488 0.707362 0.009076
v -0.034029 0.736268 0.091788
v -0.083245 0.696785 0.066765
v -0.083245 0.696785 0.066765
v -0.104656 0.707337 0.112881
v -0.104656 0.707337 0.112881
v -0.014309 0.744895 0.111564
v -0.087804 0.732123 0.149062
v -0.034560 0.742721 0.124403
v -0.140622 0.686721 0.137326
v -0.140622 0.686721 0.137326
v -0.123777 0.710728 0.165561
v -0.063320 0.737960 0.148917
v -0.067090 0.743082 0.174186
v -0.164852 0.657735 0.157509
v -0.164852 0.657735 0.157509
v -0.014637 0.753236 0.169735
v -0.137054 0.690635 0.214421
v -0.038548 0.749077 0.181324
v -0.083636 0.734603 0.189531
v -0.005756 0.743236 0.198715
v -0.116094 0.713171 0.198230
v -0.156178 0.665838 0.218785
v -0.156178 0.665838 0.218785
v -0.046573 0.738445 0.201718
v -0.021657 0.742517 0.202786
v -0.066769 0.726006 0.210816
v -0.112793 0.705125 0.221676
v -0.086923 0.715397 0.221417
v -0.070486 0.757668 0.262038
v -0.046393 0.751733 0.229392
v -0.148509 0.661567 0.242829
v -0.095594 0.703263 0.231964
v -0.087089 0.716726 0.229010
v -0.167591 0.604019 0.262004
v -0.167591 0.604019 0.262004
v -0.128132 0.663127 0.261275
v -0.106847 0.719878 0.266744
v -0.042420 0.755158 0.237998
v -0.111995 0.684105 0.243918
v -0.152210 0.635796 0.265713
v -0.042296 0.774161 0.257470
v -0.118255 0.674469 0.253237
v -0.089070 0.746095 0.272162
v -0.123542 0.700344 0.306037
v -0.104083 0.729095 0.283445
v -0.113245 0.717700 0.296762
v -0.109726 0.738096 0.292611
v -0.191349 0.463981 0.282935
v -0.191349 0.463981 0.282935
v -0.155982 0.480308 0.284001
v -0.155982 0.480308 0.284001
v -0.174944 0.485384 0.260015
v -0.174944 0.485384 0.260015
v -0.174944 0.485384 0.260015
v -0.148851 0.415521 0.286881
v -0.143539 0.464701 0.295077
v -0.143539 0.464701 0.295077
v -0.143539 0.464701 0.295077
v -0.169681 0.498077 0.279803
v -0.160720 0.551716 0.288290
v -0.151440 0.424284 0.294628
v -0.125014 0.435240 0.288610
v -0.164933 0.465992 0.291130
v -0.154598 0.470911 0.289304
v -0.116556 0.428446 0.301209
v -0.123630 0.452628 0.316652
v -0.129904 0.444685 0.293396
v -0.153558 0.450171 0.295523
v -0.153558 0.450171 0.295523
v -0.136784 0.477525 0.308619
v -0.136784 0.477525 0.308619
v -0.149144 0.513582 0.303180
v -0.170779 0.546502 0.279861
v -0.103775 0.473458 0.344060
v -0.077115 0.445535 0.329845
v -0.092302 0.469812 0.348523
v -0.061911 0.352505 0.094549
v -0.061911 0.352505 0.094549
v -0.084851 0.386575 0.168537
v -0.088238 0.388016 0.126375
v -0.088238 0.388016 0.126375
v -0.102794 0.375887 0.106778
v -0.102794 0.375887 0.106778
v -0.102794 0.375887 0.106778
v -0.113328 0.392155 0.151783
v -0.113328 0.392155 0.151783
v -0.094291 0.393213 0.138153
v -0.085063 0.391174 0.150731
v -0.033568 0.340826 0.131617
v -0.033568 0.340826 0.131617
v -0.021597 0.343268 0.164568
v -0.093043 0.401300 0.149558
v -0.094805 0.390092 0.156383
v -0.112737 0.387859 0.158691
v -0.084260 0.390928 0.162286
v -0.108944 0.386347 0.177360
v -0.157937 0.417015 0.169783
v -0.157937 0.417015 0.169783
v -0.041566 0.366886 0.205732
v -0.138262 0.406635 0.215144
v -0.092211 0.398798 0.239541
v -0.054845 0.382689 0.213665
v -0.079638 0.389968 0.176672
v -0.067573 0.399209 0.214344
v -0.109410 0.405587 0.235636
v -0.063752 0.399869 0.228195
v -0.053842 0.402047 0.230353
v -0.166468 0.418697 0.216801
v -0.140099 0.407288 0.245040
v -0.041204 0.395758 0.238805
v -0.060478 0.413390 0.267472
v -0.045791 0.398744 0.252329
v -0.118203 0.411554 0.255771
v -0.070096 0.410989 0.276555
v -0.128566 0.412107 0.264555
v -0.122454 0.425347 0.279035
v -0.141195 0.406511 0.276445
v -0.096802 0.410292 0.280720
v -0.178304 0.493607 0.267923
v -0.045722 0.441491 0.329007
v -0.165953 0.572021 0.260506
v -0.169399 0.577967 0.261325
v -0.061955 0.429131 0.296872
v -0.097158 0.421096 0.300720
v -0.060481 0.441983 0.313057
v -0.204668 0.461571 0.110729
v -0.204668 0.461571 0.110729
v -0.201807 0.463294 0.117478
v -0.201450 0.453400 0.130768
v -0.220259 0.371993 0.138459
v -0.220259 0.371993 0.138459
v -0.166704 0.397044 0.122598
v -0.166704 0.397044 0.122598
v -0.166704 0.397044 0.122598
v -0.182813 0.394546 0.133264
v -0.189700 0.476750 0.137212
v -0.189700 0.476750 0.137212
v -0.172735 0.410869 0.130009
v -0.188375 0.464155 0.136203
v -0.195003 0.394541 0.139376
v -0.142367 0.380129 0.106554
v -0.142367 0.380129 0.106554
v -0.166450 0.419284 0.144038
v -0.180816 0.422303 0.130736
v -0.183797 0.434262 0.138924
v -0.188348 0.429570 0.134150
v -0.189208 0.438607 0.130221
v -0.188893 0.447689 0.139716
v -0.193495 0.443950 0.135811
v -0.202271 0.451947 0.143874
v -0.196726 0.448341 0.147512
v -0.196726 0.448341 0.147512
v -0.198592 0.488763 0.143424
v -0.150166 0.413858 0.151318
v -0.150166 0.413858 0.151318
v -0.207136 0.480802 0.158315
v -0.202940 0.460768 0.158105
v -0.207524 0.476888 0.198553
v -0.177885 0.433547 0.198440
v -0.177885 0.433547 0.198440
v -0.177885 0.433547 0.198440
v -0.201402 0.461043 0.205679
v -0.208561 0.513376 0.182135
v -0.196837 0.533535 0.230966
v -0.181646 0.441504 0.210761
v -0.186906 0.467492 0.225014
v -0.186906 0.467492 0.225014
v -0.198473 0.502095 0.221967
v -0.196404 0.423794 0.237189
v -0.186118 0.475798 0.225631
v -0.186118 0.475798 0.225631
v -0.209657 0.444751 0.246225
v -0.193718 0.469616 0.240872
v -0.181407 0.484939 0.239401
v -0.181407 0.484939 0.239401
v -0.179221 0.550420 0.256258
v -0.181625 0.505676 0.267176
v -0.169628 0.566827 0.248003
v -0.122805 0.657162 0.028960
v -0.122805 0.657162 0.028960
v -0.148110 0.632795 0.058816
v -0.148110 0.632795 0.058816
v -0.132139 0.647506 0.048974
v -0.079156 0.681434 0.029303
v -0.079156 0.681434 0.029303
v -0.096657 0.673145 0.036826
v -0.096657 0.673145 0.036826
v -0.098105 0.681929 0.046387
v -0.108142 0.669950 0.028132
v -0.108142 0.669950 0.028132
v -0.111946 0.664983 0.045540
v -0.111946 0.664983 0.045540
v -0.115926 0.673060 0.058427
v -0.170139 0.547591 0.089172
v -0.170139 0.547591 0.089172
v -0.170182 0.563602 0.092556
v -0.170503 0.539294 0.053289
v -0.170503 0.539294 0.053289
v -0.170821 0.583903 0.081987
v -0.170821 0.583903 0.081987
v -0.128233 0.669060 0.087962
v -0.157935 0.620595 0.066328
v -0.157935 0.620595 0.066328
v -0.153432 0.621007 0.087158
v -0.144154 0.645026 0.087510
v -0.161604 0.530744 0.072923
v -0.161604 0.530744 0.072923
v -0.156674 0.533600 0.094277
v -0.157427 0.547327 0.102463
v -0.190750 0.499235 0.099013
v -0.190750 0.499235 0.099013
v -0.170355 0.521455 0.113463
v -0.161406 0.592411 0.095194
v -0.162177 0.653668 0.133181
v -0.163257 0.571519 0.098924
v -0.200521 0.474231 0.094638
v -0.213075 0.460312 0.097430
v -0.184170 0.499484 0.122717
v -0.158917 0.546621 0.112760
v -0.159823 0.559783 0.102313
v -0.170724 0.532780 0.113164
v -0.185614 0.572065 0.141758
v -0.174860 0.629232 0.141342
v -0.183840 0.496516 0.129303
v -0.183457 0.560242 0.137848
v -0.190251 0.546027 0.170801
v -0.202659 0.524871 0.166982
v -0.193165 0.563930 0.182163
v -0.199980 0.536804 0.186196
v -0.181195 0.612675 0.214757
v -0.187910 0.555240 0.202560
v -0.190684 0.579983 0.202385
v -0.180410 0.563129 0.222483
v 0.165735 0.437003 -0.047262
v 0.152033 0.435897 -0.017422
v 0.163839 0.418074 -0.031712
v 0.154589 0.394217 -0.039873
v 0.155256 0.398827 -0.023080
v 0.143612 0.384472 -0.033847
v 0.153729 0.398550 -0.035537
v 0.154624 0.449589 -0.043348
v 0.154251 0.455636 -0.029619
v 0.145191 0.495133 -0.028845
v 0.157644 0.483591 -0.021594
v 0.149632 0.402017 -0.013346
v 0.145539 0.504793 -0.020138
v 0.145539 0.504793 -0.020138
v 0.130296 0.376403 -0.019734
v 0.168469 0.463343 0.000004
v 0.132428 0.558949 -0.061651
v 0.162382 0.538829 0.003987
v 0.143352 0.415639 -0.006153
v 0.150944 0.424724 -0.008559
v 0.129390 0.391254 -0.002693
v 0.141233 0.520031 -0.042162
v 0.153247 0.506681 0.016108
v 0.153247 0.506681 0.016108
v 0.165176 0.429404 0.019493
v 0.046855 0.686090 -0.002867
v 0.133867 0.407288 0.018668
v 0.173585 0.451868 0.016294
v 0.165561 0.519695 0.036792
v 0.034643 0.695001 -0.002461
v 0.150140 0.413643 0.029799
v 0.176341 0.488046 0.041184
v 0.165184 0.518026 0.045335
v 0.165184 0.518026 0.045335
v 0.131269 0.405838 0.026029
v 0.172455 0.452098 0.037156
v 0.112710 0.629450 -0.041280
v 0.165620 0.436380 0.032900
v 0.175102 0.464197 0.041776
v 0.174566 0.392002 0.075843
v 0.187461 0.431246 0.050306
v 0.126592 0.388235 0.046616
v 0.203031 0.446857 0.063749
v 0.176324 0.487958 0.053907
v 0.190830 0.407541 0.067126
v 0.155758 0.378760 0.098937
v 0.188637 0.392496 0.086126
v 0.190643 0.392559 0.099513
v 0.167490 0.383647 0.110382
v 0.103309 0.369626 -0.039011
v 0.122494 0.371548 -0.026922
v 0.102595 0.381084 -0.018882
v 0.083280 0.382338 -0.038797
v 0.126851 0.374495 -0.040632
v 0.078752 0.382758 0.010650
v 0.061749 0.390939 -0.038500
v 0.041040 0.398375 -0.027995
v 0.041040 0.398375 -0.027995
v 0.046861 0.400419 -0.022911
v 0.032995 0.421518 -0.004668
v 0.023724 0.413333 -0.019641
v 0.023724 0.413333 -0.019641
v 0.023724 0.413333 -0.019641
v 0.054539 0.397159 0.008698
v 0.121684 0.383090 -0.008780
v 0.041021 0.408638 -0.000227
v -0.024239 0.417352 -0.009287
v -0.024239 0.417352 -0.009287
v -0.018318 0.389462 -0.003091
v -0.018318 0.389462 -0.003091
v 0.031839 0.414790 0.000715
v 0.031839 0.414790 0.000715
v 0.022212 0.385872 0.004098
v 0.022212 0.385872 0.004098
v 0.048061 0.398454 0.010230
v 0.101549 0.382574 0.018223
v 0.064842 0.392026 0.020208
v 0.006104 0.357231 0.017529
v 0.006104 0.357231 0.017529
v 0.034481 0.353824 0.030260
v 0.072815 0.391679 0.032301
v 0.105423 0.392454 0.032950
v 0.089880 0.390001 0.031092
v 0.066670 0.361689 0.050614
v 0.018025 0.337306 0.050329
v 0.018025 0.337306 0.050329
v 0.078127 0.392390 0.036318
v 0.081561 0.387739 0.049121
v 0.042705 0.337204 0.074499
v 0.102567 0.379676 0.062062
v 0.093279 0.379626 0.075462
v -0.009338 0.329287 0.073924
v -0.009338 0.329287 0.073924
v 0.070981 0.350250 0.082931
v 0.095087 0.378955 0.086299
v 0.027061 0.328060 0.102926
v 0.055047 0.338717 0.094913
v 0.040023 0.331544 0.094714
v 0.070614 0.501168 -0.152788
v 0.070614 0.501168 -0.152788
v 0.071546 0.517896 -0.152873
v 0.071546 0.517896 -0.152873
v 0.091231 0.509592 -0.136607
v 0.091231 0.509592 -0.136607
v 0.091231 0.509592 -0.136607
v 0.065533 0.554134 -0.154217
v 0.065533 0.554134 -0.154217
v 0.078570 0.554098 -0.140690
v 0.078570 0.554098 -0.140690
v 0.062500 0.590938 -0.123817
v 0.062500 0.590938 -0.123817
v 0.084465 0.562273 -0.115929
v 0.110572 0.538343 -0.094716
v 0.099574 0.500755 -0.119818
v 0.109908 0.575397 -0.086176
v 0.105067 0.513406 -0.103886
v 0.105067 0.513406 -0.103886
v 0.107438 0.521811 -0.096196
v 0.115964 0.522014 -0.074507
v 0.115964 0.522014 -0.074507
v 0.082862 0.623623 -0.086131
v 0.082862 0.623623 -0.086131
v 0.017516 0.622090 -0.127963
v 0.017516 0.622090 -0.127963
v 0.034663 0.656831 -0.086442
v 0.034663 0.656831 -0.086442
v 0.115434 0.599876 -0.065790
v 0.002508 0.649151 -0.108180
v 0.002508 0.649151 -0.108180
v 0.002508 0.649151 -0.108180
v 0.018387 0.667092 -0.078521
v 0.018387 0.667092 -0.078521
v 0.125259 0.518739 -0.057176
v 0.125259 0.518739 -0.057176
v 0.131448 0.531539 -0.065571
v 0.067534 0.660811 -0.053990
v 0.128880 0.591637 -0.049458
v 0.128622 0.514318 -0.047312
v 0.128622 0.514318 -0.047312
v 0.133140 0.509738 -0.037126
v 0.133140 0.509738 -0.037126
v 0.002580 0.689709 -0.011954
v 0.002580 0.689709 -0.011954
v -0.000476 0.693439 0.001700
v -0.000476 0.693439 0.001700
v 0.014009 0.462205 -0.202522
v 0.014009 0.462205 -0.202522
v 0.014009 0.462205 -0.202522
v 0.025376 0.467273 -0.187612
v 0.025376 0.467273 -0.187612
v -0.021735 0.455571 -0.175903
v -0.021735 0.455571 -0.175903
v -0.021735 0.455571 -0.175903
v 0.026222 0.461049 -0.168845
v 0.026222 0.461049 -0.168845
v 0.046169 0.469320 -0.175030
v 0.046169 0.469320 -0.175030
v 0.058596 0.478088 -0.153196
v 0.053427 0.478530 -0.177839
v 0.053427 0.478530 -0.177839
v 0.059427 0.493813 -0.178181
v 0.059427 0.493813 -0.178181
v 0.059427 0.493813 -0.178181
v 0.034536 0.463753 -0.153159
v 0.034536 0.463753 -0.153159
v -0.021372 0.459553 -0.164086
v -0.021372 0.459553 -0.164086
v -0.021372 0.459553 -0.164086
v 0.079824 0.476952 -0.146622
v -0.013815 0.450963 -0.155976
v -0.013815 0.450963 -0.155976
v -0.013815 0.450963 -0.155976
v -0.013815 0.450963 -0.155976
v 0.063941 0.451563 -0.136509
v 0.075715 0.465696 -0.143844
v 0.112379 0.400980 -0.137780
v 0.092067 0.464112 -0.127952
v 0.102367 0.369415 -0.120001
v 0.130435 0.352591 -0.139785
v 0.114928 0.439106 -0.122852
v 0.095489 0.389474 -0.119982
v 0.076440 0.452846 -0.124084
v 0.073835 0.445279 -0.118934
v 0.092817 0.414049 -0.114899
v 0.121727 0.462989 -0.129115
v 0.121727 0.462989 -0.129115
v 0.114115 0.448707 -0.130060
v 0.094668 0.444384 -0.126763
v 0.097255 0.492690 -0.119868
v 0.097255 0.492690 -0.119868
v 0.097255 0.492690 -0.119868
v 0.105358 0.430252 -0.118502
v 0.083723 0.403102 -0.098498
v 0.073979 0.415903 -0.108659
v 0.094807 0.426809 -0.114320
v 0.056816 0.437351 -0.109423
v 0.089370 0.373759 -0.092403
v 0.089370 0.373759 -0.092403
v 0.037626 0.416084 -0.075234
v 0.133779 0.491127 -0.107155
v 0.154626 0.455223 -0.103446
v 0.103251 0.353647 -0.100338
v 0.103251 0.353647 -0.100338
v 0.134288 0.498935 -0.095735
v 0.082034 0.390914 -0.086747
v -0.019524 0.415674 -0.074941
v -0.019524 0.415674 -0.074941
v 0.150135 0.482953 -0.087899
v 0.062189 0.392946 -0.082401
v 0.136989 0.496956 -0.072454
v 0.105054 0.351132 -0.085052
v 0.081698 0.386851 -0.078908
v 0.081698 0.386851 -0.078908
v 0.040314 0.399369 -0.066364
v 0.162005 0.435741 -0.068242
v 0.144509 0.481897 -0.059830
v 0.049146 0.388854 -0.047446
v 0.049146 0.388854 -0.047446
v 0.028715 0.411048 -0.058412
v 0.028715 0.411048 -0.058412
v 0.120744 0.345953 -0.069678
v 0.099970 0.370732 -0.059994
v 0.077920 0.388936 -0.063602
v 0.110379 0.370756 -0.046121
v 0.167498 0.413744 -0.048302
v 0.064906 0.391355 -0.047409
v 0.151438 0.475511 -0.042265
v -0.024050 0.410139 -0.019371
v -0.024050 0.410139 -0.019371
v 0.141570 0.329872 -0.132493
v 0.141570 0.329872 -0.132493
v 0.137208 0.327479 -0.097677
v 0.148920 0.329096 -0.082020
v 0.179486 0.352674 -0.066049
v 0.160175 0.342159 -0.062950
v 0.179091 0.400344 -0.051162
v 0.150897 0.444555 -0.372843
v 0.150897 0.444555 -0.372843
v 0.221069 0.538707 -0.485863
v 0.221069 0.538707 -0.485863
v 0.221069 0.538707 -0.485863
v 0.173844 0.523208 -0.380308
v 0.173844 0.523208 -0.380308
v 0.166128 0.435579 -0.439907
v 0.166128 0.435579 -0.439907
v 0.207833 0.466302 -0.510395
v 0.207833 0.466302 -0.510395
v 0.198773 0.546994 -0.443614
v 0.198773 0.546994 -0.443614
v 0.212591 0.560902 -0.456962
v 0.212591 0.560902 -0.456962
v 0.212591 0.560902 -0.456962
v 0.199932 0.588726 -0.419513
v 0.199932 0.588726 -0.419513
v 0.190726 0.552874 -0.410882
v 0.184423 0.543888 -0.415479
v 0.186185 0.563966 -0.392133
v 0.173751 0.535380 -0.394137
v 0.178864 0.703078 -0.472865
v 0.178864 0.703078 -0.472865
v 0.141093 0.694637 -0.393484
v 0.141093 0.694637 -0.393484
v 0.189264 0.670391 -0.444294
v 0.189264 0.670391 -0.444294
v 0.177074 0.629407 -0.393501
v 0.112740 0.749941 -0.440086
v 0.112740 0.749941 -0.440086
v 0.087884 0.744665 -0.401209
v 0.008275 0.789471 -0.421787
v 0.008275 0.789471 -0.421787
v 0.071179 0.760473 -0.396687
v 0.067378 0.759678 -0.405292
v 0.067378 0.759678 -0.405292
v 0.165124 0.657736 -0.388534
v 0.002003 0.792556 -0.402161
v 0.002003 0.792556 -0.402161
v -0.001608 0.793136 -0.408991
v -0.001608 0.793136 -0.408991
v -0.001608 0.793136 -0.408991
v 0.178234 0.549225 -0.388632
v 0.117199 0.724566 -0.391441
v 0.189253 0.560604 -0.383885
v 0.185243 0.613038 -0.383513
v 0.154953 0.682364 -0.380134
v 0.171748 0.653706 -0.379868
v 0.087830 0.733198 -0.352833
v 0.022568 0.767440 -0.361435
v 0.166838 0.531036 -0.368855
v 0.180373 0.545160 -0.372533
v 0.174531 0.588598 -0.348915
v 0.179977 0.629531 -0.373119
v 0.177991 0.556011 -0.357362
v 0.160853 0.649794 -0.348855
v 0.116234 0.698527 -0.336406
v 0.140642 0.662070 -0.329174
v 0.166667 0.531707 -0.360486
v 0.165504 0.621421 -0.341168
v -0.005912 0.758201 -0.342954
v -0.005912 0.758201 -0.342954
v 0.157349 0.531879 -0.332993
v 0.066375 0.711605 -0.303756
v 0.026520 0.727376 -0.303762
v 0.145136 0.596767 -0.308259
v 0.136800 0.567577 -0.298701
v 0.127693 0.641789 -0.304033
v 0.095978 0.695844 -0.310970
v 0.132277 0.528009 -0.310901
v 0.087842 0.674788 -0.289247
v 0.119459 0.615559 -0.289756
v -0.022297 0.716551 -0.287196
v -0.022297 0.716551 -0.287196
v 0.126887 0.531636 -0.286062
v 0.096795 0.649635 -0.286706
v 0.118025 0.596235 -0.257292
v -0.002354 0.694017 -0.271585
v -0.002354 0.694017 -0.271585
v 0.079365 0.666399 -0.283202
v 0.050872 0.681421 -0.273670
v 0.116038 0.551996 -0.253059
v 0.110518 0.624439 -0.265355
v 0.026330 0.691873 -0.274369
v 0.059889 0.673167 -0.260780
v 0.067045 0.640768 -0.223401
v -0.026122 0.685484 -0.253133
v -0.026122 0.685484 -0.253133
v 0.022505 0.673367 -0.231830
v 0.055897 0.574852 -0.168742
v -0.001589 0.659016 -0.207728
v -0.001589 0.659016 -0.207728
v 0.087144 0.555727 -0.207603
v 0.042429 0.652715 -0.213331
v 0.056920 0.514475 -0.183769
v 0.056920 0.514475 -0.183769
v 0.061615 0.555303 -0.177198
v 0.041970 0.594890 -0.165259
v 0.022345 0.624957 -0.174495
v -0.005916 0.622609 -0.166942
v -0.005916 0.622609 -0.166942
v -0.005916 0.622609 -0.166942
v 0.017746 0.615706 -0.168889
v 0.002436 0.612271 -0.157250
v 0.002436 0.612271 -0.157250
v 0.002436 0.612271 -0.157250
v 0.033606 0.600545 -0.146045
v 0.014502 0.610579 -0.145096
v 0.002579 0.610281 -0.150946
v 0.002579 0.610281 -0.150946
v -0.000763 0.632772 -0.125299
v -0.000763 0.632772 -0.125299
v 0.006198 0.271727 -0.464654
v 0.006198 0.271727 -0.464654
v 0.006198 0.271727 -0.464654
v 0.026679 0.299144 -0.407152
v 0.026679 0.299144 -0.407152
v -0.009894 0.299978 -0.399004
v -0.009894 0.299978 -0.399004
v -0.009894 0.299978 -0.399004
v 0.055248 0.317022 -0.390884
v 0.055248 0.317022 -0.390884
v 0.096228 0.296740 -0.476836
v 0.096228 0.296740 -0.476836
v 0.092064 0.316716 -0.423708
v 0.092064 0.316716 -0.423708
v 0.151042 0.423873 -0.410492
v 0.151042 0.423873 -0.410492
v 0.125664 0.344221 -0.428026
v 0.125664 0.344221 -0.428026
v 0.155854 0.385941 -0.436108
v 0.155854 0.385941 -0.436108
v 0.128407 0.398775 -0.381543
v 0.059506 0.283302 -0.464826
v 0.059506 0.283302 -0.464826
v 0.071488 0.328890 -0.386886
v 0.010614 0.331980 -0.360871
v 0.010614 0.331980 -0.360871
v 0.093856 0.358013 -0.378174
v 0.034979 0.333760 -0.365113
v 0.148807 0.464728 -0.349136
v 0.112507 0.386061 -0.356642
v 0.167705 0.518621 -0.365694
v 0.167705 0.518621 -0.365694
v 0.158499 0.524449 -0.349114
v 0.038886 0.334232 -0.351443
v -0.026162 0.332860 -0.350257
v -0.026162 0.332860 -0.350257
v 0.067125 0.345875 -0.352101
v 0.128856 0.436009 -0.332228
v 0.139891 0.515350 -0.336223
v 0.139891 0.515350 -0.336223
v 0.086841 0.362830 -0.348430
v -0.001833 0.330487 -0.335064
v -0.001833 0.330487 -0.335064
v 0.030368 0.343852 -0.315719
v 0.083296 0.403237 -0.295246
v 0.119009 0.464374 -0.303607
v 0.046619 0.362585 -0.303799
v 0.120956 0.501428 -0.306817
v 0.125387 0.510016 -0.315069
v 0.125387 0.510016 -0.315069
v 0.002046 0.335246 -0.319496
v 0.002046 0.335246 -0.319496
v 0.105657 0.427700 -0.303390
v -0.002049 0.349455 -0.299247
v -0.002049 0.349455 -0.299247
v 0.113416 0.494967 -0.293776
v 0.113416 0.494967 -0.293776
v 0.018252 0.366144 -0.289020
v -0.014134 0.390746 -0.268337
v -0.014134 0.390746 -0.268337
v 0.094715 0.474471 -0.277519
v 0.101307 0.482272 -0.273128
v 0.101307 0.482272 -0.273128
v 0.055187 0.407359 -0.273004
v 0.065736 0.447345 -0.260930
v 0.050928 0.437392 -0.259051
v -0.005852 0.424058 -0.255800
v -0.005852 0.424058 -0.255800
v 0.034653 0.437115 -0.240391
v 0.062806 0.459213 -0.232381
v 0.080053 0.477724 -0.236388
v 0.080053 0.477724 -0.236388
v -0.013659 0.450080 -0.212317
v -0.013659 0.450080 -0.212317
v 0.044760 0.483529 -0.194081
v 0.041721 0.478627 -0.186559
v 0.232065 0.546200 -0.754279
v 0.225416 0.583693 -0.736701
v 0.250310 0.534071 -0.700522
v 0.237082 0.575494 -0.720591
v 0.225992 0.641301 -0.683614
v 0.237298 0.629166 -0.650729
v 0.252479 0.510590 -0.684708
v 0.252479 0.510590 -0.684708
v 0.251432 0.555573 -0.584997
v 0.251432 0.555573 -0.584997
v 0.241848 0.493840 -0.685188
v 0.248764 0.588156 -0.630268
v 0.241105 0.514621 -0.639708
v 0.239037 0.629254 -0.613812
v 0.218070 0.665818 -0.658854
v 0.225523 0.661958 -0.613623
v 0.240993 0.505688 -0.585040
v 0.244809 0.476786 -0.647606
v 0.239761 0.522716 -0.614103
v 0.231883 0.468441 -0.615356
v 0.222578 0.470449 -0.560148
v 0.211259 0.686085 -0.571957
v 0.178638 0.725303 -0.588189
v 0.230070 0.489736 -0.543801
v 0.237722 0.539932 -0.568789
v 0.233331 0.627550 -0.551902
v 0.232944 0.548122 -0.544260
v 0.243752 0.553053 -0.556666
v 0.243752 0.553053 -0.556666
v 0.174902 0.728165 -0.576348
v 0.194827 0.703026 -0.564103
v 0.214297 0.465803 -0.547803
v 0.219603 0.451111 -0.556875
v 0.189187 0.715536 -0.543185
v 0.212787 0.678849 -0.538771
v 0.233609 0.561399 -0.526958
v 0.233609 0.561399 -0.526958
v 0.193373 0.426937 -0.510624
v 0.205799 0.455617 -0.532242
v 0.234730 0.596613 -0.514278
v 0.224588 0.551552 -0.506548
v 0.193035 0.452725 -0.510443
v 0.166108 0.739936 -0.539098
v 0.233514 0.569079 -0.502170
v 0.233514 0.569079 -0.502170
v 0.219482 0.650003 -0.502099
v 0.203969 0.682647 -0.502107
v 0.190486 0.422124 -0.498053
v 0.182949 0.394043 -0.508493
v 0.129299 0.763510 -0.506224
v 0.185472 0.448648 -0.485348
v 0.205467 0.552507 -0.460391
v 0.071595 0.776578 -0.444256
v -0.005629 0.628271 -0.874823
v -0.005629 0.628271 -0.874823
v 0.010455 0.640825 -0.869210
v 0.030940 0.624667 -0.871986
v -0.018076 0.640566 -0.867386
v -0.018076 0.640566 -0.867386
v 0.121641 0.615714 -0.851665
v 0.093030 0.603873 -0.866857
v 0.063928 0.656830 -0.837298
v -0.006389 0.673351 -0.830121
v -0.006389 0.673351 -0.830121
v 0.158102 0.602498 -0.836023
v 0.158879 0.579094 -0.852195
v 0.014725 0.678636 -0.823791
v 0.084544 0.669990 -0.812534
v 0.179234 0.615660 -0.795612
v 0.187390 0.574976 -0.828276
v 0.146146 0.678051 -0.750796
v 0.007172 0.696559 -0.798929
v 0.191970 0.633478 -0.748882
v 0.100909 0.702360 -0.756760
v 0.046946 0.715316 -0.760751
v 0.212687 0.550150 -0.803854
v -0.034825 0.715350 -0.761490
v -0.034825 0.715350 -0.761490
v -0.001844 0.719211 -0.756645
v 0.098047 0.711659 -0.752680
v 0.007685 0.727952 -0.753266
v 0.007685 0.727952 -0.753266
v 0.072492 0.731781 -0.736831
v 0.186763 0.657763 -0.739427
v 0.204386 0.638182 -0.736350
v 0.129717 0.723461 -0.708571
v 0.105119 0.730355 -0.720386
v 0.014888 0.773560 -0.670321
v 0.001806 0.764808 -0.680940
v 0.208957 0.653443 -0.712312
v 0.166793 0.702835 -0.699807
v 0.055708 0.771260 -0.662184
v -0.006617 0.778633 -0.661900
v -0.006617 0.778633 -0.661900
v 0.170615 0.718987 -0.650285
v 0.100766 0.778964 -0.599908
v -0.006831 0.795125 -0.624899
v -0.006831 0.795125 -0.624899
v -0.006831 0.795125 -0.624899
v 0.051468 0.795838 -0.600243
v 0.153646 0.747902 -0.592354
v 0.007212 0.801157 -0.604177
v 0.007212 0.801157 -0.604177
v 0.072068 0.797894 -0.550950
v 0.129495 0.770555 -0.567641
v 0.007454 0.810195 -0.546973
v 0.007454 0.810195 -0.546973
v 0.092226 0.787672 -0.514242
v -0.006195 0.805631 -0.584071
v -0.006195 0.805631 -0.584071
v 0.034991 0.806822 -0.518122
v -0.006261 0.809206 -0.505648
v -0.006261 0.809206 -0.505648
v 0.043117 0.799026 -0.477127
v 0.010644 0.800839 -0.464736
v 0.006624 0.788141 -0.425915
v 0.006624 0.788141 -0.425915
v 0.178605 0.295499 -0.672506
v 0.197544 0.336895 -0.622356
v 0.197544 0.336895 -0.622356
v 0.183141 0.320558 -0.614480
v 0.183141 0.320558 -0.614480
v 0.220603 0.381872 -0.634059
v 0.229193 0.398155 -0.626042
v 0.229193 0.398155 -0.626042
v 0.113142 0.258645 -0.623487
v 0.158285 0.289749 -0.623266
v 0.146158 0.295404 -0.598043
v 0.146158 0.295404 -0.598043
v 0.218022 0.369385 -0.606043
v 0.218022 0.369385 -0.606043
v 0.182864 0.320791 -0.593388
v 0.235598 0.435051 -0.630682
v 0.096793 0.270494 -0.589334
v 0.096793 0.270494 -0.589334
v 0.205260 0.402014 -0.536123
v 0.117350 0.278083 -0.584182
v 0.187377 0.349167 -0.544349
v 0.158430 0.304328 -0.577136
v 0.039256 0.254042 -0.579828
v 0.039256 0.254042 -0.579828
v 0.076148 0.261156 -0.576106
v 0.043148 0.252814 -0.568122
v 0.154299 0.328551 -0.519813
v 0.138085 0.312493 -0.523320
v 0.075968 0.280590 -0.515197
v 0.039226 0.279854 -0.492911
v 0.039226 0.279854 -0.492911
v 0.002067 0.250865 -0.543937
v 0.002067 0.250865 -0.543937
v 0.162153 0.357061 -0.506714
v 0.125065 0.319361 -0.501369
v -0.038471 0.262242 -0.523475
v -0.038471 0.262242 -0.523475
v 0.067268 0.288470 -0.497094
v 0.092777 0.299719 -0.501906
v 0.153281 0.341597 -0.492630
v 0.125186 0.314691 -0.491780
v 0.179378 0.386127 -0.497156
v 0.154122 0.345148 -0.481428
v -0.001848 0.269748 -0.483278
v -0.001848 0.269748 -0.483278
v -0.033302 0.280281 -0.492351
v -0.033302 0.280281 -0.492351
v 0.075850 0.286154 -0.484054
v -0.017999 0.272539 -0.464549
v -0.017999 0.272539 -0.464549
v 0.047151 0.475297 -0.961161
v 0.092450 0.528851 -0.922614
v 0.105183 0.460110 -0.939755
v 0.030885 0.553701 -0.930044
v 0.007595 0.578487 -0.918506
v 0.007595 0.578487 -0.918506
v -0.006287 0.549609 -0.935196
v -0.006287 0.549609 -0.935196
v 0.125232 0.520699 -0.906593
v 0.113276 0.446791 -0.931467
v 0.141483 0.438296 -0.910785
v 0.141067 0.412416 -0.931635
v 0.084159 0.565922 -0.904989
v 0.047272 0.586383 -0.905036
v 0.165873 0.430071 -0.890359
v 0.166468 0.459125 -0.894133
v 0.179787 0.435807 -0.882501
v 0.138108 0.570647 -0.863475
v 0.183903 0.376099 -0.890640
v 0.210760 0.427911 -0.837111
v -0.038502 0.623839 -0.871944
v -0.038502 0.623839 -0.871944
v 0.202917 0.471494 -0.852763
v 0.175085 0.533504 -0.856228
v 0.174601 0.349690 -0.891852
v 0.202599 0.384977 -0.858022
v 0.186718 0.358101 -0.867557
v 0.186718 0.358101 -0.867557
v 0.186485 0.356844 -0.858151
v 0.176799 0.348275 -0.870298
v 0.176799 0.348275 -0.870298
v 0.195565 0.364809 -0.841987
v 0.187482 0.546042 -0.846046
v 0.220474 0.390362 -0.804836
v 0.220474 0.390362 -0.804836
v 0.220474 0.390362 -0.804836
v 0.223418 0.436089 -0.808993
v 0.205085 0.517211 -0.836545
v 0.203361 0.374346 -0.825688
v 0.214127 0.405391 -0.833368
v 0.217025 0.426642 -0.812183
v 0.204091 0.347912 -0.812531
v 0.183391 0.323081 -0.828539
v 0.215995 0.480209 -0.828452
v 0.196694 0.327974 -0.812761
v 0.227210 0.417664 -0.799821
v 0.227210 0.417664 -0.799821
v 0.236609 0.480206 -0.775036
v 0.211309 0.364197 -0.788354
v 0.211435 0.382327 -0.784487
v 0.223581 0.434830 -0.794743
v 0.226984 0.399320 -0.768011
v 0.226984 0.399320 -0.768011
v 0.236588 0.430575 -0.758925
v 0.236588 0.430575 -0.758925
v 0.234613 0.453001 -0.776013
v 0.187465 0.307547 -0.796724
v 0.201984 0.336134 -0.759901
v 0.230627 0.442617 -0.773109
v 0.215038 0.391042 -0.764242
v 0.242736 0.473019 -0.747020
v 0.233914 0.451682 -0.756708
v 0.209426 0.365126 -0.737093
v 0.218913 0.398716 -0.734050
v 0.224377 0.405703 -0.717792
v 0.224377 0.405703 -0.717792
v 0.149602 0.262509 -0.751797
v 0.184177 0.311062 -0.730250
v 0.232809 0.456384 -0.751557
v 0.236052 0.468677 -0.725323
v 0.158021 0.283005 -0.728584
v 0.219536 0.373059 -0.725217
v 0.212693 0.352795 -0.724960
v 0.243840 0.452335 -0.668312
v 0.244888 0.455879 -0.684397
v 0.166532 0.281307 -0.712480
v 0.195952 0.315791 -0.701242
v 0.243868 0.480830 -0.693264
v 0.243868 0.480830 -0.693264
v 0.250396 0.485695 -0.702182
v 0.141283 0.258827 -0.684928
v 0.229079 0.432057 -0.664447
v 0.229079 0.432057 -0.664447
v 0.236618 0.455804 -0.644801
v -0.005868 0.210042 -0.887800
v -0.005868 0.210042 -0.887800
v 0.035133 0.207860 -0.821068
v -0.034439 0.204303 -0.805438
v -0.034439 0.204303 -0.805438
v 0.034492 0.213210 -0.858571
v 0.071907 0.219122 -0.825104
v 0.104900 0.243409 -0.845437
v 0.133271 0.255103 -0.825536
v 0.103461 0.234250 -0.812879
v 0.153420 0.277980 -0.821457
v 0.136991 0.258409 -0.817181
v 0.002709 0.200779 -0.791127
v 0.002709 0.200779 -0.791127
v 0.080469 0.220919 -0.803702
v 0.039180 0.207990 -0.799815
v 0.100947 0.224654 -0.799727
v 0.147242 0.258248 -0.796649
v 0.072081 0.211309 -0.795386
v 0.100432 0.222392 -0.788467
v 0.035125 0.199205 -0.787640
v 0.010980 0.197053 -0.787185
v 0.010980 0.197053 -0.787185
v 0.059504 0.204150 -0.780164
v 0.088176 0.221314 -0.743928
v 0.125073 0.240679 -0.759927
v 0.034915 0.200363 -0.751895
v -0.009923 0.198883 -0.743976
v -0.009923 0.198883 -0.743976
v 0.058674 0.221949 -0.718367
v 0.010573 0.213786 -0.708484
v 0.010573 0.213786 -0.708484
v 0.121115 0.252901 -0.722197
v 0.125814 0.250002 -0.712183
v 0.043472 0.212914 -0.700476
v -0.014192 0.208213 -0.696433
v -0.014192 0.208213 -0.696433
v 0.088233 0.226313 -0.692992
v 0.026899 0.210483 -0.688994
v 0.063823 0.219036 -0.681087
v -0.026369 0.209639 -0.685008
v -0.026369 0.209639 -0.685008
v 0.030940 0.219164 -0.652428
v -0.014223 0.216406 -0.652338
v -0.014223 0.216406 -0.652338
v 0.084329 0.233920 -0.652373
v -0.030435 0.232739 -0.615394
v -0.030435 0.232739 -0.615394
v -0.013889 0.253060 -0.580362
v -0.013889 0.253060 -0.580362
v -0.013889 0.253060 -0.580362
v 0.002327 0.247615 -0.571090
v 0.002327 0.247615 -0.571090
v -0.018125 0.376386 -1.000000
v -0.018125 0.376386 -1.000000
v 0.002151 0.408105 -0.995205
v 0.002151 0.408105 -0.995205
v 0.026861 0.368368 -0.998049
v 0.034946 0.408133 -0.990306
v -0.018065 0.344835 -0.992409
v -0.018065 0.344835 -0.992409
v 0.026922 0.336524 -0.989121
v 0.063443 0.368173 -0.988686
v 0.047159 0.388176 -0.993115
v 0.092102 0.356859 -0.971900
v 0.030391 0.442038 -0.971571
v 0.018255 0.312245 -0.977162
v 0.055138 0.340714 -0.983470
v 0.100369 0.376279 -0.970865
v -0.018025 0.415933 -0.990313
v -0.018025 0.415933 -0.990313
v -0.017531 0.332385 -0.982442
v -0.017531 0.332385 -0.982442
v 0.046708 0.317493 -0.969611
v 0.088300 0.416380 -0.967429
v -0.017292 0.311360 -0.976188
v -0.017292 0.311360 -0.976188
v -0.018028 0.436619 -0.974066
v -0.018028 0.436619 -0.974066
v 0.091299 0.341975 -0.961474
v 0.010709 0.454392 -0.974659
v 0.006424 0.305842 -0.969460
v 0.006424 0.305842 -0.969460
v -0.009225 0.303692 -0.964931
v -0.009225 0.303692 -0.964931
v -0.009225 0.303692 -0.964931
v 0.120964 0.408386 -0.951073
v -0.029875 0.445686 -0.965111
v -0.029875 0.445686 -0.965111
v 0.038482 0.307253 -0.962485
v 0.038482 0.307253 -0.962485
v 0.120485 0.368666 -0.956269
v 0.010659 0.487325 -0.965093
v 0.010659 0.487325 -0.965093
v -0.017776 0.286226 -0.957978
v -0.017776 0.286226 -0.957978
v 0.054721 0.286488 -0.947298
v 0.077367 0.327928 -0.952670
v 0.077367 0.327928 -0.952670
v 0.010077 0.250954 -0.936125
v 0.158969 0.342110 -0.904252
v -0.008012 0.235915 -0.927370
v 0.104098 0.298349 -0.921918
v 0.155423 0.376681 -0.923974
v 0.112834 0.332065 -0.927830
v 0.112834 0.332065 -0.927830
v -0.009411 0.232809 -0.919578
v -0.009411 0.232809 -0.919578
v -0.005030 0.227772 -0.936671
v 0.006243 0.233188 -0.936620
v -0.001663 0.223188 -0.936934
v 0.009504 0.231600 -0.930323
v 0.047070 0.246570 -0.915423
v 0.001376 0.222744 -0.931022
v 0.104504 0.274453 -0.904633
v 0.113294 0.306939 -0.914000
v -0.004944 0.228294 -0.927047
v 0.008640 0.233016 -0.921947
v -0.001879 0.228996 -0.914664
v 0.009679 0.217190 -0.898778
v 0.166524 0.360327 -0.910793
v -0.006592 0.218667 -0.909431
v -0.006592 0.218667 -0.909431
v 0.146682 0.336162 -0.902833
v 0.146682 0.336162 -0.902833
v 0.117967 0.286569 -0.898821
v 0.151046 0.311474 -0.886808
v 0.162547 0.339993 -0.886613
v 0.162547 0.339993 -0.886613
v 0.109391 0.262023 -0.883259
v 0.112332 0.261360 -0.871015
v 0.092093 0.240597 -0.866641
v 0.129084 0.274693 -0.874570
v -0.028230 0.599158 -0.161293
v -0.028230 0.599158 -0.161293
v -0.040266 0.586067 -0.137817
v -0.040266 0.586067 -0.137817
v -0.024835 0.601079 -0.142060
v -0.035709 0.434078 -0.128066
v -0.051003 0.450188 -0.147806
v -0.051003 0.450188 -0.147806
v -0.021641 0.450296 -0.149825
v -0.021641 0.450296 -0.149825
v -0.025252 0.616554 -0.123584
v -0.055915 0.429658 -0.114851
v -0.084905 0.448343 -0.121540
v -0.084905 0.448343 -0.121540
v -0.050154 0.632247 -0.102527
v -0.083025 0.418806 -0.108665
v -0.083025 0.418806 -0.108665
v -0.083025 0.418806 -0.108665
v -0.092175 0.529788 -0.132171
v -0.092175 0.529788 -0.132171
v -0.092175 0.529788 -0.132171
v -0.104175 0.546973 -0.098728
v -0.086482 0.553367 -0.123838
v -0.086482 0.553367 -0.123838
v -0.075004 0.608194 -0.103160
v -0.098798 0.436325 -0.129681
v -0.098798 0.436325 -0.129681
v -0.103784 0.503951 -0.111521
v -0.103784 0.503951 -0.111521
v -0.140325 0.492510 -0.096043
v -0.140325 0.492510 -0.096043
v -0.117172 0.495642 -0.113128
v -0.117172 0.495642 -0.113128
v -0.133187 0.503162 -0.095771
v -0.036283 0.414793 -0.090843
v -0.107250 0.516404 -0.099571
v -0.033943 0.660542 -0.082072
v -0.113508 0.526470 -0.082223
v -0.116729 0.591528 -0.069943
v -0.091731 0.628951 -0.069992
v -0.058370 0.658832 -0.066073
v -0.123217 0.567248 -0.073434
v -0.136795 0.478486 -0.099689
v -0.136795 0.478486 -0.099689
v -0.151025 0.499031 -0.063184
v -0.137375 0.530953 -0.057379
v -0.026132 0.676885 -0.053936
v -0.157456 0.476444 -0.062004
v -0.129879 0.517909 -0.057512
v -0.137187 0.591691 -0.028921
v -0.119493 0.624690 -0.030921
v -0.136298 0.514725 -0.050706
v -0.143357 0.542466 -0.045324
v -0.147894 0.495340 -0.034044
v -0.022277 0.690902 -0.013082
v -0.147126 0.509883 -0.024764
v -0.155033 0.522485 -0.020713
v -0.160222 0.515089 0.003515
v -0.160656 0.575429 0.024900
v -0.029778 0.691385 0.005082
v -0.164240 0.439772 -0.003678
v -0.167764 0.471515 -0.004425
v -0.164928 0.463909 -0.011593
v -0.152543 0.505998 -0.005073
v -0.167105 0.439420 0.010741
v -0.161222 0.483951 0.012428
v -0.157909 0.415962 0.015390
v -0.156744 0.505248 0.016826
v -0.157872 0.432259 0.028347
v -0.165198 0.457647 0.020712
v -0.183125 0.487610 0.042114
v -0.160975 0.514058 0.033350
v -0.152601 0.420981 0.032272
v -0.177804 0.464429 0.030179
v -0.133375 0.404366 0.035972
v -0.141065 0.408094 0.030576
v -0.170578 0.440310 0.033668
v -0.162648 0.407927 0.047781
v -0.178184 0.443213 0.051546
v -0.177548 0.507376 0.055351
v -0.186091 0.466264 0.063539
v -0.184897 0.414863 0.056479
v -0.198956 0.442946 0.060298
v -0.189967 0.488007 0.077247
v -0.163224 0.525452 0.061146
v -0.176568 0.396206 0.071819
v -0.206027 0.406582 0.059541
v -0.201551 0.395948 0.063207
v -0.204770 0.434357 0.072155
v -0.101574 0.383380 0.054204
v -0.146731 0.380727 0.086828
v -0.194040 0.387241 0.078715
v -0.213285 0.418039 0.064590
v -0.199730 0.458974 0.067537
v -0.212781 0.444328 0.075613
v -0.168072 0.388203 0.087276
v -0.213968 0.373445 0.084750
v -0.207233 0.365022 0.103583
v -0.175002 0.379766 0.106871
v -0.165343 0.386824 0.102647
v -0.088486 0.382461 0.110703
v -0.060048 0.400864 -0.089749
v -0.108171 0.365225 -0.132277
v -0.108171 0.365225 -0.132277
v -0.085359 0.397387 -0.115824
v -0.085359 0.397387 -0.115824
v -0.080601 0.382378 -0.088412
v -0.078109 0.412310 -0.104762
v -0.104038 0.349697 -0.088878
v -0.075690 0.399077 -0.087206
v -0.073255 0.408852 -0.094657
v -0.128390 0.333198 -0.089608
v -0.052535 0.391652 -0.070514
v -0.163953 0.328618 -0.082172
v -0.079225 0.389411 -0.063586
v -0.154508 0.461613 -0.096280
v -0.154508 0.461613 -0.096280
v -0.152712 0.466040 -0.071054
v -0.174030 0.428384 -0.073400
v -0.171323 0.436751 -0.084315
v -0.111962 0.351249 -0.065302
v -0.073097 0.391872 -0.062890
v -0.028778 0.404254 -0.063002
v -0.086764 0.383467 -0.046667
v -0.015263 0.411958 -0.054470
v -0.167582 0.341245 -0.066252
v -0.131402 0.354783 -0.050411
v -0.184273 0.353069 -0.065740
v -0.184273 0.353069 -0.065740
v -0.048616 0.387272 -0.038792
v -0.162010 0.433677 -0.060526
v -0.175057 0.404608 -0.055865
v -0.111733 0.366172 -0.045504
v -0.178842 0.368679 -0.058888
v -0.103534 0.379976 -0.039100
v -0.103534 0.379976 -0.039100
v -0.161587 0.417518 -0.044472
v -0.166338 0.434844 -0.039296
v -0.142860 0.369642 -0.039526
v -0.161955 0.471383 -0.035540
v -0.149676 0.394500 -0.034669
v -0.149676 0.394500 -0.034669
v -0.152385 0.403252 -0.035858
v -0.126471 0.379592 -0.031240
v -0.126471 0.379592 -0.031240
v -0.161576 0.419269 -0.031105
v -0.111324 0.379022 -0.036132
v -0.111324 0.379022 -0.036132
v -0.156901 0.454980 -0.022709
v -0.126179 0.378962 -0.019373
v -0.137468 0.382387 -0.022404
v -0.121501 0.386845 -0.006342
v -0.155066 0.443119 -0.017836
v -0.143381 0.407071 -0.005380
v -0.069876 0.388213 -0.001834
v -0.151353 0.422869 -0.014612
v -0.068033 0.388036 0.027171
v -0.068033 0.388036 0.027171
v -0.035385 0.401820 -0.005018
v -0.028084 0.406471 -0.003450
v -0.031572 0.394020 -0.001262
v -0.109291 0.386020 0.014577
v -0.030167 0.377443 0.001705
v -0.047516 0.399945 0.003571
v -0.057824 0.365778 0.030028
v -0.062589 0.386090 0.020559
v -0.021900 0.349911 0.025996
v -0.042096 0.356229 0.026122
v -0.117512 0.395992 0.031788
v -0.071307 0.366056 0.054130
v -0.076082 0.393055 0.040462
v -0.076082 0.393055 0.040462
v -0.021731 0.336954 0.049914
v -0.083694 0.383997 0.062128
v -0.083694 0.383997 0.062128
v -0.061956 0.353660 0.070050
v -0.026192 0.310321 -0.386875
v -0.026192 0.310321 -0.386875
v -0.030313 0.338426 -0.360137
v -0.054663 0.342605 -0.364065
v -0.054663 0.342605 -0.364065
v -0.066973 0.345804 -0.370065
v -0.066973 0.345804 -0.370065
v -0.070816 0.346754 -0.355864
v -0.099057 0.361408 -0.381562
v -0.099057 0.361408 -0.381562
v -0.108812 0.382511 -0.356912
v -0.108812 0.382511 -0.356912
v -0.108812 0.382511 -0.356912
v -0.078306 0.391046 -0.303352
v -0.025887 0.337957 -0.323117
v -0.045671 0.354165 -0.311818
v -0.119229 0.427814 -0.328716
v -0.119229 0.427814 -0.328716
v -0.025801 0.357664 -0.295178
v -0.054043 0.378601 -0.291882
v -0.081986 0.415882 -0.287316
v -0.103786 0.455820 -0.291102
v -0.116432 0.468017 -0.302787
v -0.116432 0.468017 -0.302787
v -0.101151 0.468541 -0.291231
v -0.111262 0.476911 -0.300609
v -0.111262 0.476911 -0.300609
v -0.089347 0.461240 -0.278423
v -0.054412 0.423030 -0.263686
v -0.030297 0.407025 -0.261791
v -0.072192 0.448081 -0.270583
v -0.054230 0.436650 -0.262300
v -0.061515 0.453770 -0.240581
v -0.088273 0.514992 -0.232391
v -0.116116 0.555828 -0.265202
v -0.116116 0.555828 -0.265202
v -0.038174 0.427458 -0.258904
v -0.062099 0.506823 -0.204104
v -0.070710 0.551705 -0.195337
v -0.021113 0.465429 -0.197213
v -0.082926 0.580039 -0.210856
v -0.082926 0.580039 -0.210856
v -0.049962 0.587834 -0.174663
v -0.061854 0.636729 -0.215910
v -0.061854 0.636729 -0.215910
v -0.044999 0.490217 -0.196489
v -0.052470 0.505428 -0.197038
v -0.029139 0.460952 -0.183251
v -0.029139 0.460952 -0.183251
v -0.054361 0.555178 -0.177706
v -0.046097 0.581663 -0.168584
v -0.045517 0.624378 -0.191641
v -0.045517 0.624378 -0.191641
v -0.050527 0.490441 -0.166853
v -0.050527 0.490441 -0.166853
v -0.013119 0.627994 -0.178965
v -0.013119 0.627994 -0.178965
v -0.025757 0.656662 -0.211180
v -0.025757 0.656662 -0.211180
v -0.056766 0.505913 -0.166402
v -0.056766 0.505913 -0.166402
v -0.036136 0.466646 -0.161505
v -0.063677 0.523290 -0.158287
v -0.020818 0.619626 -0.169206
v -0.061462 0.542360 -0.163203
v -0.055804 0.562361 -0.155313
v -0.048440 0.570268 -0.168524
v -0.081751 0.472910 -0.143324
v -0.058941 0.549856 -0.145558
v -0.111586 0.400568 -0.145252
v -0.119150 0.416082 -0.139992
v -0.138146 0.437087 -0.120723
v -0.138146 0.437087 -0.120723
v -0.110265 0.430918 -0.124075
v -0.110265 0.430918 -0.124075
v -0.099084 0.427235 -0.122466
v -0.099084 0.427235 -0.122466
v -0.113690 0.447708 -0.132977
v -0.106945 0.458174 -0.131017
v -0.091447 0.463988 -0.122846
v -0.129077 0.462235 -0.124152
v -0.110131 0.474379 -0.121655
v -0.090241 0.448392 -0.126001
v -0.153281 0.454337 -0.107279
v -0.038475 0.792438 -0.608189
v -0.038475 0.792438 -0.608189
v -0.100129 0.781294 -0.587571
v -0.100129 0.781294 -0.587571
v -0.071560 0.793627 -0.579732
v -0.136967 0.763312 -0.551174
v -0.136967 0.763312 -0.551174
v -0.100003 0.783843 -0.509898
v -0.034377 0.806148 -0.501617
v -0.143076 0.754651 -0.505860
v -0.143076 0.754651 -0.505860
v -0.152913 0.748095 -0.575346
v -0.152913 0.748095 -0.575346
v -0.116374 0.766691 -0.468636
v -0.173845 0.727938 -0.534767
v -0.173845 0.727938 -0.534767
v -0.182002 0.707450 -0.489476
v -0.182002 0.707450 -0.489476
v -0.070822 0.781097 -0.444342
v -0.042663 0.792074 -0.448381
v -0.146360 0.736213 -0.452404
v -0.124569 0.755474 -0.452404
v -0.208269 0.662274 -0.489713
v -0.208269 0.662274 -0.489713
v -0.176156 0.678865 -0.427834
v -0.213677 0.621445 -0.469177
v -0.213677 0.621445 -0.469177
v -0.179590 0.646296 -0.411737
v -0.083756 0.752041 -0.405190
v -0.144930 0.711490 -0.411697
v -0.103345 0.735553 -0.397043
v -0.045970 0.772534 -0.413732
v -0.025752 0.780259 -0.418260
v -0.164905 0.652884 -0.393291
v -0.140673 0.699096 -0.394451
v -0.078665 0.758793 -0.396591
v -0.025438 0.787019 -0.401409
v -0.172019 0.629298 -0.396611
v -0.097617 0.744247 -0.392416
v -0.174820 0.629437 -0.384577
v -0.160821 0.666252 -0.376569
v -0.054533 0.763894 -0.369505
v -0.026012 0.779751 -0.382080
v -0.115463 0.719198 -0.365128
v -0.160860 0.658197 -0.365580
v -0.163386 0.637890 -0.357243
v -0.058776 0.734040 -0.324065
v -0.122023 0.638009 -0.299931
v -0.107483 0.670602 -0.299657
v -0.079086 0.713322 -0.311685
v -0.075088 0.687321 -0.284183
v -0.118447 0.584138 -0.291582
v -0.103863 0.629328 -0.291468
v -0.086923 0.654536 -0.288494
v -0.038463 0.703664 -0.278897
v -0.110682 0.600208 -0.282747
v -0.102386 0.623833 -0.285467
v -0.104662 0.620573 -0.264948
v -0.078799 0.666894 -0.284932
v -0.061494 0.682113 -0.279146
v -0.033954 0.692478 -0.274730
v -0.058236 0.674266 -0.257079
v -0.086080 0.648792 -0.261080
v -0.197696 0.609071 -0.428075
v -0.197696 0.609071 -0.428075
v -0.194099 0.552814 -0.420067
v -0.194099 0.552814 -0.420067
v -0.178655 0.530842 -0.415095
v -0.178655 0.530842 -0.415095
v -0.186218 0.556172 -0.411802
v -0.180842 0.579982 -0.405573
v -0.181104 0.596712 -0.385120
v -0.165098 0.523174 -0.390348
v -0.165098 0.523174 -0.390348
v -0.178201 0.548105 -0.381512
v -0.208691 0.538759 -0.461048
v -0.208691 0.538759 -0.461048
v -0.149190 0.476083 -0.349307
v -0.149190 0.476083 -0.349307
v -0.150548 0.513876 -0.370045
v -0.154047 0.532118 -0.340395
v -0.161551 0.564008 -0.340692
v -0.131644 0.484605 -0.333056
v -0.141420 0.509991 -0.357464
v -0.131433 0.505718 -0.340995
v -0.131621 0.489490 -0.327726
v -0.117336 0.518722 -0.302540
v -0.131206 0.617350 -0.303724
v -0.132122 0.572258 -0.300093
v -0.119231 0.500996 -0.314870
v -0.119160 0.547606 -0.291722
v -0.119044 0.530592 -0.288042
v -0.115364 0.579688 -0.284279
v -0.117375 0.583980 -0.272172
v -0.108584 0.693670 -0.756843
v -0.051524 0.671507 -0.828309
v -0.116748 0.639097 -0.828051
v -0.164173 0.661954 -0.748505
v -0.173864 0.599165 -0.815960
v -0.065243 0.707134 -0.760916
v -0.214135 0.603952 -0.736907
v -0.191308 0.558138 -0.828426
v -0.225903 0.570874 -0.745800
v -0.088260 0.712133 -0.752759
v -0.133977 0.691138 -0.748877
v -0.170286 0.669799 -0.740202
v -0.038941 0.740470 -0.728521
v -0.230068 0.571144 -0.728779
v -0.104574 0.718957 -0.736634
v -0.230429 0.460426 -0.746697
v -0.234212 0.468907 -0.725702
v -0.238684 0.474348 -0.726355
v -0.248812 0.493586 -0.696557
v -0.236477 0.488684 -0.758458
v -0.248361 0.517747 -0.700455
v -0.239977 0.538210 -0.720902
v -0.137274 0.710786 -0.716440
v -0.243311 0.460136 -0.688578
v -0.223369 0.620636 -0.712187
v -0.209093 0.637151 -0.724252
v -0.182763 0.685982 -0.695748
v -0.245771 0.583905 -0.663330
v -0.214941 0.653518 -0.687650
v -0.059377 0.768066 -0.666298
v -0.240792 0.481464 -0.696539
v -0.244626 0.489797 -0.685087
v -0.178463 0.709957 -0.637968
v -0.116533 0.757791 -0.633489
v -0.241852 0.464732 -0.639104
v -0.221870 0.661848 -0.630067
v -0.249328 0.523476 -0.635117
v -0.207856 0.678856 -0.646406
v -0.241223 0.506763 -0.652333
v -0.240464 0.510710 -0.639209
v -0.059132 0.783871 -0.625151
v -0.238447 0.505017 -0.597501
v -0.165621 0.732049 -0.578729
v -0.242018 0.563749 -0.543993
v -0.245994 0.588196 -0.617992
v -0.232939 0.625210 -0.560270
v -0.112276 0.766965 -0.600730
v -0.231381 0.497675 -0.556248
v -0.233887 0.522924 -0.597697
v -0.219258 0.666057 -0.576569
v -0.231617 0.529719 -0.572896
v -0.148773 0.743991 -0.587455
v -0.129025 0.765133 -0.583462
v -0.210967 0.674282 -0.559555
v -0.177059 0.723894 -0.567228
v -0.220749 0.653952 -0.551989
v -0.202535 0.690611 -0.551100
v -0.229041 0.536383 -0.552571
v -0.232723 0.560573 -0.514664
v -0.235878 0.571651 -0.531270
v -0.214950 0.662205 -0.518373
v -0.226994 0.623822 -0.518295
v -0.217514 0.548430 -0.489762
v -0.209099 0.572291 -0.444283
v -0.222321 0.428010 -0.651430
v -0.223498 0.411200 -0.697302
v -0.217941 0.377129 -0.717382
v -0.233103 0.423772 -0.697447
v -0.226861 0.428571 -0.646214
v -0.216645 0.369154 -0.668141
v -0.220721 0.401913 -0.646085
v -0.232040 0.445886 -0.639483
v -0.206579 0.357965 -0.630148
v -0.227877 0.444428 -0.635328
v -0.230654 0.426131 -0.638078
v -0.225542 0.394326 -0.633048
v -0.225688 0.397828 -0.610189
v -0.207872 0.348963 -0.605830
v -0.225906 0.430286 -0.597786
v -0.216360 0.457245 -0.568914
v -0.180539 0.320859 -0.612948
v -0.174582 0.311064 -0.600895
v -0.153019 0.299985 -0.606351
v -0.182161 0.328726 -0.569089
v -0.112722 0.277419 -0.576404
v -0.206179 0.373422 -0.564975
v -0.149567 0.316537 -0.531999
v -0.202360 0.406137 -0.532030
v -0.038322 0.252813 -0.559862
v -0.100134 0.281126 -0.539834
v -0.190308 0.369435 -0.532102
v -0.189272 0.453165 -0.506414
v -0.170233 0.344783 -0.523984
v -0.090908 0.300923 -0.492521
v -0.117334 0.316773 -0.491769
v -0.189257 0.473649 -0.452346
v -0.067090 0.289966 -0.493024
v -0.177689 0.405986 -0.497621
v -0.155458 0.357392 -0.498244
v -0.182392 0.430345 -0.489938
v -0.154919 0.349396 -0.483988
v -0.175523 0.394216 -0.492055
v -0.046789 0.276592 -0.483353
v -0.088502 0.292077 -0.483252
v -0.116153 0.309509 -0.483668
v -0.141625 0.332953 -0.476779
v -0.178791 0.449370 -0.480956
v -0.202742 0.506165 -0.460062
v -0.160932 0.365313 -0.473263
v -0.156851 0.397884 -0.439962
v -0.095756 0.298645 -0.464741
v -0.196271 0.543990 -0.440383
v -0.115183 0.313293 -0.460765
v -0.062967 0.285935 -0.456582
v -0.158895 0.432246 -0.439063
v -0.087925 0.316680 -0.419009
v -0.116902 0.361284 -0.399177
v -0.050653 0.309000 -0.399050
v -0.100180 0.344773 -0.394569
v -0.127691 0.386214 -0.398788
v -0.062737 0.274433 -0.936236
v -0.082726 0.286521 -0.931701
v -0.074420 0.234721 -0.866868
v -0.102166 0.282442 -0.903985
v -0.092223 0.251231 -0.861720
v -0.100097 0.268065 -0.878308
v -0.108343 0.255116 -0.861718
v -0.132877 0.303497 -0.897913
v -0.050436 0.214735 -0.829861
v -0.079838 0.233159 -0.841074
v -0.140959 0.274722 -0.846357
v -0.154267 0.299200 -0.862324
v -0.162158 0.296079 -0.823745
v -0.180641 0.344515 -0.854122
v -0.099436 0.233715 -0.821730
v -0.063294 0.214740 -0.820662
v -0.132795 0.258094 -0.815554
v -0.176424 0.303464 -0.820303
v -0.185272 0.346617 -0.839633
v -0.190901 0.335945 -0.828674
v -0.108945 0.238937 -0.807181
v -0.133309 0.249301 -0.807656
v -0.179865 0.299085 -0.788482
v -0.062163 0.213587 -0.796165
v -0.161274 0.273983 -0.800551
v -0.108495 0.227363 -0.795836
v -0.201155 0.348183 -0.780505
v -0.207360 0.380037 -0.793016
v -0.046886 0.201030 -0.783099
v -0.116234 0.229805 -0.776303
v -0.145112 0.258031 -0.740190
v -0.185790 0.324691 -0.737919
v -0.204206 0.381871 -0.768302
v -0.042529 0.199590 -0.764143
v -0.079481 0.213322 -0.760175
v -0.161544 0.274271 -0.747881
v -0.215593 0.395060 -0.742575
v -0.195809 0.352672 -0.750184
v -0.116536 0.240280 -0.731980
v -0.199185 0.331291 -0.725175
v -0.034533 0.215523 -0.714644
v -0.079378 0.229796 -0.714694
v -0.169753 0.299269 -0.729451
v -0.128314 0.258706 -0.717899
v -0.163924 0.279039 -0.701041
v -0.224377 0.398846 -0.759788
v -0.192022 0.315917 -0.680634
v -0.083573 0.225624 -0.703790
v -0.095866 0.230206 -0.693092
v -0.116961 0.250046 -0.656303
v -0.050827 0.218873 -0.664711
v -0.145353 0.281137 -0.623337
v -0.116666 0.264992 -0.615204
v -0.087900 0.252118 -0.611187
v -0.104649 0.276610 -0.588735
v -0.050893 0.260112 -0.580432
v -0.034397 0.360475 -0.995806
v -0.030126 0.392292 -0.996916
v -0.046617 0.341360 -0.983380
v -0.050820 0.416178 -0.982537
v -0.075546 0.360469 -0.981394
v -0.095621 0.384367 -0.971526
v -0.058601 0.332203 -0.966169
v -0.095687 0.404397 -0.967354
v -0.062459 0.320129 -0.960268
v -0.099912 0.349501 -0.960513
v -0.100045 0.446836 -0.936952
v -0.054848 0.293969 -0.950583
v -0.070729 0.315646 -0.948074
v -0.063274 0.475468 -0.953236
v -0.112490 0.452140 -0.932420
v -0.083047 0.302070 -0.939108
v -0.122586 0.332086 -0.919385
v -0.146938 0.372670 -0.931940
v -0.120500 0.420390 -0.943020
v -0.091860 0.516510 -0.928119
v -0.054951 0.570039 -0.912445
v -0.137795 0.341688 -0.920477
v -0.128725 0.471449 -0.920796
v -0.108409 0.314864 -0.922873
v -0.149220 0.400431 -0.928114
v -0.151526 0.433942 -0.902766
v -0.128740 0.520738 -0.902822
v -0.132747 0.319233 -0.909024
v -0.165458 0.349666 -0.895227
v -0.177718 0.376489 -0.890727
v -0.161316 0.339957 -0.881015
v -0.186603 0.435299 -0.869672
v -0.158333 0.327189 -0.882349
v -0.170684 0.426039 -0.882166
v -0.177695 0.479733 -0.873030
v -0.182409 0.542005 -0.847726
v -0.117252 0.603928 -0.859469
v -0.196563 0.377532 -0.858096
v -0.203217 0.393066 -0.849659
v -0.175049 0.353372 -0.867112
v -0.208758 0.476021 -0.836576
v -0.059243 0.632717 -0.863535
v -0.200582 0.427694 -0.849193
v -0.185476 0.361441 -0.854456
v -0.162839 0.574769 -0.848881
v -0.212443 0.423324 -0.816595
v -0.145935 0.599408 -0.844963
v -0.210255 0.382058 -0.820316
v -0.198488 0.374063 -0.833859
v -0.218019 0.435466 -0.816852
v -0.217026 0.397672 -0.812280
v -0.221336 0.439295 -0.792204
v -0.228177 0.430051 -0.783417
v -0.230148 0.418515 -0.771430
vn -0.2309 -0.2014 -0.9519
vn -0.2236 0.1752 -0.9588
vn -0.0618 -0.0323 -0.9976
vn -0.0615 -0.0325 -0.9976
vn 0.0425 0.3423 -0.9386
vn 0.1216 -0.0917 -0.9883
vn 0.0422 0.3421 -0.9387
vn 0.2011 0.3560 -0.9126
vn -0.0991 -0.4232 -0.9006
vn 0.1496 -0.3878 -0.9095
vn 0.3592 -0.1307 -0.9240
vn 0.2557 0.1672 -0.9522
vn -0.1098 0.4837 -0.8683
vn -0.2819 -0.5992 -0.7493
vn 0.4902 -0.3514 -0.7976
vn -0.3023 0.4444 -0.8433
vn 0.2263 0.3193 -0.9202
vn 0.1550 -0.7044 -0.6926
vn -0.2209 -0.5124 -0.8299
vn -0.4209 -0.2158 -0.8811
vn 0.2948 -0.1508 -0.9436
vn 0.5056 0.0238 -0.8625
vn -0.1096 0.4840 -0.8682
vn 0.3852 -0.6638 -0.6411
vn -0.5188 0.0368 -0.8541
vn 0.3974 0.4092 -0.8214
vn -0.2146 -0.6172 -0.7569
vn -0.4008 -0.5287 -0.7482
vn -0.4750 0.3083 -0.8242
vn -0.2508 0.3889 -0.8865
vn -0.1385 0.5275 -0.8382
vn -0.2152 -0.6175 -0.7566
vn -0.4443 -0.5338 -0.7195
vn 0.4923 -0.6166 -0.6143
vn -0.5098 -0.4967 -0.7024
vn -0.1384 0.5277 -0.8381
vn 0.0023 0.1361 -0.9907
vn 0.3034 0.2593 -0.9169
vn 0.0563 -0.6722 -0.7383
vn -0.2143 -0.5679 -0.7947
vn 0.5781 0.2844 -0.7648
vn 0.2839 -0.5468 -0.7877
vn 0.6271 -0.1965 -0.7538
vn -0.0032 0.3442 -0.9389
vn -0.1627 -0.4447 -0.8808
vn -0.2144 -0.5674 -0.7950
vn 0.0563 -0.6717 -0.7387
vn 0.2838 -0.5462 -0.7881
vn 0.3637 -0.4893 -0.7927
vn -0.2146 -0.5677 -0.7947
vn 0.5059 -0.6008 -0.6190
vn -0.4398 0.2022 -0.8750
vn 0.5462 0.1356 -0.8266
vn 0.4860 0.0268 -0.8735
vn 0.2172 -0.5221 -0.8247
vn -0.1630 -0.4446 -0.8808
vn -0.3280 -0.3058 -0.8938
vn -0.4718 -0.4400 -0.7641
vn -0.3129 0.1879 -0.9310
vn -0.0039 0.3442 -0.9389
vn 0.5059 -0.6003 -0.6194
vn 0.5462 -0.6986 -0.4622
vn -0.4886 -0.1017 -0.8665
vn -0.8037 -0.2549 -0.5377
vn -0.4272 -0.6184 -0.6596
vn -0.5333 -0.2412 -0.8108
vn 0.6321 -0.3209 -0.7054
vn -0.5375 -0.5089 -0.6724
vn -0.6950 -0.1691 -0.6989
vn 0.7101 -0.0484 -0.7024
vn -0.5470 0.4333 -0.7162
vn 0.5058 -0.5959 -0.6237
vn 0.6729 0.3110 -0.6712
vn 0.3960 0.3953 -0.8288
vn -0.3812 0.3712 -0.8467
vn 0.1839 0.4675 -0.8647
vn -0.2583 0.5280 -0.8090
vn -0.1078 0.4479 -0.8876
vn -0.4545 -0.6912 -0.5618
vn -0.4541 -0.6911 -0.5623
vn -0.5545 -0.5244 -0.6462
vn -0.5671 -0.6384 -0.5204
vn -0.5846 0.1271 -0.8013
vn -0.1072 0.4479 -0.8876
vn -0.7291 -0.0550 -0.6822
vn 0.3525 -0.0942 -0.9311
vn -0.1581 -0.7700 -0.6181
vn 0.9095 -0.3946 -0.1309
vn 0.3765 -0.7056 -0.6004
vn -0.5669 -0.3765 -0.7328
vn -0.7083 0.2102 -0.6739
vn 0.2043 -0.9779 0.0438
vn 0.5608 -0.5823 -0.5886
vn 0.5060 -0.5954 -0.6240
vn 0.6695 -0.3054 -0.6772
vn 0.0080 0.5877 -0.8090
vn -0.7597 -0.6467 0.0682
vn -0.6814 0.3075 -0.6642
vn -0.5523 0.3599 -0.7520
vn 0.5506 0.3576 -0.7543
vn 0.7782 -0.0688 0.6242
vn 0.6417 0.2027 -0.7397
vn 0.3811 0.5366 -0.7529
vn 0.2628 0.6268 -0.7335
vn -0.0204 -0.7937 -0.6080
vn 0.2223 -0.8538 -0.4708
vn 0.1816 -0.9127 -0.3660
vn -0.6401 -0.2797 -0.7155
vn 0.6362 -0.3015 -0.7102
vn 0.8360 -0.0402 -0.5473
vn 0.0077 0.5877 -0.8090
vn -0.0197 -0.7937 -0.6080
vn -0.5496 -0.7754 -0.3110
vn -0.8239 -0.4715 -0.3145
vn 0.5421 -0.6477 -0.5354
vn -0.7298 -0.5357 -0.4247
vn -0.8342 -0.1046 -0.5414
vn 0.6945 0.0467 -0.7180
vn 0.6472 0.1134 -0.7538
vn 0.6442 -0.4876 -0.5893
vn -0.5650 -0.5693 -0.5972
vn 0.5423 -0.6472 -0.5358
vn 0.7147 -0.4499 -0.5355
vn -0.7667 -0.3809 -0.5168
vn 0.6888 -0.3082 -0.6562
vn -0.7431 -0.1219 -0.6580
vn 0.7002 -0.5911 -0.4004
vn 0.4479 0.4026 -0.7983
vn -0.5409 -0.6735 -0.5038
vn -0.7778 -0.2883 -0.5585
vn 0.7443 -0.5728 -0.3434
vn -0.7748 0.0333 -0.6313
vn -0.7108 0.1625 -0.6844
vn -0.7203 0.2950 -0.6278
vn -0.1820 0.5445 -0.8188
vn -0.0417 0.5373 -0.8424
vn 0.6792 -0.6344 -0.3691
vn 0.8971 0.0165 -0.4415
vn -0.4073 0.5393 -0.7370
vn 0.3139 0.5321 -0.7863
vn 0.2070 0.5509 -0.8085
vn -0.1819 0.5448 -0.8186
vn -0.4601 -0.7556 -0.4663
vn 0.7004 -0.5906 -0.4008
vn -0.0428 -0.9573 -0.2858
vn 0.6225 -0.7063 -0.3371
vn -0.7643 -0.5333 -0.3624
vn 0.7781 -0.5700 -0.2639
vn -0.8648 -0.3648 -0.3451
vn 0.4973 -0.7984 -0.3395
vn -0.4171 -0.7567 -0.5035
vn 0.6183 -0.6531 -0.4373
vn 0.7784 -0.5695 -0.2642
vn -0.9063 0.0366 -0.4210
vn 0.7992 0.0950 -0.5936
vn -0.8203 -0.4412 -0.3640
vn 0.5491 0.2783 -0.7880
vn 0.3213 -0.9129 -0.2516
vn -0.8713 -0.3403 -0.3535
vn 0.8004 -0.5545 -0.2278
vn 0.9022 -0.1748 -0.3943
vn -0.8612 0.1223 -0.4933
vn -0.2559 0.5329 -0.8066
vn -0.0419 0.5371 -0.8425
vn 0.0847 0.5701 -0.8172
vn -0.1166 0.5919 -0.7975
vn -0.1164 0.5921 -0.7974
vn 0.3772 -0.9132 -0.1543
vn 0.8055 -0.5633 -0.1840
vn -0.7045 -0.5406 -0.4598
vn 0.3838 0.5540 -0.7387
vn -0.0422 -0.9574 -0.2856
vn -0.3278 -0.9079 -0.2613
vn 0.7771 -0.4794 -0.4077
vn 0.8053 -0.5637 -0.1836
vn -0.8396 -0.4514 -0.3023
vn 0.4851 0.3635 -0.7953
vn -0.3827 -0.8345 -0.3964
vn -0.6898 -0.6625 -0.2921
vn -0.5157 0.3444 -0.7845
vn 0.2388 0.7153 -0.6567
vn -0.1864 -0.9817 0.0390
vn 0.1879 -0.9779 -0.0918
vn 0.5395 -0.8002 -0.2620
vn 0.9066 -0.3007 -0.2961
vn -0.9204 -0.1348 -0.3670
vn 0.6386 0.2905 -0.7126
vn -0.5201 0.5445 -0.6581
vn -0.0449 0.7923 -0.6084
vn -0.1862 -0.9818 0.0388
vn -0.6551 -0.5442 -0.5241
vn -0.8216 -0.3550 -0.4460
vn 0.8867 -0.4377 -0.1491
vn -0.8400 -0.5152 -0.1703
vn 0.9302 -0.1261 -0.3446
vn 0.8141 0.2164 -0.5389
vn -0.8415 0.2320 -0.4879
vn 0.5541 0.5755 -0.6014
vn -0.2142 0.7714 -0.5992
vn 0.1026 0.8010 -0.5898
vn -0.5043 -0.8451 -0.1776
vn 0.6489 -0.7418 -0.1692
vn -0.8173 -0.5379 -0.2066
vn 0.8636 -0.4861 -0.1337
vn 0.9464 -0.0092 -0.3229
vn 0.8800 -0.2047 -0.4286
vn 0.7248 0.4381 -0.5317
vn -0.4415 0.6746 -0.5916
vn 0.8865 -0.4382 -0.1487
vn -0.3607 -0.9033 -0.2324
vn 0.9284 -0.2747 -0.2501
vn -0.8206 -0.3703 -0.4354
vn -0.9347 -0.2207 -0.2786
vn 0.9007 0.0719 -0.4285
vn -0.6737 0.5441 -0.5000
vn -0.5653 -0.6833 -0.4622
vn -0.7006 -0.5081 -0.5009
vn 0.8626 0.3084 -0.4011
vn 0.3179 0.7522 -0.5772
vn 0.4655 -0.8235 -0.3244
vn 0.7215 -0.5827 -0.3741
vn 0.8552 -0.4140 -0.3120
vn -0.8955 0.2998 -0.3291
vn 0.6791 0.5748 -0.4566
vn 0.4996 0.6666 -0.5532
vn -0.9059 -0.1270 -0.4039
vn 0.6615 -0.7281 -0.1798
vn 0.9237 -0.0393 -0.3812
vn -0.3533 0.6290 -0.6925
vn 0.0218 0.8381 -0.5450
vn -0.0338 -0.9098 -0.4136
vn 0.3191 -0.8652 -0.3869
vn -0.4245 -0.8028 -0.4187
vn -0.5354 -0.7219 -0.4385
vn -0.8746 -0.4840 -0.0279
vn 0.9542 0.0514 -0.2946
vn -0.9666 0.0022 -0.2562
vn -0.3069 -0.9050 -0.2947
vn 0.1874 -0.9323 -0.3094
vn -0.7324 -0.6530 -0.1927
vn -0.8622 -0.5065 0.0077
vn 0.9826 -0.1581 -0.0979
vn 0.4572 -0.8275 -0.3259
vn 0.6814 -0.7174 -0.1449
vn 0.8201 -0.5609 -0.1130
vn 0.9307 -0.3576 -0.0770
vn -0.9691 -0.0196 -0.2458
vn 0.9866 -0.0781 -0.1430
vn 0.2820 -0.8670 -0.4107
vn -0.3981 -0.8341 -0.3818
vn 0.5042 -0.8625 -0.0447
vn -0.9607 -0.2726 0.0529
vn 0.6654 0.4602 -0.5878
vn -0.5583 0.5216 -0.6452
vn 0.3317 0.6158 -0.7147
vn -0.1261 0.8029 -0.5827
vn 0.1142 -0.9533 -0.2796
vn 0.8391 -0.5427 0.0367
vn 0.8868 -0.4376 -0.1489
vn 0.9239 -0.0396 -0.3806
vn 0.9869 -0.0639 -0.1484
vn -0.9385 0.1477 -0.3122
vn 0.9592 -0.2338 -0.1593
vn 0.1367 0.7751 -0.6169
vn -0.0342 -0.9096 -0.4140
vn 0.0341 -0.9338 -0.3562
vn 0.9134 -0.4000 0.0753
vn 0.8395 -0.5422 0.0365
vn 0.9236 0.2339 -0.3037
vn 0.8527 0.3317 -0.4036
vn -0.2032 -0.9315 -0.3017
vn -0.8261 -0.5620 0.0416
vn 0.0339 -0.9339 -0.3559
vn -0.5603 -0.8281 0.0177
vn 0.6857 -0.7048 0.1818
vn -0.9748 -0.1784 -0.1337
vn 0.9869 -0.0633 -0.1486
vn 0.9685 -0.1323 -0.2111
vn 0.3091 -0.9507 -0.0241
vn -0.6746 -0.6854 0.2739
vn -0.2290 0.7018 -0.6746
vn 0.0401 0.6061 -0.7944
vn -0.8483 -0.4977 -0.1810
vn -0.8597 -0.5069 0.0627
vn 0.8428 -0.5314 0.0856
vn -0.9887 -0.1462 -0.0329
vn 0.9639 -0.2618 -0.0488
vn -0.7900 0.3879 -0.4748
vn 0.9879 -0.1405 0.0658
vn -0.2122 -0.9691 0.1256
vn -0.3770 -0.9138 0.1511
vn 0.4285 -0.8540 0.2950
vn 0.6152 -0.7802 0.1134
vn -0.0517 -0.9691 0.2410
vn 0.1799 -0.9615 0.2077
vn -0.7852 -0.5912 0.1840
vn 0.9217 -0.2986 -0.2477
vn -0.8394 -0.5427 -0.0281
vn -0.9568 -0.2791 -0.0818
vn 0.9790 0.1168 -0.1671
vn -0.0514 -0.9692 0.2410
vn -0.8436 -0.4051 -0.3525
vn 0.8643 -0.4966 -0.0793
vn -0.9140 -0.3843 -0.1300
vn -0.2355 0.6432 -0.7286
vn 0.3088 0.6304 -0.7122
vn 0.0003 0.6881 -0.7256
vn 0.9405 -0.3396 0.0132
vn -0.4934 -0.7897 0.3645
vn 0.8184 -0.5680 -0.0870
vn -0.8437 -0.4744 -0.2511
vn 0.9492 -0.2292 0.2156
vn -0.4224 0.5494 -0.7209
vn 0.1823 0.8223 -0.5391
vn 0.5565 0.5444 -0.6277
vn 0.7278 0.3832 -0.5688
vn -0.5810 0.5447 -0.6047
vn -0.1307 0.8440 -0.5202
vn -0.1924 -0.7368 0.6482
vn 0.3303 -0.9356 0.1248
vn 0.9676 -0.2203 -0.1234
vn -0.9256 0.2606 -0.2747
vn -0.3514 0.7851 -0.5100
vn 0.4743 0.7767 -0.4145
vn 0.3626 0.8192 -0.4443
vn -0.3519 -0.9353 -0.0372
vn 0.6896 -0.7237 -0.0262
vn 0.9353 -0.2260 -0.2721
vn -0.9214 -0.3550 -0.1578
vn -0.9639 -0.2664 -0.0030
vn -0.9895 0.0669 -0.1278
vn -0.9482 0.1720 -0.2672
vn -0.5097 0.7646 -0.3945
vn 0.0002 0.6883 -0.7254
vn -0.0091 0.8934 -0.4492
vn 0.0503 -0.9987 -0.0129
vn -0.7975 -0.6030 -0.0222
vn 0.8702 -0.3965 -0.2924
vn -0.9597 -0.2489 -0.1305
vn 0.1435 0.8842 -0.4445
vn 0.5401 -0.8395 -0.0595
vn -0.6054 -0.7856 0.1276
vn -0.8788 0.3349 -0.3399
vn -0.7201 0.4526 -0.5259
vn 0.0501 -0.9987 -0.0127
vn -0.6837 -0.7235 -0.0956
vn -0.8900 -0.4450 0.0991
vn 0.9403 -0.3402 0.0136
vn 0.9280 -0.3327 0.1677
vn 0.9757 -0.1965 0.0965
vn 0.8944 0.1598 -0.4178
vn 0.7658 0.5268 -0.3689
vn 0.5862 0.7150 -0.3809
vn 0.2191 0.8990 -0.3791
vn 0.1852 0.8916 -0.4132
vn 0.5078 -0.8229 -0.2549
vn 0.9931 -0.1146 -0.0241
vn 0.1858 0.8915 -0.4132
vn 0.6840 -0.7034 -0.1933
vn 0.8461 -0.5305 -0.0506
vn -0.8352 -0.5459 0.0667
vn 0.9671 -0.1944 0.1643
vn 0.9299 -0.3613 0.0691
vn -0.6407 0.6903 -0.3362
vn 0.1830 -0.9688 -0.1673
vn -0.3475 -0.9101 -0.2257
vn -0.9747 0.1991 -0.1019
vn -0.8205 0.5078 -0.2627
vn -0.2511 0.8851 -0.3919
vn -0.0629 -0.9714 -0.2291
vn 0.5887 -0.8035 0.0888
vn 0.9256 -0.3771 -0.0332
vn -0.9064 -0.4104 0.1000
vn 0.9672 -0.1938 0.1641
vn -0.9691 -0.2325 -0.0821
vn 0.8801 0.4013 -0.2538
vn -0.0627 -0.9715 -0.2285
vn 0.4038 -0.9106 -0.0883
vn -0.4720 -0.8816 -0.0062
vn 0.7502 -0.6502 0.1203
vn -0.1446 -0.9864 0.0782
vn -0.9572 -0.2849 0.0519
vn -0.9602 -0.2686 0.0765
vn 0.1037 -0.9918 0.0747
vn 0.2757 -0.9487 0.1549
vn -0.5064 -0.8329 0.2232
vn 0.9757 -0.1968 0.0967
vn 0.8944 -0.2399 0.3774
vn 0.9385 0.3228 -0.1228
vn 0.8025 0.5691 -0.1791
vn -0.1443 -0.9864 0.0785
vn -0.7043 -0.6981 -0.1286
vn -0.2740 -0.9324 0.2357
vn -0.6440 0.7403 -0.1927
vn -0.4747 0.8413 -0.2587
vn 0.6229 0.7446 -0.2400
vn 0.1422 -0.9346 0.3260
vn 0.8384 -0.5376 0.0895
vn 0.9354 -0.3505 0.0456
vn 0.9352 -0.3510 0.0458
vn -0.8256 -0.5250 -0.2069
vn -0.9585 -0.2419 0.1507
vn -0.8838 0.4642 -0.0579
vn 0.4018 0.8832 -0.2419
vn 0.6238 -0.7129 0.3205
vn 0.9564 -0.2542 0.1435
vn -0.0519 0.9474 -0.3157
vn -0.0330 -0.9490 0.3135
vn 0.3725 -0.8780 0.3006
vn -0.9450 -0.2861 0.1582
vn -0.7617 0.6296 -0.1530
vn -0.6031 -0.7001 0.3822
vn -0.8762 -0.4790 -0.0529
vn -0.8949 -0.3628 0.2599
vn 0.4449 -0.8184 0.3638
vn -0.9478 -0.2008 -0.2479
vn -0.7695 -0.4747 0.4272
vn 0.9897 -0.1018 0.1009
vn -0.4768 -0.7757 0.4133
vn -0.7639 -0.6450 0.0223
vn 0.9750 -0.1457 0.1675
vn 0.9861 0.1642 -0.0257
vn -0.0333 -0.9490 0.3135
vn 0.7196 -0.6803 0.1396
vn -0.8664 -0.4141 0.2790
vn 0.9522 -0.2435 0.1844
vn 0.7239 0.6885 -0.0450
vn -0.0525 0.9474 -0.3156
vn -0.9779 -0.0163 -0.2083
vn 0.9936 -0.1042 0.0440
vn -0.9393 -0.3004 0.1659
vn 0.9752 -0.1451 0.1674
vn -0.2929 0.9278 -0.2309
vn -0.9134 -0.3225 -0.2484
vn 0.9624 -0.2712 -0.0149
vn 0.9531 0.3009 0.0321
vn 0.8749 0.4839 -0.0193
vn 0.9625 -0.2709 -0.0143
vn 0.9913 -0.0596 0.1176
vn -0.3567 -0.8336 0.4218
vn 0.9032 -0.3416 0.2598
vn -0.9904 0.0794 0.1135
vn -0.7115 0.6650 -0.2271
vn 0.2104 0.9495 -0.2329
vn 0.1727 -0.9788 0.1097
vn -0.9669 -0.2043 0.1527
vn -0.1217 -0.8888 0.4417
vn -0.1211 -0.8889 0.4417
vn -0.8461 -0.5328 0.0123
vn 0.9259 -0.3315 0.1813
vn 0.9742 -0.1954 0.1134
vn 0.6130 0.7748 -0.1547
vn -0.9799 0.0567 0.1915
vn -0.9287 -0.2273 0.2930
vn -0.9578 -0.1791 0.2247
vn -0.9684 -0.1006 0.2283
vn -0.2197 0.9439 -0.2465
vn 0.0460 0.9656 -0.2561
vn 0.5542 -0.8019 0.2230
vn -0.6203 -0.7828 -0.0498
vn 0.9107 -0.4010 0.0994
vn -0.9911 0.1333 0.0019
vn -0.9420 0.2720 0.1966
vn -0.4738 0.8232 -0.3129
vn -0.5565 -0.8197 0.1355
vn -0.9470 -0.2672 0.1784
vn -0.0524 0.9475 -0.3153
vn 0.0457 0.9656 -0.2561
vn -0.3925 -0.8978 0.1997
vn 0.7194 -0.6805 0.1390
vn 0.7060 -0.6926 0.1481
vn -0.8695 0.4902 0.0597
vn 0.3783 -0.9100 0.1695
vn 0.5542 -0.8021 0.2224
vn 0.9107 -0.4007 0.1000
vn -0.9537 -0.2154 0.2101
vn -0.6316 0.7022 -0.3286
vn -0.1117 -0.9851 0.1308
vn 0.8730 -0.2300 0.4300
vn 0.8353 0.5485 0.0377
vn -0.3981 0.8726 -0.2828
vn -0.2584 -0.9496 0.1776
vn -0.1120 -0.9851 0.1303
vn -0.7251 -0.6206 0.2987
vn -0.5643 0.7737 -0.2881
vn -0.0774 0.9807 -0.1793
vn 0.4396 -0.8976 0.0344
vn 0.3783 -0.9102 0.1688
vn -0.4196 -0.9059 0.0576
vn 0.7723 -0.4891 0.4053
vn 0.5840 -0.7849 0.2073
vn -0.8876 -0.3367 0.3142
vn 0.7237 0.6901 -0.0074
vn -0.6728 0.7063 -0.2202
vn -0.3981 0.8729 -0.2822
vn -0.3061 0.9400 -0.1504
vn 0.3060 0.9508 -0.0491
vn 0.1727 -0.9789 0.1090
vn 0.3155 -0.9489 0.0039
vn -0.5890 -0.7095 0.3869
vn 0.9275 -0.0831 0.3644
vn -0.0009 -0.9816 -0.1909
vn -0.2299 -0.9726 0.0358
vn -0.0004 -0.9815 -0.1915
vn -0.1119 -0.9851 0.1308
vn 0.2150 -0.9729 0.0848
vn 0.9237 -0.3007 0.2374
vn 0.9381 -0.2828 0.1999
vn -0.5964 0.8027 -0.0036
vn 0.9609 0.2513 0.1163
vn -0.8514 0.5226 0.0458
vn 0.6305 -0.5843 0.5109
vn -0.7795 0.5880 -0.2159
vn 0.5353 0.8420 -0.0667
vn 0.6858 0.7210 0.0987
vn 0.0254 0.9974 -0.0673
vn 0.9035 -0.3054 0.3007
vn 0.9021 -0.2938 0.3161
vn 0.7862 0.6175 0.0237
vn 0.5223 -0.7482 0.4092
vn -0.8840 -0.1401 0.4461
vn 0.8349 -0.4303 0.3432
vn 0.7905 0.6100 0.0552
vn -0.1975 -0.8993 0.3903
vn 0.9023 -0.2932 0.3161
vn -0.9241 0.3644 0.1154
vn 0.8743 0.4751 0.0994
vn -0.8456 0.5332 -0.0276
vn -0.7469 0.6614 0.0680
vn 0.5812 0.7849 0.2146
vn 0.4290 0.8913 0.1466
vn -0.0771 0.9808 -0.1792
vn 0.0405 -0.9555 0.2921
vn 0.0408 -0.9554 0.2923
vn -0.4262 -0.8483 0.3143
vn -0.7967 -0.3762 0.4731
vn -0.9318 -0.2824 0.2282
vn -0.9347 -0.2160 0.2822
vn 0.9595 -0.2025 0.1958
vn -0.9446 0.1807 0.2739
vn -0.4230 0.9024 0.0817
vn -0.2034 0.9736 0.1040
vn 0.1880 0.9798 0.0682
vn 0.3740 -0.8379 0.3976
vn -0.8571 -0.3800 0.3477
vn -0.9046 0.4016 0.1432
vn -0.7016 -0.5073 0.5004
vn 0.9258 -0.0951 0.3659
vn 0.9379 0.0422 0.3444
vn 0.0248 0.9974 -0.0673
vn 0.1926 -0.9773 0.0881
vn 0.8002 -0.5491 0.2413
vn 0.9597 -0.2019 0.1956
vn -0.6478 0.7511 0.1269
vn -0.4775 -0.8733 -0.0962
vn 0.8901 -0.2729 0.3649
vn 0.9765 0.0965 0.1925
vn -0.9704 0.1960 0.1411
vn -0.6478 0.7512 0.1272
vn -0.6729 0.7063 -0.2199
vn -0.9135 0.1136 0.3907
vn -0.9201 -0.2617 0.2915
vn 0.9487 -0.1971 0.2472
vn 0.8701 -0.3827 0.3105
vn 0.7244 0.6177 0.3062
vn -0.6325 -0.7738 -0.0362
vn 0.8108 -0.4986 0.3065
vn -0.8652 -0.4160 0.2801
vn 0.9534 -0.1813 0.2410
vn -0.0220 0.9930 0.1157
vn -0.3660 -0.9293 -0.0487
vn 0.6064 -0.7902 0.0887
vn 0.8805 -0.3620 0.3062
vn -0.9354 -0.2323 0.2667
vn 0.9536 -0.1807 0.2410
vn 0.9191 0.3021 0.2529
vn 0.8033 0.5636 0.1928
vn -0.5090 0.8288 0.2326
vn 0.2557 0.9396 0.2273
vn -0.1972 -0.8993 0.3904
vn -0.1494 -0.9875 -0.0498
vn -0.8233 -0.5266 0.2117
vn -0.7944 0.5668 0.2182
vn 0.3719 -0.9229 0.1001
vn 0.4391 -0.8643 0.2452
vn -0.8837 0.3786 0.2753
vn 0.7642 -0.6417 -0.0643
vn 0.9531 -0.1502 0.2628
vn 0.8436 -0.3975 0.3611
vn -0.7469 0.6614 0.0683
vn -0.7944 0.5668 0.2183
vn 0.6118 -0.7894 -0.0505
vn 0.8971 -0.4261 0.1168
vn -0.9528 -0.1305 0.2743
vn 0.8782 -0.4214 0.2264
vn 0.7854 -0.5679 0.2463
vn -0.8144 -0.5787 -0.0429
vn -0.9465 -0.3180 -0.0557
vn 0.8820 -0.3342 0.3324
vn 0.4054 0.8481 0.3412
vn -0.3585 0.8655 0.3499
vn 0.0103 -0.9432 -0.3321
vn -0.1495 -0.9875 -0.0495
vn 0.3652 -0.9237 -0.1163
vn -0.2546 -0.9378 -0.2360
vn -0.4214 -0.8809 -0.2156
vn -0.5959 -0.7721 -0.2210
vn -0.9218 0.1922 0.3367
vn 0.0101 -0.9433 -0.3318
vn 0.5094 -0.8448 0.1635
vn -0.7490 -0.6589 0.0692
vn -0.8898 -0.3334 0.3117
vn -0.9154 -0.2209 0.3365
vn 0.8975 -0.2954 0.3274
vn -0.2052 0.9263 0.3161
vn -0.8692 -0.3963 0.2956
vn 0.8215 0.4165 0.3894
vn -0.0088 0.9636 0.2673
vn 0.3005 -0.9216 0.2456
vn -0.8624 -0.1989 0.4655
vn 0.8686 -0.3760 0.3228
vn -0.6843 0.6539 0.3228
vn -0.1307 -0.9642 0.2307
vn 0.0999 -0.9702 0.2206
vn -0.4750 -0.8451 0.2452
vn 0.8433 -0.3321 0.4225
vn -0.8561 -0.3086 0.4145
vn 0.9071 0.0395 0.4190
vn -0.5581 0.7520 0.3506
vn -0.6205 -0.7175 0.3164
vn 0.8685 -0.3763 0.3227
vn 0.9379 0.0419 0.3444
vn 0.9256 -0.0538 0.3747
vn -0.8087 0.4175 0.4144
vn 0.5659 0.7389 0.3657
vn -0.3271 -0.9025 0.2801
vn 0.6766 -0.5890 0.4420
vn -0.1305 -0.9643 0.2304
vn -0.8991 -0.3880 0.2027
vn -0.9125 -0.0638 0.4040
vn 0.8438 -0.3969 0.3612
vn -0.2199 0.9754 -0.0131
vn -0.2201 0.9754 -0.0133
vn 0.8818 -0.3348 0.3322
vn 0.9072 -0.0655 0.4156
vn -0.4903 -0.7361 0.4667
vn 0.4891 -0.7670 0.4154
vn -0.7150 -0.4328 0.5490
vn -0.8071 -0.2536 0.5333
vn -0.8566 0.1229 0.5012
vn 0.0997 -0.9702 0.2209
vn -0.0343 -0.8611 0.5073
vn -0.9217 0.1925 0.3368
vn -0.8332 0.2454 0.4955
vn 0.7244 0.6176 0.3065
vn 0.7635 0.6414 0.0749
vn 0.1744 -0.8608 0.4782
vn 0.3017 -0.7786 0.5502
vn 0.8735 -0.3412 0.3472
vn 0.0998 -0.9702 0.2209
vn 0.1743 -0.8606 0.4785
vn -0.0337 -0.8610 0.5075
vn -0.8532 -0.0496 0.5192
vn 0.7635 0.6415 0.0752
vn -0.5428 0.8321 0.1142
vn 0.1204 0.9915 -0.0503
vn 0.9071 -0.0652 0.4158
vn 0.8436 -0.3970 0.3615
vn 0.9071 0.0392 0.4191
vn 0.3015 -0.7785 0.5504
vn 0.5092 -0.8449 0.1637
vn 0.4887 -0.7671 0.4156
vn -0.8699 0.0509 0.4906
vn 0.9378 0.0425 0.3446
vn 0.9256 -0.0532 0.3748
vn -0.6612 0.5824 0.4729
vn -0.6612 0.7501 0.0114
vn 0.5092 0.8595 0.0439
vn -0.3930 0.9117 0.1196
vn -0.2917 0.9516 0.0971
vn 0.8734 -0.3415 0.3471
vn 0.9541 0.2829 0.0978
vn -0.3172 -0.7941 0.5185
vn -0.5740 -0.5866 0.5713
vn -0.8177 -0.3884 0.4248
vn 0.8896 -0.3456 0.2985
vn 0.8601 -0.3280 0.3907
vn 0.9866 -0.1581 0.0416
vn -0.8068 -0.2532 0.5338
vn -0.9582 0.2021 0.2025
vn -0.0887 0.9881 -0.1258
vn -0.0883 0.9881 -0.1261
vn 0.6765 -0.5887 0.4424
vn 0.8034 -0.4608 0.3771
vn 0.9661 0.0706 0.2482
vn -0.9037 0.3675 0.2198
vn -0.7390 0.5673 0.3635
vn 0.3005 -0.9215 0.2459
vn -0.8700 0.0506 0.4905
vn -0.8625 -0.1328 0.4883
vn -0.9587 0.1551 0.2383
vn 0.6133 0.7887 0.0430
vn 0.1211 0.9914 -0.0503
vn 0.5290 0.8483 0.0204
vn 0.5094 0.8595 0.0433
vn 0.4455 -0.6409 0.6251
vn 0.8794 0.4757 -0.0177
vn -0.5459 0.8379 -0.0012
vn -0.3370 0.9414 -0.0142
vn 0.1384 0.9639 0.2274
vn -0.0881 0.9881 -0.1257
vn -0.8719 -0.1803 0.4552
vn 0.8744 -0.4841 0.0326
vn -0.9817 0.1202 0.1480
vn 0.1377 0.9640 0.2275
vn -0.6596 0.7516 0.0031
vn -0.1557 -0.7742 0.6135
vn -0.8719 -0.1800 0.4553
vn -0.9140 -0.2660 0.3063
vn -0.9691 0.2423 0.0453
vn 0.6880 0.7016 -0.1858
vn 0.0378 -0.9235 0.3818
vn -0.9134 0.1137 0.3909
vn -0.8531 -0.0490 0.5195
vn 0.9679 -0.2377 -0.0819
vn 0.9844 0.1268 -0.1224
vn -0.8681 0.4759 0.1414
vn 0.8194 0.5726 0.0258
vn -0.3926 0.8284 0.3995
vn -0.2019 0.8799 0.4300
vn -0.3276 -0.9056 0.2693
vn 0.6209 -0.6588 0.4248
vn -0.6402 -0.5939 0.4872
vn -0.7427 -0.5509 0.3806
vn -0.8291 -0.1472 0.5394
vn 0.8777 0.4665 0.1099
vn 0.5029 0.7621 0.4077
vn 0.2411 -0.9042 0.3527
vn -0.4532 -0.8098 0.3727
vn 0.8685 -0.2017 0.4528
vn -0.6627 0.6613 0.3515
vn 0.2347 0.8521 0.4677
vn -0.1555 -0.7741 0.6137
vn -0.0340 -0.8608 0.5078
vn 0.0376 -0.9234 0.3820
vn -0.7916 -0.4097 0.4534
vn 0.9168 -0.2756 0.2888
vn 0.8315 -0.5493 0.0826
vn 0.8757 0.0351 0.4815
vn 0.9316 0.2711 0.2423
vn 0.7581 -0.5593 0.3354
vn 0.8876 -0.0591 0.4568
vn -0.8332 0.3865 0.3956
vn -0.1662 -0.9788 0.1199
vn -0.3277 -0.9057 0.2689
vn 0.8744 -0.1883 0.4472
vn 0.7983 0.3856 0.4627
vn 0.6343 0.6241 0.4562
vn 0.7069 0.4367 0.5564
vn -0.4531 -0.8099 0.3724
vn -0.4849 -0.8482 0.2134
vn -0.6402 -0.5944 0.4867
vn -0.7423 -0.5513 0.3810
vn -0.8612 0.2141 0.4610
vn -0.0385 0.8320 0.5535
vn 0.8876 -0.0597 0.4568
vn 0.7505 -0.5143 0.4150
vn 0.7866 -0.5869 0.1919
vn 0.2690 -0.9562 0.1157
vn -0.1864 -0.9760 -0.1123
vn -0.1867 -0.9760 -0.1124
vn 0.4693 -0.8549 0.2211
vn 0.8031 -0.3790 0.4598
vn 0.7510 -0.3352 0.5689
vn -0.8581 -0.0618 0.5097
vn 0.8069 0.2092 0.5523
vn 0.6235 -0.6766 0.3917
vn -0.7427 -0.5509 0.3807
vn -0.8019 -0.3844 0.4574
vn -0.8259 0.1885 0.5314
vn -0.8332 -0.1861 0.5207
vn -0.3463 0.7745 0.5294
vn -0.0052 -0.9947 0.1024
vn -0.6397 -0.5435 0.5435
vn 0.7508 -0.3358 0.5688
vn -0.0379 0.8319 0.5536
vn -0.6097 0.2124 0.7636
vn -0.6339 0.3938 0.6657
vn -0.8675 -0.1602 0.4709
vn 0.7430 -0.4350 0.5087
vn -0.2710 -0.8831 0.3830
vn 0.3147 -0.8067 0.5002
vn 0.6079 -0.4891 0.6255
vn -0.7692 0.0180 0.6387
vn 0.7720 -0.1540 0.6167
vn -0.7332 -0.3203 0.5999
vn -0.9314 -0.2288 0.2832
vn 0.3318 0.6290 0.7031
vn 0.1917 0.7336 0.6520
vn -0.0057 -0.9947 0.1028
vn -0.4686 -0.7220 0.5091
vn 0.4323 -0.6560 0.6187
vn -0.8017 -0.3845 0.4576
vn 0.8473 0.0381 0.5297
vn 0.8751 -0.1631 0.4556
vn 0.7368 0.0954 0.6694
vn 0.0458 -0.9003 0.4329
vn 0.8189 -0.3776 0.4323
vn 0.8578 -0.0417 0.5122
vn -0.7133 0.1313 0.6884
vn 0.0450 -0.9003 0.4329
vn 0.8752 -0.1637 0.4553
vn -0.7037 -0.0287 0.7099
vn 0.6444 0.3004 0.7032
vn -0.8996 -0.0548 0.4333
vn 0.5463 0.5761 0.6080
vn -0.5007 0.6632 0.5562
vn 0.0123 -0.7332 0.6799
vn -0.2426 -0.6823 0.6897
vn 0.7123 -0.3771 0.5920
vn 0.4729 0.4032 0.7834
vn 0.0129 -0.7330 0.6801
vn -0.8230 -0.0151 0.5678
vn -0.4675 -0.5741 0.6722
vn 0.8608 -0.2337 0.4521
vn 0.8609 -0.2342 0.4517
vn -0.9268 -0.0830 0.3663
vn -0.0704 0.7101 0.7006
vn 0.8043 0.3057 0.5095
vn -0.0701 0.7101 0.7006
vn -0.6336 -0.3902 0.6681
vn -0.7012 -0.1427 0.6985
vn -0.7689 0.0176 0.6391
vn 0.8990 -0.2656 0.3483
vn 0.2028 -0.5889 0.7824
vn -0.7366 -0.1099 0.6673
vn -0.8228 -0.0155 0.5682
vn -0.9842 -0.1135 0.1362
vn -0.7384 0.1011 0.6667
vn -0.4291 0.3610 0.8280
vn -0.0172 -0.5015 0.8650
vn -0.0166 -0.5015 0.8650
vn -0.5762 0.2596 0.7750
vn -0.6946 0.3047 0.6517
vn 0.6504 0.4652 0.6004
vn -0.2254 0.5226 0.8223
vn 0.7586 -0.4864 0.4335
vn 0.8601 -0.3958 0.3218
vn -0.9855 0.1431 0.0914
vn -0.9467 0.3064 0.0994
vn 0.8650 0.2141 0.4538
vn -0.8813 0.3965 0.2569
vn 0.0507 0.7819 0.6213
vn 0.3242 -0.4558 0.8289
vn 0.6229 -0.5333 0.5723
vn -0.7093 -0.3323 0.6217
vn -0.9732 0.1791 0.1442
vn -0.8899 0.3704 0.2660
vn -0.6556 0.3587 0.6644
vn 0.5519 0.4669 0.6910
vn 0.4019 0.7712 0.4937
vn -0.4132 -0.2788 0.8669
vn -0.9311 -0.0619 0.3594
vn 0.8428 -0.1894 0.5039
vn 0.8004 0.4781 0.3617
vn -0.4460 0.5038 0.7398
vn 0.2076 0.7660 0.6084
vn -0.1981 -0.3903 0.8991
vn -0.6380 -0.4481 0.6262
vn -0.2370 0.6214 0.7468
vn 0.0505 0.7818 0.6214
vn -0.5260 -0.4628 0.7135
vn -0.6065 -0.5967 0.5255
vn -0.8030 -0.2804 0.5258
vn -0.9309 -0.0623 0.3599
vn -0.5026 0.7446 0.4392
vn 0.5086 0.7726 0.3801
vn -0.1792 0.8716 0.4563
vn 0.3720 -0.6346 0.6775
vn -0.7534 0.5520 0.3573
vn 0.6178 0.5628 0.5491
vn -0.1789 0.8716 0.4563
vn 0.2083 0.8355 0.5084
vn -0.2797 -0.5006 0.8193
vn 0.0342 -0.6393 0.7682
vn 0.0348 -0.6393 0.7682
vn 0.2828 -0.8514 0.4418
vn 0.5750 -0.6415 0.5078
vn 0.8602 -0.3952 0.3221
vn 0.7573 -0.4439 0.4790
vn -0.6203 0.5178 0.5891
vn 0.7570 -0.4445 0.4790
vn -0.8052 0.1380 0.5767
vn 0.8484 0.3789 0.3697
vn 0.0001 0.7902 0.6129
vn 0.8346 0.0236 0.5503
vn -0.1165 -0.7852 0.6082
vn -0.1161 -0.7853 0.6082
vn -0.7825 -0.4175 0.4619
vn 0.9736 -0.2243 0.0415
vn 0.4220 0.7205 0.5503
vn -0.3015 0.7310 0.6122
vn 0.2497 -0.8904 0.3805
vn 0.7147 -0.6068 0.3479
vn -0.7619 -0.1267 0.6351
vn -0.4307 -0.8975 0.0952
vn -0.8051 0.1377 0.5769
vn -0.0005 0.7901 0.6129
vn 0.2493 -0.8907 0.3801
vn 0.9738 -0.2237 0.0415
vn -0.6793 0.3136 0.6635
vn -0.6205 0.5176 0.5892
vn 0.3990 -0.8833 -0.2460
vn -0.8046 -0.5937 -0.0154
vn -0.5026 -0.8572 0.1118
vn 0.9601 0.0250 0.2785
vn -0.4936 0.5012 0.7107
vn -0.0862 0.6943 0.7145
vn -0.5837 -0.7564 -0.2954
vn -0.9509 0.1247 0.2832
vn -0.8407 0.3678 0.3974
vn 0.7182 0.5596 0.4135
vn 0.2971 0.5939 0.7477
vn -0.2109 -0.9774 -0.0134
vn 0.6315 -0.6011 -0.4898
vn -0.4940 0.5006 0.7109
vn 0.2495 -0.8907 0.3799
vn 0.3985 -0.8836 -0.2458
vn -0.2109 -0.9774 -0.0131
vn -0.7369 -0.4507 -0.5038
vn 0.7969 -0.2221 -0.5618
vn 0.7326 -0.4685 -0.4937
vn -0.5727 0.5510 0.6069
vn -0.5730 0.5509 0.6068
vn -0.0863 0.6941 0.7147
vn 0.2159 -0.9733 -0.0774
vn 0.5214 -0.8047 -0.2840
vn 0.5213 -0.8046 -0.2844
vn -0.9032 -0.2766 -0.3282
vn -0.2111 -0.9774 -0.0127
vn -0.5224 -0.6738 -0.5227
vn -0.5841 -0.7563 -0.2948
vn -0.7368 -0.4506 -0.5041
vn -0.8792 0.1372 -0.4563
vn -0.0857 0.6942 0.7146
vn -0.2294 -0.9636 -0.1372
vn 0.5522 -0.5073 -0.6616
vn 0.8040 0.0180 -0.5943
vn 0.7973 -0.2219 -0.5613
vn -0.5437 0.6838 0.4866
vn 0.7330 -0.4686 -0.4931
vn 0.7972 -0.2223 -0.5613
vn -0.9833 0.1353 -0.1217
vn -0.9247 0.3803 0.0146
vn -0.9611 0.2678 -0.0677
vn 0.8556 0.3469 -0.3843
vn 0.2733 0.6439 0.7146
vn 0.2158 -0.9734 -0.0771
vn 0.7533 -0.1186 -0.6469
vn -0.6061 0.6863 0.4020
vn -0.0540 0.8686 0.4925
vn -0.1735 -0.8220 -0.5424
vn -0.0302 -0.7873 -0.6158
vn 0.3130 -0.7948 -0.5200
vn 0.3131 -0.7949 -0.5197
vn -0.2290 -0.9637 -0.1373
vn 0.7529 -0.1188 -0.6474
vn -0.6709 -0.2679 -0.6914
vn -0.9032 -0.2763 -0.3284
vn -0.0307 -0.7875 -0.6155
vn -0.2724 -0.6402 -0.7183
vn -0.7639 0.2053 -0.6118
vn 0.6101 0.7658 -0.2035
vn -0.0543 0.8686 0.4925
vn 0.5534 -0.1981 -0.8090
vn -0.7642 0.2048 -0.6117
vn -0.6062 0.6864 0.4016
vn -0.2339 0.9651 -0.1174
vn -0.0546 0.8687 0.4924
vn -0.0301 -0.7876 -0.6154
vn 0.2991 -0.7461 -0.5949
vn 0.4160 -0.5208 -0.7454
vn 0.8036 0.0180 -0.5949
vn 0.7921 0.0309 -0.6096
vn -0.8157 0.3988 -0.4191
vn -0.6930 0.5915 -0.4121
vn -0.6927 0.5915 -0.4127
vn -0.5724 0.7640 -0.2976
vn 0.3350 0.8310 -0.4440
vn -0.2335 0.9653 -0.1171
vn 0.0906 -0.8629 -0.4971
vn -0.2722 -0.6407 -0.7179
vn -0.1731 -0.8223 -0.5421
vn 0.0789 -0.4214 -0.9034
vn 0.2754 -0.1915 -0.9420
vn 0.6054 0.5121 -0.6093
vn 0.3785 0.6884 -0.6187
vn -0.7592 -0.3698 -0.5356
vn -0.5185 0.1137 -0.8475
vn -0.7033 -0.3732 -0.6050
vn 0.4463 0.1244 -0.8862
vn 0.1962 0.5404 -0.8182
vn 0.4760 -0.2128 -0.8533
vn 0.7473 0.3628 -0.5567
vn -0.4159 0.5625 -0.7146
vn -0.4216 -0.7874 -0.4498
vn -0.8080 -0.1522 -0.5691
vn -0.3610 0.4038 -0.8406
vn 0.0177 0.0663 -0.9976
vn 0.4151 -0.2654 -0.8702
vn -0.0733 -0.7483 -0.6593
vn 0.0791 -0.4218 -0.9032
vn -0.1464 -0.0785 -0.9861
vn 0.1215 0.3032 -0.9451
vn 0.2543 -0.3338 -0.9077
vn 0.4288 -0.6514 -0.6260
vn -0.0365 -0.5688 -0.8217
vn -0.3487 0.0237 -0.9369
vn -0.6673 0.2675 -0.6951
vn 0.7921 0.0313 -0.6096
vn -0.6003 0.0054 -0.7998
vn 0.0179 0.0669 -0.9976
vn -0.3612 0.4036 -0.8406
vn -0.4495 0.4082 -0.7946
vn 0.3314 0.1530 -0.9310
vn 0.1274 -0.2515 -0.9594
vn -0.1593 -0.2972 -0.9414
vn -0.1375 0.4290 -0.8928
vn 0.6977 0.1456 -0.7014
vn 0.7477 0.3630 -0.5561
vn 0.6057 0.5118 -0.6093
vn 0.7494 0.4135 -0.5171
vn -0.0604 0.7019 -0.7097
vn -0.0598 0.7019 -0.7097
vn -0.0281 -0.1011 -0.9945
vn -0.4001 -0.0863 -0.9124
vn 0.4530 0.0586 -0.8896
vn 0.7925 0.0312 -0.6091
vn 0.9231 -0.1738 -0.3430
vn 0.6976 0.1458 -0.7015
vn -0.4238 0.5916 -0.6858
vn 0.6903 -0.4342 -0.5787
vn 0.8417 -0.1433 -0.5206
vn 0.4757 -0.2129 -0.8534
vn -0.7454 0.3377 -0.5747
vn 0.3319 0.1532 -0.9308
vn 0.8528 0.2478 -0.4596
vn -0.7643 0.2051 -0.6113
vn -0.8477 0.0452 -0.5285
vn -0.6482 0.3572 -0.6725
vn -0.5618 0.4635 -0.6852
vn -0.7485 -0.6333 -0.1965
vn -0.5658 -0.5138 -0.6449
vn 0.4759 -0.2127 -0.8534
vn 0.2727 -0.8927 -0.3588
vn -0.0306 -0.7876 -0.6154
vn -0.3706 -0.4981 -0.7839
vn -0.1879 -0.2743 -0.9431
vn 0.2547 -0.3338 -0.9076
vn -0.0647 -0.7719 -0.6325
vn -0.4221 0.4807 -0.7686
vn 0.8521 0.0376 -0.5220
vn -0.6479 0.3573 -0.6727
vn -0.8838 -0.4363 -0.1686
vn 0.1477 -0.8008 -0.5805
vn -0.3505 -0.7521 -0.5581
vn -0.7168 0.3269 -0.6158
vn 0.5684 0.5161 -0.6407
vn 0.8653 0.1166 -0.4875
vn -0.8193 0.1934 -0.5397
vn -0.6674 0.2679 -0.6948
vn 0.0333 0.7656 -0.6424
vn 0.6904 -0.4345 -0.5784
vn 0.8419 -0.1437 -0.5201
vn 0.8900 -0.4401 -0.1195
vn 0.7541 -0.1043 -0.6485
vn -0.8195 0.1935 -0.5394
vn -0.4223 0.4809 -0.7684
vn 0.8527 0.2481 -0.4598
vn 0.7267 0.2663 -0.6332
vn 0.7088 -0.7054 -0.0014
vn -0.7723 0.5820 -0.2544
vn -0.5724 0.6030 -0.5556
vn 0.6603 0.6849 -0.3082
vn -0.4214 -0.7876 -0.4495
vn -0.4128 -0.9044 0.1083
vn -0.7484 -0.6337 -0.1959
vn -0.6386 -0.5803 -0.5054
vn 0.3786 -0.7744 -0.5070
vn 0.2721 -0.8929 -0.3587
vn 0.8768 0.4646 -0.1242
vn 0.8835 0.1636 -0.4390
vn -0.7867 0.3750 -0.4904
vn 0.9609 -0.0764 -0.2660
vn -0.2701 0.7935 -0.5453
vn 0.0326 0.7658 -0.6423
vn 0.6303 -0.6516 -0.4220
vn 0.0518 -0.8751 -0.4812
vn 0.8836 0.1636 -0.4387
vn 0.5765 0.5467 -0.6073
vn 0.5763 0.5467 -0.6075
vn 0.3786 0.6882 -0.6189
vn 0.3495 0.7383 -0.5768
vn 0.3494 0.7382 -0.5771
vn -0.6880 -0.7080 0.1593
vn -0.4149 -0.7514 -0.5131
vn -0.8379 0.0272 -0.5451
vn 0.2103 -0.9206 -0.3289
vn 0.8093 0.5856 -0.0457
vn -0.7630 0.3760 -0.5258
vn -0.6263 0.5839 -0.5165
vn -0.4570 0.7687 -0.4475
vn 0.1321 0.8847 -0.4470
vn -0.8838 -0.4367 -0.1680
vn -0.5906 -0.7969 -0.1268
vn 0.6410 -0.7651 -0.0606
vn -0.6615 -0.6513 -0.3719
vn -0.7724 0.5822 -0.2538
vn -0.9123 0.2726 -0.3056
vn -0.7458 0.3376 -0.5743
vn -0.8209 0.1690 -0.5455
vn -0.8459 0.5057 -0.1696
vn -0.8115 -0.1054 -0.5747
vn 0.7470 0.3905 -0.5381
vn 0.0333 0.7657 -0.6423
vn 0.1327 0.8846 -0.4470
vn 0.4628 -0.7855 0.4108
vn 0.4019 -0.8845 0.2370
vn -0.5908 -0.7969 -0.1262
vn 0.1622 -0.9481 -0.2736
vn 0.5576 -0.8093 -0.1846
vn -0.8193 0.5695 -0.0665
vn 0.9479 0.3088 -0.0782
vn 0.8809 -0.0885 -0.4650
vn -0.1768 0.9145 -0.3638
vn -0.1434 -0.8890 0.4349
vn -0.4054 -0.7749 0.4848
vn 0.4026 -0.9151 0.0240
vn -0.3353 -0.9397 0.0675
vn -0.3923 -0.8976 -0.2008
vn -0.3920 -0.8978 -0.2008
vn 0.2179 -0.9720 -0.0875
vn -0.9351 0.1684 -0.3118
vn -0.7846 0.2131 -0.5822
vn 0.8810 -0.0878 -0.4648
vn 0.7901 -0.2876 -0.5413
vn 0.8637 0.1503 -0.4811
vn 0.4646 0.7805 -0.4182
vn 0.1442 -0.6692 0.7289
vn 0.1084 -0.7357 0.6685
vn -0.0220 -0.8664 0.4989
vn -0.7599 0.5225 0.3867
vn 0.8590 0.4963 0.1257
vn -0.8718 0.3374 -0.3550
vn 0.8464 0.3281 -0.4196
vn -0.7578 0.5334 -0.3758
vn -0.6204 -0.7576 0.2026
vn -0.3434 -0.9392 0.0069
vn 0.3949 -0.9186 0.0118
vn -0.9413 0.2586 0.2169
vn -0.1975 -0.6827 0.7035
vn -0.0763 -0.9641 0.2543
vn 0.9156 0.3967 0.0659
vn 0.8581 0.1559 0.4892
vn 0.9389 0.3375 0.0674
vn -0.8978 0.2544 -0.3596
vn -0.8936 0.1258 -0.4308
vn 0.3453 0.8112 -0.4718
vn 0.5508 -0.4168 0.7231
vn 0.5428 -0.6697 0.5068
vn 0.3472 -0.6658 0.6604
vn 0.9107 -0.0961 -0.4017
vn 0.7902 -0.3683 -0.4898
vn 0.5810 0.7296 -0.3608
vn 0.1831 -0.8787 0.4408
vn 0.2770 -0.8494 0.4493
vn -0.2413 -0.9542 0.1768
vn -0.1008 -0.9949 -0.0040
vn -0.3347 -0.9399 0.0679
vn -0.4235 -0.9058 0.0152
vn -0.9441 -0.0740 0.3214
vn -0.9921 -0.0411 0.1188
vn 0.9672 0.2289 -0.1104
vn 0.9106 -0.0967 -0.4019
vn 0.6893 0.5846 -0.4280
vn -0.2364 -0.4575 0.8572
vn -0.3795 -0.4125 0.8282
vn 0.6556 0.1249 0.7447
vn -0.5524 0.2476 0.7960
vn 0.9200 -0.0812 0.3834
vn -0.9131 0.2804 0.2961
vn -0.9163 0.3830 -0.1172
vn -0.5231 0.8439 -0.1193
vn -0.1415 0.9640 -0.2250
vn -0.3796 -0.4121 0.8283
vn -0.7011 -0.3673 0.6112
vn -0.4773 -0.1576 0.8645
vn -0.2516 -0.9654 0.0690
vn -0.1907 -0.9144 0.3570
vn -0.9481 -0.2683 0.1706
vn 0.6989 -0.1423 0.7009
vn 0.4255 -0.8811 0.2062
vn 0.8781 -0.0460 -0.4763
vn -0.1455 -0.8983 0.4146
vn 0.1553 -0.9493 0.2734
vn 0.9845 -0.1386 0.1078
vn 0.4253 -0.8813 0.2061
vn -0.9154 -0.2735 0.2953
vn 0.9856 -0.0294 0.1663
vn 0.8270 0.4162 -0.3778
vn 0.8782 -0.0454 -0.4761
vn -0.9299 -0.0442 -0.3650
vn 0.2333 -0.8415 0.4874
vn -0.7009 -0.3672 0.6114
vn -0.4241 -0.8520 0.3069
vn -0.9295 -0.1439 -0.3395
vn -0.0080 0.9091 -0.4165
vn -0.1374 -0.9605 0.2422
vn 0.8348 -0.4480 0.3202
vn -0.3676 -0.8503 0.3767
vn 0.9819 -0.0252 -0.1876
vn -0.9990 -0.0387 0.0223
vn -0.1084 -0.9268 0.3595
vn -0.5657 -0.7905 0.2345
vn 0.2332 -0.8418 0.4868
vn 0.2766 -0.8497 0.4489
vn -0.2692 -0.9467 0.1767
vn -0.3670 -0.8503 0.3771
vn 0.8329 0.2743 -0.4806
vn 0.9130 0.0997 -0.3957
vn 0.9529 -0.0324 -0.3017
vn -0.2926 -0.9091 0.2965
vn 0.3673 -0.8399 0.3996
vn -0.9865 -0.1502 -0.0651
vn -0.9921 0.0171 -0.1243
vn -0.7968 -0.5966 0.0955
vn 0.9850 0.1715 0.0211
vn -0.3390 -0.9263 -0.1647
vn -0.9400 -0.2825 0.1912
vn -0.1906 -0.9142 0.3576
vn 0.6967 -0.2863 0.6578
vn -0.8943 -0.0553 -0.4441
vn 0.9130 0.0994 -0.3957
vn -0.9468 0.2035 -0.2492
vn -0.4327 -0.8940 -0.1161
vn -0.1904 -0.9143 0.3576
vn 0.5322 -0.8372 -0.1261
vn 0.9365 0.0821 -0.3409
vn 0.9135 0.3355 -0.2299
vn -0.7210 0.6651 -0.1943
vn -0.0082 0.9089 -0.4170
vn -0.5293 -0.8385 -0.1294
vn 0.1908 -0.8880 0.4184
vn 0.6021 -0.6377 0.4804
vn 0.2485 -0.8150 -0.5234
vn -0.6700 -0.7100 -0.2166
vn 0.4280 -0.5130 -0.7440
vn 0.5320 -0.8373 -0.1260
vn 0.8340 -0.4693 0.2903
vn 0.6945 -0.5460 -0.4686
vn -0.8909 -0.2746 -0.3618
vn -0.9796 0.1713 -0.1053
vn -0.4370 0.6366 -0.6354
vn -0.1358 0.7019 -0.6992
vn -0.5293 -0.8385 -0.1298
vn -0.2831 -0.3025 -0.9101
vn 0.0162 -0.2274 -0.9737
vn 0.0165 -0.2273 -0.9737
vn -0.0626 -0.4843 -0.8727
vn 0.2578 -0.3658 -0.8943
vn -0.0625 -0.4840 -0.8728
vn -0.9593 -0.1146 -0.2583
vn -0.4373 0.6368 -0.6350
vn 0.2700 0.6361 -0.7228
vn -0.1546 -0.9700 0.1877
vn -0.3019 -0.4202 -0.8557
vn 0.2575 -0.3660 -0.8943
vn 0.0447 -0.9389 -0.3414
vn 0.0757 -0.6956 -0.7145
vn -0.9774 -0.1932 0.0854
vn 0.9524 -0.0161 -0.3044
vn -0.9249 0.2453 -0.2904
vn -0.3134 0.8023 -0.5081
vn 0.1780 -0.9310 0.3186
vn -0.6351 -0.5776 -0.5129
vn -0.8161 -0.5727 0.0773
vn 0.8411 -0.5361 -0.0716
vn 0.3354 0.8464 -0.4137
vn -0.0793 0.7802 -0.6205
vn -0.1361 0.7018 -0.6993
vn -0.2993 0.6765 -0.6729
vn 0.1235 -0.6753 -0.7272
vn 0.5613 -0.8234 0.0835
vn 0.9636 -0.1941 -0.1838
vn -0.9592 0.0110 -0.2827
vn 0.9145 -0.3818 -0.1337
vn -0.3943 -0.7877 -0.4733
vn -0.4239 -0.8788 0.2192
vn -0.1162 -0.7967 -0.5931
vn 0.1238 -0.6752 -0.7271
vn 0.3723 -0.6945 -0.6157
vn 0.5592 -0.7317 -0.3897
vn -0.8912 -0.4164 -0.1798
vn -0.9223 -0.1329 -0.3630
vn 0.9671 0.1678 -0.1914
vn -0.9040 0.2065 -0.3744
vn -0.9521 0.1396 -0.2721
vn -0.4305 0.7899 -0.4368
vn -0.4239 -0.7376 -0.5256
vn 0.2923 -0.9031 -0.3145
vn 0.3215 -0.9370 -0.1364
vn 0.9803 -0.0309 -0.1953
vn -0.8333 0.5146 -0.2019
vn -0.1356 0.7021 -0.6990
vn 0.2526 0.9013 -0.3521
vn 0.3354 0.8465 -0.4134
vn -0.3196 -0.9411 0.1108
vn -0.1042 -0.9888 0.1068
vn -0.4546 -0.8750 -0.1663
vn 0.4110 -0.8696 -0.2735
vn 0.9107 -0.1164 -0.3963
vn -0.9876 -0.1428 -0.0648
vn 0.6052 -0.6381 -0.4760
vn -0.7517 -0.6137 -0.2416
vn -0.8401 -0.1459 -0.5225
vn 0.8208 0.5580 -0.1221
vn 0.1736 -0.9117 -0.3725
vn 0.1739 -0.9117 -0.3723
vn -0.7411 -0.6072 -0.2864
vn -0.4612 -0.8611 -0.2140
vn 0.0605 -0.9866 -0.1513
vn -0.5765 -0.7688 0.2767
vn -0.7253 -0.3489 -0.5935
vn 0.8605 -0.3949 -0.3220
vn -0.5229 0.8197 -0.2339
vn 0.3357 0.8464 -0.4133
vn 0.5623 0.8138 -0.1467
vn 0.0620 0.9142 -0.4006
vn 0.0617 0.9142 -0.4006
vn -0.2404 -0.9208 -0.3071
vn -0.4615 -0.8609 -0.2141
vn -0.4491 -0.5886 -0.6722
vn 0.8449 0.0892 -0.5275
vn 0.9923 -0.1045 -0.0661
vn -0.9699 0.2081 0.1269
vn -0.7209 0.6653 -0.1940
vn -0.8332 0.5150 -0.2013
vn -0.6493 0.7568 0.0747
vn -0.4307 0.7895 -0.4372
vn -0.5232 0.8194 -0.2343
vn -0.5483 0.7195 -0.4264
vn -0.2994 0.6769 -0.6725
vn 0.5621 0.8139 -0.1469
vn -0.4192 -0.8539 -0.3084
vn 0.3134 -0.8466 -0.4302
vn 0.2479 -0.8600 -0.4461
vn 0.2822 -0.8545 -0.4362
vn 0.6530 -0.1960 -0.7316
vn -0.7487 -0.1300 -0.6501
vn -0.8069 0.5306 -0.2596
vn -0.5230 0.8440 -0.1190
vn -0.6586 0.7045 -0.2643
vn -0.2993 0.6769 -0.6725
vn -0.1273 0.9232 -0.3627
vn -0.0795 0.7806 -0.6200
vn -0.1477 -0.9827 -0.1119
vn 0.3402 -0.8985 -0.2776
vn -0.0342 -0.9782 -0.2050
vn 0.8154 0.0469 -0.5770
vn -0.7953 0.1422 -0.5893
vn -0.6586 0.7047 -0.2640
vn 0.6907 0.6379 -0.3406
vn 0.8208 0.5582 -0.1214
vn -0.5994 -0.7902 -0.1278
vn -0.3049 -0.2685 -0.9138
vn -0.6017 0.0411 -0.7977
vn -0.8973 0.3434 -0.2773
vn 0.9478 0.1372 -0.2878
vn -0.9897 0.1292 -0.0612
vn 0.9891 0.1226 -0.0819
vn -0.6525 0.6831 -0.3282
vn -0.4899 0.8033 -0.3386
vn 0.0452 -0.9051 -0.4227
vn -0.1045 -0.7918 -0.6018
vn -0.0411 -0.4256 -0.9040
vn 0.8707 0.3714 -0.3226
vn 0.9202 0.2834 -0.2701
vn -0.8736 0.4802 -0.0783
vn 0.1320 0.9091 -0.3952
vn -0.3994 -0.1526 -0.9040
vn -0.0397 -0.6770 -0.7349
vn -0.3713 0.0875 -0.9244
vn 0.8204 0.3598 -0.4444
vn 0.7791 0.4733 -0.4111
vn 0.5525 0.8198 -0.1504
vn 0.2529 0.9012 -0.3519
vn -0.2263 -0.9559 -0.1872
vn 0.1657 -0.7016 -0.6930
vn -0.3147 0.0517 -0.9478
vn -0.6170 0.3765 -0.6911
vn 0.3570 -0.9104 -0.2090
vn 0.1944 -0.9809 0.0013
vn 0.9201 0.2837 -0.2700
vn -0.8566 -0.3501 0.3791
vn 0.8455 0.5289 -0.0734
vn -0.2987 0.9022 -0.3110
vn -0.0984 0.9551 -0.2796
vn -0.1470 -0.9828 -0.1119
vn 0.1312 -0.9838 0.1223
vn -0.9674 -0.0483 0.2488
vn -0.8566 -0.3498 0.3793
vn -0.9047 0.0011 0.4260
vn -0.9877 -0.1425 -0.0648
vn -0.9698 0.2081 0.1276
vn 0.9136 0.3358 -0.2293
vn 0.9556 0.2642 0.1307
vn 0.9891 0.1228 -0.0813
vn 0.6248 -0.7541 -0.2023
vn -0.0111 -0.9526 -0.3040
vn 0.9331 0.2982 -0.2009
vn -0.7113 0.6295 -0.3128
vn 0.5524 0.8198 -0.1510
vn 0.2532 0.9012 -0.3517
vn 0.5328 0.7596 -0.3730
vn -0.5991 -0.8001 0.0317
vn -0.8653 0.5011 0.0149
vn 0.8436 0.5144 -0.1541
vn -0.8735 0.4805 -0.0777
vn -0.9319 0.3525 -0.0852
vn -0.0979 0.9550 -0.2800
vn -0.1957 -0.9591 0.2046
vn 0.4333 -0.8996 -0.0540
vn -0.0737 -0.9663 0.2466
vn 0.0171 -0.7176 -0.6962
vn -0.5944 0.4705 -0.6522
vn 0.9557 0.2841 -0.0772
vn 0.8437 0.5143 -0.1538
vn 0.8705 0.3716 -0.3227
vn 0.9486 0.3145 0.0351
vn 0.9201 0.2836 -0.2702
vn 0.9923 -0.1045 -0.0660
vn 0.9770 -0.0802 0.1978
vn -0.8519 0.4606 -0.2494
vn 0.1559 -0.9866 0.0482
vn -0.4029 -0.9031 0.1483
vn 0.4642 -0.8844 -0.0483
vn 0.1380 -0.9713 -0.1937
vn -0.9674 -0.0479 0.2488
vn -0.9455 0.3245 0.0263
vn -0.9673 -0.1930 0.1647
vn 0.5330 0.7594 -0.3732
vn -0.0916 0.9866 -0.1349
vn -0.0981 0.9551 -0.2797
vn 0.2620 0.9046 -0.3362
vn 0.1326 0.9091 -0.3949
vn 0.3043 -0.9508 -0.0583
vn 0.2793 -0.9549 -0.1006
vn 0.1318 -0.9837 0.1224
vn -0.3293 0.8821 -0.3369
vn -0.8651 0.5013 0.0155
vn -0.7622 0.3849 -0.5206
vn -0.9722 0.2342 0.0065
vn 0.9979 0.0536 -0.0349
vn 0.9056 0.2515 -0.3416
vn 0.7091 -0.7044 0.0327
vn 0.5199 -0.8392 0.1595
vn 0.1519 -0.9775 0.1464
vn -0.8376 0.5429 0.0606
vn 0.7793 0.4730 -0.4110
vn 0.9558 0.2836 -0.0771
vn 0.9770 -0.0804 0.1975
vn -0.8455 0.4382 -0.3051
vn -0.5566 0.7477 -0.3622
vn -0.0020 0.9904 -0.1379
vn -0.2232 -0.9525 0.2073
vn -0.2671 -0.9426 -0.2005
vn -0.1926 -0.9644 0.1814
vn 0.9178 0.3673 0.1507
vn 0.9487 0.3143 0.0353
vn 0.9938 -0.1051 0.0351
vn -0.9901 -0.0187 0.1394
vn 0.8561 0.4535 -0.2479
vn 0.7234 0.5391 -0.4313
vn -0.5568 0.7475 -0.3623
vn -0.0668 0.9939 -0.0880
vn 0.3275 -0.9301 0.1664
vn -0.8231 0.4462 0.3512
vn -0.9469 0.3026 -0.1085
vn -0.8996 0.0083 -0.4366
vn -0.9504 -0.2588 0.1728
vn 0.9712 0.0210 -0.2374
vn -0.3763 0.9169 0.1332
vn -0.1977 0.9674 -0.1580
vn -0.0922 0.9866 -0.1346
vn -0.1059 -0.9879 0.1138
vn -0.1065 -0.9878 0.1138
vn -0.3392 -0.8986 0.2781
vn -0.5187 0.2625 -0.8137
vn 0.7586 0.6243 -0.1864
vn 0.9061 0.1656 -0.3894
vn 0.3024 0.9230 -0.2381
vn 0.0741 -0.9960 0.0506
vn 0.0525 -0.7508 0.6585
vn 0.8787 0.4428 0.1784
vn -0.9528 0.0599 -0.2978
vn -0.9279 0.2847 -0.2409
vn 0.0193 0.9904 -0.1366
vn 0.4828 -0.8591 0.1700
vn 0.1846 -0.9075 0.3773
vn 0.6766 0.6679 -0.3100
vn 0.9229 0.0556 -0.3810
vn -0.7299 0.6379 -0.2456
vn 0.7233 0.5394 -0.4312
vn 0.6635 0.7412 -0.1018
vn 0.3378 -0.7889 0.5134
vn 0.7220 -0.6789 0.1331
vn 0.8783 0.2380 0.4146
vn 0.9059 0.1661 -0.3896
vn -0.2363 0.9537 -0.1859
vn -0.2369 0.9536 -0.1860
vn 0.4053 -0.7256 0.5560
vn -0.5992 -0.8000 0.0320
vn -0.3427 -0.9363 0.0764
vn -0.3395 -0.8986 0.2780
vn -0.9516 0.0452 -0.3040
vn 0.6637 0.7410 -0.1021
vn -0.4251 0.8861 -0.1847
vn 0.1070 -0.9813 0.1601
vn 0.1988 -0.9800 -0.0002
vn -0.1318 -0.9878 -0.0830
vn 0.4054 -0.7252 0.5566
vn 0.0524 -0.7505 0.6588
vn 0.4947 -0.4010 0.7711
vn -0.0736 -0.9661 0.2473
vn 0.2283 -0.9692 -0.0924
vn 0.1848 -0.9072 0.3779
vn -0.9074 0.2669 0.3246
vn -0.9517 0.0451 -0.3038
vn -0.8230 0.4463 0.3513
vn -0.8111 -0.4656 -0.3539
vn 0.9866 0.1607 -0.0281
vn 0.9229 0.0560 -0.3809
vn -0.8692 -0.2879 -0.4021
vn 0.3380 -0.7887 0.5136
vn -0.1633 -0.3672 0.9157
vn 0.4301 0.6660 0.6095
vn -0.9963 0.0508 0.0699
vn -0.8126 0.0225 -0.5824
vn -0.9405 0.2470 -0.2335
vn -0.7299 0.6381 -0.2450
vn -0.6499 0.7573 -0.0639
vn 0.0931 0.9637 -0.2501
vn -0.0911 0.9874 -0.1297
vn -0.1024 -0.9651 0.2410
vn 0.2786 -0.9484 0.1515
vn 0.0738 -0.9960 0.0505
vn 0.1316 -0.9837 0.1227
vn -0.1318 -0.9878 -0.0833
vn 0.4972 -0.2841 0.8198
vn -0.2233 -0.9524 0.2076
vn 0.0523 -0.7508 0.6585
vn 0.7221 -0.6788 0.1333
vn -0.0504 -0.8607 -0.5067
vn -0.5940 -0.7096 0.3790
vn -0.1263 -0.2931 0.9477
vn -0.6123 -0.2942 0.7339
vn 0.2032 -0.0919 0.9748
vn -0.0172 -0.0853 0.9962
vn -0.9295 -0.3675 0.0306
vn 0.4084 0.0332 0.9122
vn 0.8537 0.3555 -0.3805
vn 0.9545 0.2244 -0.1962
vn 0.9608 0.2747 -0.0367
vn -0.0877 0.9854 -0.1457
vn 0.0934 0.9637 -0.2501
vn 0.0118 -0.8781 0.4784
vn -0.9212 -0.3877 -0.0330
vn 0.2661 0.2912 0.9189
vn 0.6017 -0.0024 0.7987
vn 0.9801 0.0589 0.1898
vn -0.8879 0.3466 -0.3024
vn -0.1021 -0.9651 0.2412
vn -0.1062 -0.9878 0.1138
vn 0.1068 -0.9813 0.1603
vn 0.2212 -0.9264 0.3047
vn 0.3380 -0.7885 0.5138
vn 0.2640 -0.9025 0.3402
vn -0.0505 -0.8608 -0.5065
vn 0.2420 -0.6089 0.7555
vn 0.7128 -0.4343 0.5507
vn -0.2968 0.0758 0.9519
vn 0.7764 -0.2662 0.5713
vn 0.7041 0.5392 0.4621
vn -0.2970 0.0758 0.9519
vn -0.6934 0.4260 0.5811
vn 0.7766 -0.2658 0.5711
vn -0.8189 -0.4550 -0.3498
vn -0.8191 -0.4548 -0.3495
vn 0.9413 -0.1263 -0.3130
vn 0.9481 0.0586 -0.3126
vn -0.0102 0.9978 0.0662
vn 0.2716 0.9617 -0.0384
vn -0.4035 -0.9029 0.1485
vn -0.3171 -0.9152 0.2489
vn 0.6084 -0.7501 0.2592
vn 0.4828 -0.8590 0.1703
vn -0.2203 -0.9667 -0.1302
vn 0.5495 -0.8145 -0.1861
vn 0.1936 -0.7588 0.6219
vn -0.4783 -0.8393 0.2586
vn 0.7947 -0.5904 0.1407
vn 0.8538 -0.3525 -0.3832
vn -0.8712 0.4884 -0.0500
vn 0.8560 0.4537 -0.2477
vn 0.8331 0.5509 0.0493
vn -0.3249 0.9351 -0.1417
vn -0.3377 0.9410 -0.0215
vn 0.0320 -0.8317 -0.5543
vn 0.5361 -0.6547 0.5329
vn -0.5233 -0.8519 0.0186
vn 0.7332 -0.5128 -0.4467
vn 0.7334 -0.5123 -0.4468
vn -0.9594 -0.0441 -0.2785
vn 0.8965 0.4184 -0.1459
vn -0.2599 -0.9295 -0.2618
vn -0.6463 -0.7005 -0.3026
vn 0.3254 -0.9427 -0.0742
vn 0.2641 -0.9026 0.3399
vn 0.1967 -0.9797 -0.0380
vn 0.6078 -0.7909 -0.0720
vn 0.7909 -0.5078 -0.3415
vn -0.8710 0.4887 -0.0499
vn 0.0057 0.9981 0.0610
vn -0.0096 0.9978 0.0663
vn -0.0870 0.9855 -0.1458
vn 0.0286 0.9824 0.1844
vn 0.4776 -0.5351 0.6968
vn 0.7911 -0.5072 -0.3419
vn -0.9433 -0.3088 -0.1213
vn 0.9544 0.2251 -0.1962
vn -0.2268 -0.9701 0.0862
vn -1.0000 -0.0071 0.0069
vn 0.4263 0.8977 0.1115
vn 0.4781 -0.8695 -0.1236
vn -0.9686 -0.1461 0.2010
vn 0.9422 0.2820 -0.1810
vn 0.9817 0.1193 0.1484
vn 0.8333 0.5506 0.0493
vn -0.6817 0.6810 0.2674
vn -0.4688 -0.7867 0.4018
vn 0.2745 -0.9524 0.1326
vn 0.5065 -0.8590 0.0749
vn 0.7499 -0.6543 0.0976
vn -0.1642 0.9655 0.2020
vn -0.0944 -0.9080 0.4083
vn -0.3532 -0.9325 0.0749
vn 0.5060 -0.8592 0.0753
vn -0.7592 -0.6474 0.0672
vn -0.9863 0.1639 -0.0186
vn 0.9918 0.1260 -0.0220
vn -0.8805 0.4719 -0.0445
vn 0.6105 0.7302 0.3068
vn 0.8288 0.5155 0.2176
vn 0.4120 -0.8019 0.4326
vn -0.0869 -0.9695 0.2292
vn 0.9390 -0.2603 -0.2250
vn -0.8074 -0.4538 0.3771
vn 0.9918 0.1260 -0.0214
vn 0.9818 0.1191 0.1481
vn -0.9392 0.2982 0.1701
vn -0.3755 0.8938 0.2452
vn -0.1619 0.9825 0.0921
vn -0.5869 -0.6498 0.4831
vn -0.3299 -0.8000 0.5012
vn -0.7593 -0.6472 0.0675
vn -0.9606 0.2193 0.1707
vn 0.8770 0.3843 0.2885
vn 0.3589 -0.9099 0.2081
vn 0.9772 0.2083 0.0403
vn -0.5670 0.7976 0.2058
vn -0.1152 0.9663 -0.2303
vn -0.0279 -0.9819 0.1875
vn -0.4851 -0.8180 -0.3092
vn -0.7596 -0.6469 0.0669
vn -0.9841 0.1171 0.1336
vn -0.8276 0.5234 0.2029
vn 0.8767 0.3846 0.2888
vn -0.8274 0.5236 0.2030
vn 0.2635 0.9161 0.3023
vn -0.1148 0.9664 -0.2299
vn 0.1796 -0.8860 0.4275
vn -0.3344 -0.9073 0.2548
vn -0.2574 0.8373 0.4823
vn -0.0998 0.9942 -0.0395
vn -0.0937 -0.9080 0.4083
vn 0.2379 -0.9648 0.1121
vn 0.9168 -0.3748 -0.1380
vn 0.8102 -0.5071 0.2940
vn 0.9430 -0.1969 0.2683
vn -0.9284 0.2551 0.2701
vn 0.9771 0.2088 0.0407
vn 0.8556 0.4645 0.2286
vn -0.4136 0.9090 0.0520
vn -0.4303 0.7539 0.4965
vn 0.6537 0.7557 0.0401
vn 0.0693 0.9349 -0.3482
vn 0.2734 -0.9305 0.2436
vn -0.9149 -0.2136 -0.3426
vn 0.4364 -0.6967 -0.5694
vn 0.4365 -0.6965 -0.5696
vn 0.9628 0.1112 0.2463
vn 0.5254 0.6477 0.5517
vn 0.4111 0.9114 0.0157
vn 0.1631 -0.7944 0.5851
vn -0.9965 -0.0758 0.0351
vn -0.9965 -0.0759 0.0355
vn 0.8772 -0.0414 0.4783
vn -0.8828 -0.1570 0.4427
vn 0.9366 0.1084 0.3333
vn 0.8640 0.4636 0.1967
vn -0.4899 0.8419 0.2264
vn -0.5571 0.5502 -0.6220
vn -0.2669 0.8531 -0.4483
vn 0.3857 -0.8999 0.2036
vn -0.3025 -0.8985 0.3182
vn 0.9035 0.3280 0.2759
vn -0.9309 0.2045 0.3027
vn 0.9629 0.1107 0.2461
vn 0.9772 0.2083 0.0409
vn 0.0638 -0.8858 0.4597
vn -0.0526 -0.9344 0.3524
vn -0.3819 -0.2319 -0.8946
vn -0.8592 0.0781 0.5057
vn 0.8936 0.2913 0.3414
vn -0.9499 0.3125 0.0018
vn -0.6978 0.5634 0.4423
vn -0.7076 0.6981 0.1098
vn -0.7382 0.5960 -0.3161
vn -0.3046 -0.8178 0.4883
vn -0.0193 -0.9532 -0.3016
vn 0.1244 -0.9909 -0.0508
vn 0.0994 -0.9481 -0.3020
vn -0.3502 -0.6812 -0.6429
vn 0.2406 0.1744 -0.9548
vn 0.5201 -0.6425 -0.5628
vn 0.0506 0.3530 -0.9342
vn 0.3253 -0.0874 -0.9416
vn -0.2245 -0.6983 0.6796
vn -0.4814 -0.8007 0.3565
vn 0.0129 -0.9905 0.1369
vn 0.0543 -0.7951 -0.6040
vn 0.4135 0.3696 -0.8321
vn 0.3714 0.6725 -0.6402
vn -0.2642 0.4101 -0.8729
vn -0.8323 0.5405 -0.1230
vn -0.8590 0.0779 0.5060
vn -0.8427 0.4478 0.2990
vn -0.9494 0.3141 0.0032
vn -0.7389 0.6719 0.0508
vn -0.8250 0.4731 -0.3092
vn -0.2396 0.8327 -0.4992
vn 0.0540 -0.7953 -0.6038
vn -0.1955 -0.7357 -0.6485
vn 0.8227 -0.1085 -0.5581
vn 0.9409 0.0599 0.3334
vn -0.9657 0.0146 0.2592
vn -0.9684 -0.2297 0.0972
vn -0.6785 0.6923 0.2455
vn 0.7752 0.6024 0.1902
vn 0.1591 0.7352 -0.6589
vn 0.0299 0.7825 -0.6219
vn -0.2239 -0.6982 0.6800
vn 0.5385 -0.5076 0.6725
vn 0.5561 -0.6183 0.5555
vn 0.5198 -0.6426 -0.5629
vn -0.1340 -0.7435 -0.6552
vn -0.5305 -0.7205 -0.4466
vn -0.5305 -0.7206 -0.4465
vn 0.2410 0.5843 -0.7750
vn 0.7654 0.2425 -0.5961
vn -0.9657 0.0142 0.2593
vn -0.7902 -0.4059 0.4593
vn -0.9442 0.1258 0.3045
vn 0.4586 0.4999 -0.7347
vn -0.2416 -0.8104 0.5337
vn 0.0572 -0.9174 0.3938
vn -0.4557 -0.8656 0.2075
vn 0.2393 -0.9428 0.2320
vn -0.0889 -0.9606 0.2634
vn 0.3855 -0.8573 0.3411
vn 0.3855 -0.8573 0.3412
vn -0.1343 -0.7435 -0.6552
vn 0.8646 0.1639 0.4750
vn -0.9705 -0.1575 0.1824
vn 0.9629 0.1113 0.2460
vn -0.8696 0.4883 0.0738
vn 0.8122 0.4080 -0.4169
vn -0.2696 0.6702 -0.6915
vn 0.2323 -0.7004 0.6748
vn -0.1080 -0.9479 0.2999
vn -0.1441 -0.9623 -0.2306
vn 0.9005 0.3092 -0.3056
vn -0.7887 0.2532 0.5603
vn 0.0293 0.7824 -0.6220
vn 0.4136 0.3696 -0.8320
vn 0.3035 -0.6125 -0.7299
vn -0.1339 -0.7434 -0.6553
vn 0.1048 -0.9941 -0.0267
vn 0.6315 0.0409 -0.7743
vn 0.4137 0.3690 -0.8323
vn 0.2411 0.5841 -0.7750
vn 0.6315 0.0414 -0.7743
vn 0.8574 0.3089 0.4117
vn -0.8570 -0.0776 0.5094
vn 0.8109 0.5846 0.0260
vn -0.7826 0.6199 0.0576
vn -0.6825 0.4278 -0.5926
vn -0.2414 -0.8102 0.5342
vn -0.2723 -0.8843 0.3794
vn 0.6728 -0.6622 0.3300
vn 0.5458 -0.8153 0.1932
vn -0.2594 0.9622 -0.0832
vn -0.9039 0.0773 0.4207
vn -0.9039 0.0780 0.4206
vn 0.9153 0.0600 0.3983
vn 0.9503 0.1029 0.2940
vn 0.8877 0.4406 -0.1337
vn -0.3862 0.6172 -0.6855
vn 0.3086 -0.8860 0.3461
vn 0.3120 -0.8658 0.3912
vn 0.4130 -0.8663 0.2810
vn 0.8504 0.2129 0.4811
vn 0.9519 0.3057 0.0226
vn 0.4013 0.5246 -0.7509
vn -0.6180 -0.7731 -0.1427
vn -0.1025 -0.8715 0.4796
vn -0.3917 -0.7761 0.4943
vn -0.1629 -0.8765 0.4530
vn -0.0598 -0.8332 0.5497
vn 0.8066 0.5173 0.2862
vn -0.9623 0.1457 -0.2295
vn -0.9624 0.1460 -0.2289
vn 0.1953 0.7432 -0.6399
vn 0.0016 0.7290 -0.6845
vn 0.3083 -0.8861 0.3461
vn -0.1723 -0.9139 0.3674
vn -0.3048 -0.8831 0.3567
vn -0.2591 0.9623 -0.0830
vn -0.8070 -0.0892 0.5838
vn -0.9039 0.0776 0.4205
vn 0.9698 -0.1638 0.1805
vn -0.8404 0.2407 -0.4856
vn -0.7477 0.4490 -0.4893
vn 0.6624 0.3800 -0.6456
vn 0.1789 0.7391 -0.6495
vn 0.3713 -0.8134 0.4479
vn -0.8069 -0.0889 0.5839
vn 0.5953 0.6264 0.5032
vn 0.6989 0.2303 0.6772
vn 0.8189 0.2637 0.5098
vn -0.8422 0.3727 -0.3896
vn 0.0010 0.7288 -0.6847
vn -0.4610 -0.7105 0.5316
vn -0.7327 -0.1912 0.6532
vn 0.9421 0.0326 0.3336
vn -0.5575 0.6269 -0.5443
vn 0.1955 0.7436 -0.6394
vn 0.5404 0.7632 -0.3541
vn 0.4013 0.5248 -0.7507
vn 0.0013 0.7288 -0.6847
vn -0.3860 0.6178 -0.6851
vn -0.0706 0.8801 -0.4695
vn 0.1787 0.7387 -0.6499
vn 0.1955 0.8563 -0.4781
vn -0.3420 -0.6090 0.7156
vn -0.8581 -0.0534 0.5108
vn -0.9655 -0.0903 0.2444
vn -0.9564 0.2015 -0.2116
vn -0.8366 0.2087 -0.5065
vn 0.9173 0.3332 -0.2179
vn -0.0528 -0.8597 0.5080
vn -0.2720 -0.8843 0.3794
vn 0.1644 -0.8812 0.4432
vn 0.5486 -0.7158 0.4320
vn 0.4906 -0.6630 0.5655
vn 0.2386 -0.7956 0.5569
vn -0.9655 -0.0897 0.2446
vn -0.9311 0.1510 0.3321
vn 0.9539 0.1240 0.2732
vn 0.9698 -0.1634 0.1811
vn -0.2323 -0.7497 0.6197
vn 0.6273 -0.6459 0.4352
vn -0.0205 -0.6930 0.7207
vn -0.4689 -0.1475 0.8709
vn 0.7130 0.0495 0.6994
vn -0.7212 -0.5931 0.3579
vn -0.8324 0.2324 -0.5031
vn -0.0902 -0.8110 0.5781
vn -0.7920 -0.5611 0.2406
vn -0.5530 -0.6734 0.4907
vn 0.0780 -0.7606 0.6445
vn 0.9055 0.0526 0.4210
vn -0.0547 0.4970 0.8660
vn -0.1391 0.4098 0.9015
vn -0.4688 -0.1475 0.8709
vn -0.7279 -0.4189 0.5429
vn 0.8866 0.3613 -0.2888
vn 0.5406 0.7630 -0.3543
vn -0.5574 0.6273 -0.5438
vn 0.3666 -0.7302 0.5765
vn -0.0618 -0.8121 0.5802
vn -0.6852 -0.4258 0.5909
vn -0.3817 -0.4093 0.8287
vn 0.2266 0.2689 0.9361
vn -0.4687 -0.1477 0.8709
vn 0.2268 0.2694 0.9359
vn -0.7373 -0.2458 0.6292
vn 0.5435 0.1754 0.8208
vn -0.7519 -0.0441 0.6578
vn 0.7962 -0.3900 0.4626
vn 0.9608 0.2425 0.1344
vn 0.2770 0.8846 -0.3751
vn -0.2231 -0.7683 0.6000
vn 0.2957 -0.4068 0.8643
vn 0.9421 0.0323 0.3338
vn -0.8712 0.0563 -0.4878
vn -0.0531 -0.8597 0.5081
vn 0.0702 -0.7162 0.6944
vn -0.5456 -0.1745 0.8197
vn 0.2283 -0.5423 0.8085
vn 0.1916 -0.5651 0.8025
vn -0.0599 0.3949 0.9168
vn -0.4194 0.7443 0.5198
vn 0.5447 0.1751 0.8201
vn 0.4007 -0.0753 0.9131
vn 0.7128 0.0493 0.6997
vn 0.6306 -0.1322 0.7648
vn 0.6654 0.1766 0.7253
vn -0.8170 -0.1686 0.5514
vn 0.0543 -0.7225 0.6893
vn -0.7147 0.3005 0.6316
vn -0.4095 0.8854 -0.2197
vn -0.0875 0.9264 -0.3663
vn 0.5322 -0.5402 0.6519
vn -0.2145 -0.6043 0.7673
vn 0.6884 -0.1400 0.7117
vn -0.6128 0.7465 -0.2594
vn 0.2329 -0.4182 0.8780
vn 0.6654 0.1763 0.7254
vn 0.6599 0.1601 0.7341
vn -0.7127 -0.0198 0.7012
vn -0.7512 -0.2691 0.6027
vn 0.6885 -0.1393 0.7117
vn 0.9731 0.1214 -0.1958
vn -0.7477 0.4495 -0.4888
vn 0.7093 0.2453 0.6609
vn 0.6655 0.1768 0.7252
vn 0.6885 -0.1396 0.7117
vn 0.7093 0.2459 0.6606
vn -0.9958 -0.0837 -0.0371
vn -0.9458 0.2574 -0.1979
vn 0.8232 0.5433 -0.1647
vn 0.8229 0.5439 -0.1647
vn 0.3029 -0.4306 0.8502
vn -0.5237 -0.2807 0.8043
vn -0.5933 -0.5173 0.6168
vn 0.9526 0.2589 -0.1597
vn -0.8692 0.4205 -0.2602
vn 0.2524 0.8883 -0.3837
vn 0.5090 -0.1921 0.8391
vn 0.9301 -0.2434 0.2750
vn -0.9990 0.0257 -0.0370
vn -0.7602 0.6370 -0.1279
vn -0.1529 -0.6318 0.7599
vn 0.2634 -0.5397 0.7996
vn -0.7125 -0.0196 0.7014
vn -0.6453 -0.3686 0.6691
vn -0.7511 -0.2695 0.6026
vn -0.7279 -0.4191 0.5427
vn -0.7213 -0.5929 0.3581
vn -0.8168 -0.1687 0.5518
vn 0.7674 -0.4628 0.4437
vn 0.9170 0.3582 -0.1754
vn 0.9618 0.1781 -0.2078
vn -0.3805 -0.6017 0.7023
vn 0.0594 -0.4802 0.8751
vn -0.2507 -0.3965 0.8831
vn 0.6580 -0.1877 0.7293
vn 0.6933 -0.2862 0.6614
vn -0.8169 -0.1681 0.5517
vn -0.7603 0.6368 -0.1282
vn -0.3318 0.9029 -0.2732
vn -0.1622 0.7862 -0.5963
vn 0.4818 0.8312 -0.2775
vn 0.0538 -0.7226 0.6892
vn 0.2405 -0.6565 0.7150
vn -0.4576 -0.1040 0.8830
vn -0.7123 -0.0201 0.7016
vn -0.6454 -0.3683 0.6691
vn 0.6579 -0.1874 0.7294
vn 0.1819 0.5249 0.8315
vn 0.7118 0.7023 0.0086
vn -0.2849 -0.6313 0.7213
vn -0.7777 -0.2847 0.5605
vn -0.2849 -0.6312 0.7214
vn -0.1532 -0.6317 0.7599
vn 0.6065 -0.2375 0.7587
vn 0.5087 -0.1920 0.8392
vn 0.2640 -0.5400 0.7992
vn -0.7218 -0.2917 0.6276
vn -0.7767 -0.3353 0.5333
vn -0.6468 -0.6027 0.4673
vn 0.0453 0.7483 -0.6618
vn 0.4296 -0.6899 0.5826
vn 0.2406 -0.6569 0.7146
vn 0.5789 -0.3509 0.7361
vn -0.4572 -0.1036 0.8833
vn -0.5190 -0.8494 0.0960
vn -0.6078 -0.2928 0.7381
vn 0.8798 0.2092 0.4268
vn 0.1112 -0.4976 0.8603
vn -0.6464 -0.6029 0.4677
vn -0.9518 -0.2977 -0.0743
vn -0.4696 0.7103 -0.5244
vn -0.3641 -0.6663 0.6508
vn -0.3804 -0.6015 0.7025
vn -0.3269 -0.4400 0.8364
vn 0.0595 -0.4799 0.8753
vn -0.3270 -0.4404 0.8362
vn -0.4838 -0.5274 0.6984
vn 0.4480 -0.3965 0.8013
vn -0.8902 -0.4080 0.2025
vn 0.8884 0.0344 -0.4578
vn -0.6074 0.5971 -0.5240
vn -0.2932 0.4495 -0.8438
vn -0.2031 0.3566 -0.9119
vn 0.3819 0.6669 -0.6398
vn 0.3375 0.6874 -0.6432
vn -0.1749 0.0378 -0.9839
vn -0.0216 0.0425 -0.9989
vn -0.0644 -0.0811 -0.9946
vn -0.2230 -0.7681 0.6002
vn 0.0537 -0.7223 0.6895
vn 0.3473 -0.5074 0.7886
vn 0.6063 -0.2370 0.7591
vn 0.3474 -0.5068 0.7890
vn 0.5322 -0.5399 0.6521
vn 0.4316 -0.5784 0.6923
vn -0.5958 -0.5151 0.6162
vn 0.4165 -0.4124 0.8102
vn -0.3005 -0.4022 0.8648
vn 0.9826 -0.0755 -0.1698
vn -0.8850 0.4623 -0.0547
vn 0.5845 0.6088 -0.5364
vn -0.0325 -0.2746 -0.9610
vn 0.1222 -0.0546 -0.9910
vn -0.1877 0.0162 -0.9821
vn 0.1655 0.0417 -0.9853
vn 0.1260 0.1344 -0.9829
vn -0.1575 0.0991 -0.9825
vn -0.0550 0.1684 -0.9842
vn -0.2412 -0.4977 0.8331
vn -0.5282 -0.7047 0.4736
vn -0.5854 -0.0773 0.8071
vn -0.3806 -0.3296 0.8640
vn 0.7670 -0.4631 0.4441
vn 0.3339 -0.5370 0.7747
vn -0.8691 0.4208 -0.2600
vn -0.8849 0.4626 -0.0546
vn -0.7180 0.5576 -0.4167
vn -0.4253 0.4654 -0.7762
vn -0.2873 0.1744 -0.9418
vn -0.3063 0.2764 -0.9109
vn -0.0080 0.0247 -0.9997
vn 0.1079 -0.0048 -0.9942
vn 0.1644 -0.2226 -0.9609
vn -0.1985 -0.0966 -0.9753
vn 0.2361 0.1400 -0.9616
vn 0.3287 -0.0171 -0.9443
vn 0.2677 0.0067 -0.9635
vn 0.2565 0.0530 -0.9651
vn -0.1828 0.2532 -0.9500
vn 0.0097 0.3087 -0.9511
vn -0.2073 -0.4794 0.8528
vn 0.8266 -0.5187 0.2183
vn 0.7228 0.6877 -0.0677
vn 0.2604 -0.1611 -0.9520
vn 0.4328 0.0154 -0.9013
vn 0.3782 -0.0936 -0.9210
vn -0.3604 0.0222 -0.9325
vn -0.2619 0.0924 -0.9607
vn 0.2564 -0.0265 -0.9662
vn 0.2143 0.2704 -0.9386
vn 0.3606 0.0962 -0.9278
vn 0.2969 0.3452 -0.8903
vn 0.1611 0.3518 -0.9221
vn -0.2410 -0.4979 0.8331
vn 0.0540 -0.7222 0.6896
vn 0.0401 -0.4162 0.9084
vn -0.1145 -0.6114 0.7830
vn -0.5351 -0.1469 0.8319
vn 0.3940 -0.5531 0.7341
vn 0.8317 0.4823 0.2751
vn -0.2588 -0.2857 -0.9227
vn 0.4421 0.0104 -0.8969
vn -0.4199 0.1016 -0.9019
vn 0.5146 -0.3637 -0.7765
vn 0.0201 0.5444 -0.8386
vn 0.2362 -0.5362 0.8104
vn 0.0398 -0.4161 0.9084
vn -0.1142 -0.6114 0.7830
vn 0.3719 -0.5398 0.7552
vn -0.4489 -0.3162 0.8358
vn 0.3416 -0.7772 0.5285
vn 0.8014 0.5210 -0.2937
vn -0.7696 0.5312 -0.3544
vn 0.6080 0.2634 -0.7490
vn 0.3238 -0.1924 -0.9264
vn -0.2927 -0.2000 -0.9351
vn -0.3137 -0.2792 -0.9075
vn 0.1759 -0.5040 -0.8456
vn -0.2310 0.4961 -0.8370
vn -0.2284 -0.6856 0.6912
vn 0.0298 -0.6672 0.7443
vn -0.4498 -0.4897 0.7469
vn 0.5272 -0.2283 0.8185
vn -0.5100 -0.4659 0.7231
vn 0.8940 0.3870 -0.2259
vn -0.8500 0.4703 -0.2375
vn -0.4813 -0.0921 -0.8717
vn 0.4417 0.0234 -0.8969
vn -0.3719 0.2172 -0.9025
vn 0.3898 0.2545 -0.8850
vn 0.4868 0.1710 -0.8566
vn 0.2137 0.4925 -0.8437
vn 0.0294 -0.6668 0.7446
vn 0.3371 -0.6659 0.6655
vn -0.5233 -0.7917 0.3152
vn 0.4578 -0.2147 -0.8628
vn -0.1017 -0.6874 -0.7192
vn 0.4999 -0.3250 -0.8028
vn 0.4561 -0.0356 -0.8892
vn -0.4463 -0.1053 -0.8887
vn -0.3989 0.0434 -0.9160
vn -0.4499 0.1576 -0.8790
vn 0.8960 0.0571 -0.4403
vn -0.9316 0.0347 -0.3619
vn 0.8939 0.3868 -0.2265
vn 0.5672 -0.0813 -0.8196
vn 0.4707 0.1632 -0.8671
vn -0.3035 -0.2055 -0.9304
vn -0.5082 -0.1105 -0.8541
vn -0.5552 0.1141 -0.8238
vn 0.4857 0.3045 -0.8194
vn -0.3361 0.4018 -0.8518
vn -0.1135 0.5890 -0.8001
vn 0.0827 -0.3565 0.9306
vn -0.1061 -0.4287 0.8972
vn 0.0834 -0.3565 0.9306
vn 0.3728 -0.1629 0.9135
vn -0.8946 -0.4078 0.1830
vn 0.9771 -0.1756 0.1198
vn -0.9063 0.4029 -0.1276
vn -0.6108 0.1086 -0.7843
vn 0.4252 -0.1515 -0.8923
vn -0.4979 -0.0991 -0.8616
vn -0.4753 0.1316 -0.8699
vn 0.3305 0.4507 -0.8292
vn -0.3868 -0.3476 0.8542
vn -0.3572 -0.7761 0.5197
vn -0.8715 0.3703 -0.3217
vn 0.1683 0.6502 -0.7409
vn -0.1963 -0.2078 0.9583
vn 0.6384 -0.6424 0.4239
vn 0.6390 -0.6420 0.4237
vn -0.9315 0.0348 -0.3622
vn 0.7557 0.0226 -0.6546
vn 0.2651 -0.4460 -0.8548
vn 0.5671 -0.0482 -0.8222
vn 0.7129 0.0812 -0.6966
vn 0.6965 0.2289 -0.6801
vn 0.5157 0.1271 -0.8473
vn 0.2187 -0.5328 0.8175
vn 0.2891 -0.7753 0.5615
vn 0.9942 -0.0898 -0.0586
vn 0.2160 -0.3571 -0.9088
vn -0.6447 -0.0822 -0.7600
vn 0.4285 -0.1218 -0.8953
vn -0.4716 0.4322 -0.7686
vn 0.3979 0.5356 -0.7449
vn -0.0113 -0.3789 0.9254
vn -0.1914 -0.5115 0.8377
vn -0.5228 -0.7919 0.3156
vn 0.8958 0.0567 -0.4409
vn -0.5969 -0.2744 -0.7539
vn 0.3726 -0.2754 -0.8862
vn -0.5842 -0.1071 -0.8045
vn 0.4706 0.0134 -0.8823
vn -0.5435 -0.0055 -0.8394
vn -0.0107 -0.3787 0.9254
vn -0.5399 -0.8140 0.2141
vn 0.7846 -0.6153 -0.0764
vn -0.6724 -0.1155 -0.7311
vn 0.3101 -0.3044 -0.9006
vn -0.8786 0.0294 -0.4767
vn 0.4620 -0.2780 -0.8422
vn 0.6223 -0.0138 -0.7826
vn -0.4691 -0.2960 -0.8321
vn 0.4500 -0.2326 -0.8622
vn 0.5289 -0.1102 -0.8415
vn 0.6057 0.2478 -0.7562
vn -0.3866 0.6183 -0.6843
vn 0.2373 0.6783 -0.6954
vn -0.2233 0.7182 -0.6591
vn 0.0088 0.7686 -0.6396
vn -0.2400 -0.7440 0.6235
vn -0.2276 -0.9194 0.3208
vn -0.5397 -0.8142 0.2142
vn -0.9227 -0.1755 -0.3434
vn 0.8444 0.0687 -0.5313
vn 0.5607 -0.1600 -0.8124
vn 0.4319 -0.3049 -0.8488
vn -0.6239 0.0772 -0.7777
vn -0.5761 0.3727 -0.7274
vn -0.2311 0.4963 -0.8368
vn -0.3867 0.6185 -0.6841
vn -0.2233 0.7184 -0.6588
vn 0.3474 0.6793 -0.6464
vn 0.0734 -0.6406 0.7643
vn 0.0737 -0.6406 0.7643
vn -0.2391 -0.7212 0.6501
vn 0.7434 -0.1227 -0.6575
vn -0.6725 -0.1158 -0.7310
vn -0.9314 0.0346 -0.3622
vn -0.8197 -0.3230 -0.4730
vn 0.2195 -0.2662 -0.9386
vn -0.7978 -0.0645 -0.5995
vn 0.5826 0.0619 -0.8104
vn -0.7964 -0.4604 0.3922
vn -0.8194 -0.3234 -0.4732
vn 0.3486 -0.3511 -0.8690
vn 0.1883 -0.3071 -0.9329
vn 0.1316 -0.0121 -0.9912
vn -0.6697 0.2753 -0.6897
vn 0.0087 0.7688 -0.6394
vn -0.1136 0.5893 -0.7999
vn 0.0799 -0.7401 0.6677
vn 0.7845 -0.6154 -0.0767
vn 0.9942 -0.0898 -0.0585
vn 0.8184 -0.4335 -0.3772
vn -0.6041 -0.3933 -0.6931
vn -0.9266 -0.0076 -0.3760
vn -0.4554 -0.3816 -0.8044
vn 0.4370 -0.2994 -0.8482
vn -0.0679 -0.6713 0.7381
vn 0.2511 -0.8943 0.3704
vn 0.4262 -0.8936 0.1406
vn -0.9152 -0.3962 -0.0732
vn 0.8185 -0.4332 -0.3773
vn 0.4616 -0.2782 -0.8423
vn 0.8186 -0.4329 -0.3775
vn 0.9359 -0.1117 -0.3341
vn -0.8857 0.0316 -0.4632
vn 0.5725 0.4463 -0.6878
vn -0.0677 -0.6711 0.7383
vn -0.8454 -0.1818 -0.5023
vn -0.5498 -0.3477 -0.7595
vn 0.5230 -0.2372 -0.8187
vn -0.7070 -0.2321 -0.6680
vn 0.0113 -0.9582 0.2857
vn 0.4261 -0.8937 0.1404
vn 0.7984 -0.5172 -0.3084
vn 0.6189 -0.3672 -0.6943
vn 0.8461 -0.1738 -0.5039
vn 0.5176 -0.3654 -0.7737
vn 0.6794 -0.0898 -0.7282
vn -0.7444 -0.0666 -0.6644
vn -0.1546 -0.9648 0.2129
vn -0.5397 -0.8141 0.2142
vn -0.2279 -0.9193 0.3208
vn -0.4895 -0.8720 -0.0003
vn 0.4765 -0.8746 -0.0897
vn -0.8442 -0.5338 -0.0490
vn -0.7619 -0.4524 -0.4635
vn -0.4751 0.6554 -0.5871
vn 0.0517 -0.9397 0.3380
vn 0.0518 -0.9399 0.3375
vn -0.0751 -0.9908 0.1122
vn -0.4893 -0.8721 -0.0005
vn 0.7078 -0.6912 0.1457
vn -0.7621 -0.4524 -0.4632
vn 0.5908 -0.3641 -0.7200
vn 0.4669 -0.5341 -0.7047
vn 0.6521 -0.2844 -0.7028
vn 0.7572 0.1064 -0.6444
vn -0.7764 0.1094 -0.6207
vn -0.0752 -0.9908 0.1128
vn 0.0041 -0.9575 -0.2883
vn -0.1548 -0.9646 0.2135
vn -0.7276 -0.6856 0.0232
vn -0.5977 -0.4630 -0.6545
vn -0.6811 -0.3426 -0.6470
vn -0.4750 0.6557 -0.5869
vn -0.4717 0.4325 -0.7684
vn 0.5211 0.6433 -0.5609
vn 0.2673 0.7930 -0.5475
vn 0.2372 0.6785 -0.6952
vn 0.0090 0.7689 -0.6392
vn -0.2247 -0.9734 -0.0441
vn 0.6735 -0.7257 -0.1406
vn 0.6066 -0.4583 -0.6496
vn -0.8454 0.1562 -0.5109
vn -0.7865 0.3908 -0.4782
vn 0.7461 0.3443 -0.5699
vn -0.3323 0.7803 -0.5299
vn -0.1375 0.8618 -0.4883
vn 0.0517 -0.9397 0.3381
vn 0.0522 -0.9953 -0.0820
vn 0.9210 -0.3606 -0.1476
vn 0.9211 -0.3603 -0.1475
vn 0.9123 -0.3084 -0.2694
vn 0.5712 -0.5403 -0.6179
vn 0.8262 -0.0921 -0.5558
vn -0.5761 0.3730 -0.7273
vn -0.6669 0.4974 -0.5549
vn -0.0089 0.8561 -0.5167
vn 0.1130 0.9042 -0.4120
vn 0.4749 -0.8250 0.3064
vn -0.7863 -0.6122 -0.0833
vn -0.6669 0.4971 -0.5551
vn -0.4131 -0.8594 0.3013
vn -0.4428 -0.5969 -0.6690
vn 0.5628 -0.6297 -0.5355
vn 0.6962 0.4996 -0.5155
vn -0.4070 0.8235 -0.3951
vn -0.0886 -0.9764 0.1969
vn -0.7084 -0.6993 -0.0960
vn 0.8013 -0.5868 -0.1161
vn -0.7863 -0.6121 -0.0837
vn -0.5758 -0.6619 -0.4800
vn -0.6376 -0.5344 -0.5549
vn -0.4071 0.8235 -0.3951
vn 0.2174 0.8730 -0.4366
vn 0.1532 -0.9839 0.0924
vn -0.5176 -0.8411 0.1569
vn 0.4762 -0.8647 0.1598
vn 0.5431 -0.8315 -0.1168
vn 0.7535 -0.5884 -0.2932
vn 0.5436 -0.6745 -0.4996
vn 0.7796 -0.3922 -0.4883
vn -0.8845 -0.0240 -0.4659
vn 0.9206 -0.1398 -0.3646
vn 0.8394 -0.1113 -0.5321
vn 0.3887 0.8073 -0.4440
vn 0.5209 0.6435 -0.5608
vn 0.1238 -0.9876 -0.0967
vn -0.8882 -0.3349 -0.3146
vn -0.5575 0.7078 -0.4338
vn 0.0569 -0.9889 -0.1375
vn -0.1863 -0.9485 -0.2564
vn 0.5919 -0.8010 -0.0898
vn 0.8015 -0.5866 -0.1159
vn -0.6063 -0.7486 -0.2683
vn -0.7862 -0.3644 -0.4992
vn 0.9002 0.1732 -0.3995
vn -0.4980 -0.8671 0.0116
vn 0.2972 -0.9357 0.1901
vn -0.4979 -0.8672 0.0120
vn 0.6584 -0.5825 -0.4766
vn 0.9121 0.0553 -0.4063
vn 0.5012 0.7853 -0.3634
vn -0.2324 -0.9717 0.0434
vn 0.6233 -0.7699 -0.1371
vn -0.7722 -0.4511 -0.4474
vn -0.9188 0.2040 -0.3379
vn 0.6565 0.6182 -0.4322
vn 0.8298 0.3764 -0.4121
vn -0.7209 0.5959 -0.3538
vn -0.2573 0.8989 -0.3548
vn 0.6229 -0.7701 -0.1375
vn 0.3794 -0.8389 -0.3904
vn 0.9023 -0.2664 -0.3390
vn -0.9058 -0.1501 -0.3963
vn 0.8968 0.3552 -0.2636
vn -0.0851 0.9257 -0.3685
vn 0.3625 -0.9316 0.0276
vn -0.4535 -0.7709 -0.4473
vn 0.7778 -0.4845 -0.4004
vn -0.7866 0.3910 -0.4779
vn 0.0180 -0.9765 -0.2147
vn -0.2111 -0.9747 -0.0740
vn 0.3905 -0.9162 -0.0898
vn 0.5540 -0.7930 0.2535
vn 0.5283 -0.7745 -0.3478
vn 0.9208 0.2809 -0.2708
vn 0.5014 0.7851 -0.3635
vn -0.1652 0.9481 -0.2718
vn -0.3191 -0.9469 -0.0397
vn -0.5524 -0.7548 -0.3538
vn -0.7054 -0.5866 -0.3979
vn 0.8512 -0.4401 -0.2860
vn -0.9619 0.0528 -0.2682
vn -0.7916 0.5766 -0.2023
vn 0.3202 0.8958 -0.3083
vn 0.0182 -0.9765 -0.2149
vn -0.4534 -0.7711 -0.4471
vn 0.1637 -0.9283 -0.3338
vn 0.3903 -0.9163 -0.0900
vn 0.9289 -0.2071 -0.3071
vn -0.9130 -0.0659 -0.4026
vn 0.7970 0.5090 -0.3250
vn 0.9754 0.1050 -0.1936
vn 0.7302 0.6251 -0.2757
vn 0.1313 -0.9852 -0.1100
vn 0.1240 -0.9875 -0.0970
vn 0.3646 -0.9309 0.0211
vn 0.4694 -0.7930 -0.3884
vn 0.0525 0.9712 -0.2323
vn -0.4799 -0.8154 0.3237
vn -0.2341 -0.8652 0.4435
vn 0.4582 -0.7688 0.4461
vn 0.3261 -0.9329 -0.1527
vn 0.3643 -0.9310 0.0205
vn 0.6635 -0.6871 -0.2961
vn 0.9525 -0.0304 -0.3029
vn -0.5936 0.7820 -0.1901
vn -0.0138 -0.9817 0.1897
vn 0.2525 -0.9644 0.0789
vn -0.2729 -0.9572 0.0963
vn -0.3005 -0.9056 -0.2992
vn -0.8140 -0.4504 -0.3667
vn -0.4684 0.8593 -0.2054
vn 0.4567 0.8736 -0.1683
vn -0.2410 -0.9550 -0.1731
vn 0.9126 0.3060 -0.2710
vn -0.8779 0.3710 -0.3028
vn -0.3008 -0.9055 -0.2992
vn -0.3801 -0.8692 -0.3162
vn 0.4674 -0.8387 -0.2795
vn -0.8846 -0.2844 -0.3697
vn -0.9491 0.0723 -0.3065
vn -0.8779 0.3711 -0.3028
vn -0.8728 0.4239 -0.2420
vn 0.5952 0.7627 -0.2529
vn 0.7300 0.6254 -0.2757
vn 0.2219 0.9478 -0.2288
vn 0.3870 -0.8967 0.2147
vn 0.2012 -0.9550 -0.2181
vn -0.9362 0.1798 -0.3020
vn 0.1166 -0.7046 0.7000
vn -0.2715 -0.9350 0.2281
vn -0.1790 -0.9578 0.2251
vn -0.6909 0.7165 -0.0962
vn -0.3462 0.9204 -0.1815
vn 0.2521 0.3787 0.8905
vn 0.5837 -0.8119 0.0116
vn -0.8992 -0.0801 -0.4301
vn 0.9583 -0.0257 -0.2845
vn -0.0226 -0.9817 0.1892
vn 0.2456 -0.9568 0.1554
vn -0.1449 -0.9792 -0.1417
vn 0.8664 0.4845 -0.1212
vn -0.0222 -0.9816 0.1894
vn 0.2575 -0.9461 0.1965
vn -0.2413 -0.9549 -0.1732
vn 0.2985 -0.9133 -0.2770
vn -0.4054 -0.8758 -0.2618
vn 0.8292 -0.4300 -0.3570
vn -0.8121 0.5691 -0.1286
vn -0.0522 0.9937 -0.0989
vn 0.2454 -0.9570 0.1548
vn 0.0931 -0.9816 -0.1665
vn 0.3477 -0.9271 -0.1399
vn 0.7084 -0.6196 -0.3380
vn 0.8179 -0.3931 -0.4200
vn 0.2862 0.9576 -0.0335
vn -0.2381 0.9619 -0.1343
vn -0.3798 -0.8693 -0.3163
vn -0.4055 -0.8759 -0.2615
vn -0.7261 -0.6165 -0.3045
vn -0.8808 -0.3573 -0.3108
vn 0.9429 -0.1329 -0.3054
vn 0.5918 0.8043 -0.0531
vn 0.2573 -0.9463 0.1959
vn -0.9855 0.1652 0.0384
vn 0.8505 0.2522 -0.4616
vn 0.7674 0.5826 -0.2678
vn 0.2908 -0.9264 -0.2391
vn -0.4502 -0.8417 -0.2980
vn 0.1157 0.9932 -0.0102
vn -0.2548 -0.9559 -0.1463
vn 0.9427 0.1153 -0.3131
vn -0.7324 0.6366 -0.2414
vn 0.4006 0.9160 -0.0232
vn -0.2689 -0.9560 -0.1170
vn -0.8993 -0.0803 -0.4299
vn 0.6860 0.7033 -0.1865
vn 0.7582 0.6468 -0.0819
vn 0.1154 0.9933 -0.0101
vn -0.1449 -0.9793 -0.1417
vn -0.1769 -0.9806 -0.0847
vn 0.6721 -0.6601 -0.3357
vn 0.5723 0.5471 -0.6108
vn 0.3445 -0.8920 -0.2926
vn -0.9158 0.3356 -0.2206
vn 0.7586 0.6464 -0.0817
vn -0.4672 0.8839 0.0228
vn -0.0047 -0.9911 -0.1328
vn -0.4669 0.8840 0.0229
vn -0.2792 0.9602 0.0018
vn -0.0043 -0.9911 -0.1328
vn 0.2572 -0.9463 0.1959
vn -0.0044 -0.9911 -0.1328
vn 0.8785 0.2899 -0.3796
vn -0.6110 0.7895 -0.0585
vn -0.1289 0.9867 0.0989
vn 0.4440 -0.8045 -0.3944
vn -0.9914 -0.1128 -0.0667
vn -0.7763 0.5305 -0.3405
vn -0.6270 0.7751 0.0779
vn -0.6232 -0.7202 -0.3047
vn 0.2358 -0.9560 -0.1743
vn -0.2244 -0.9532 -0.2026
vn -0.9158 0.3359 -0.2200
vn -0.8812 0.4693 0.0575
vn 0.6138 0.7535 -0.2355
vn -0.6325 0.7267 -0.2680
vn -0.2696 0.9484 0.1671
vn -0.0216 -0.9806 -0.1948
vn -0.4135 -0.8833 -0.2210
vn 0.9981 -0.0014 -0.0620
vn -0.9923 0.0761 0.0979
vn 0.6316 0.7749 0.0260
vn 0.1026 0.9700 0.2206
vn 0.5163 -0.8477 -0.1220
vn 0.9019 -0.3115 -0.2992
vn -0.9922 0.0761 0.0983
vn 0.9444 0.3116 -0.1049
vn 0.5920 0.8042 -0.0529
vn 0.5847 0.7920 0.1754
vn 0.7583 0.6468 -0.0814
vn 0.2299 0.9517 0.2037
vn 0.3868 0.9032 0.1863
vn 0.1028 0.9699 0.2208
vn -0.0356 -0.9916 -0.1239
vn 0.9841 -0.1347 -0.1160
vn -0.4967 0.8519 0.1658
vn 0.1241 -0.9683 -0.2170
vn 0.9745 0.0797 0.2097
vn 0.8915 0.4468 -0.0753
vn 0.4476 0.8669 0.2196
vn -0.7819 -0.5908 -0.1990
vn 0.7812 0.6131 -0.1175
vn -0.8535 0.4577 0.2490
vn 0.5843 0.7924 0.1752
vn 0.6224 -0.7707 -0.1367
vn 0.9135 -0.3762 -0.1550
vn -0.0223 -0.9806 -0.1948
vn 0.5165 -0.8476 -0.1216
vn 0.0619 -0.9806 -0.1859
vn 0.6225 -0.7706 -0.1364
vn 0.5663 -0.8242 0.0034
vn -0.9855 0.1653 0.0387
vn 0.5092 0.8581 0.0663
vn -0.5777 0.8156 -0.0334
vn -0.4970 0.8518 0.1658
vn 0.1006 -0.9671 -0.2335
vn 0.7351 -0.6533 -0.1811
vn -0.9180 -0.3641 -0.1572
vn -0.8702 0.1614 0.4655
vn 0.9274 0.1814 0.3273
vn 0.8836 0.3749 0.2805
vn 0.6317 0.7748 0.0266
vn -0.2132 0.9769 -0.0170
vn 0.0059 0.9917 0.1282
vn -0.5849 -0.8090 -0.0584
vn 0.9430 0.1341 0.3045
vn 0.9385 0.1075 0.3281
vn 0.9206 0.1344 0.3667
vn -0.7635 0.0607 0.6430
vn 0.7475 0.6236 0.2290
vn -0.5677 0.8114 0.1392
vn 0.9928 -0.0764 0.0921
vn -0.8284 0.1994 0.5235
vn -0.8600 0.1913 0.4732
vn 0.9003 0.0284 0.4343
vn 0.6385 0.7331 0.2341
vn 0.2017 -0.9571 -0.2079
vn -0.6671 0.7441 0.0365
vn -0.4778 0.8778 -0.0343
vn -0.9795 -0.0716 0.1885
vn -0.8888 0.2783 0.3640
vn 0.5089 0.8582 0.0664
vn 0.3908 -0.9205 -0.0004
vn 0.9206 0.0534 0.3868
vn -0.7987 0.1772 0.5751
vn 0.9845 0.1633 -0.0637
vn -0.9537 0.2594 0.1519
vn -0.7350 0.5553 0.3891
vn -0.4783 0.8775 -0.0343
vn 0.3439 0.9284 -0.1405
vn -0.1366 0.9088 0.3943
vn -0.0050 -0.9911 -0.1328
vn 0.6683 -0.7423 0.0484
vn 0.5659 -0.8244 0.0030
vn -0.9018 0.1352 0.4105
vn -0.9761 0.1406 0.1658
vn -0.4633 0.8404 0.2814
vn 0.3439 0.9284 -0.1408
vn 0.5595 0.8249 -0.0808
vn -0.2234 0.8791 0.4210
vn -0.0026 0.9162 0.4008
vn -0.3490 -0.9370 -0.0133
vn -0.7671 0.2368 0.5962
vn 0.9970 -0.0750 0.0180
vn -0.9105 0.3461 0.2262
vn 0.8989 0.1321 0.4179
vn 0.7188 0.6750 -0.1666
vn -0.8769 0.4795 0.0320
vn 0.2384 0.9166 0.3209
vn -0.2761 -0.9490 -0.1519
vn 0.0121 -0.9973 -0.0727
vn 0.2616 -0.9618 0.0808
vn 0.9152 -0.3880 0.1088
vn 0.6041 0.2367 0.7609
vn 0.8427 0.2108 0.4953
vn -0.8260 0.4447 0.3464
vn 0.0372 0.9934 -0.1082
vn 0.0484 0.9921 0.1155
vn 0.2238 -0.9423 -0.2491
vn 0.9125 0.0394 0.4072
vn 0.1524 0.9769 -0.1496
vn -0.2450 -0.9435 -0.2231
vn 0.4478 -0.8855 0.1244
vn -0.8684 0.1305 0.4783
vn -0.9114 0.1113 0.3962
vn -0.9914 0.1199 0.0532
vn -0.8262 0.5464 0.1372
vn 0.7325 0.6233 0.2737
vn -0.7332 0.6778 -0.0550
vn 0.3581 0.8158 -0.4542
vn 0.1373 0.9080 -0.3958
vn 0.1525 0.9769 -0.1496
vn 0.5996 -0.7255 -0.3378
vn 0.7348 -0.6537 -0.1807
vn -0.9413 -0.2285 0.2484
vn 0.9622 0.0751 0.2618
vn 0.6020 0.6707 0.4332
vn -0.5495 0.5582 0.6216
vn 0.6016 0.6712 0.4331
vn -0.9560 0.2893 -0.0484
vn -0.0023 0.9162 0.4008
vn -0.7898 -0.6127 0.0278
vn 0.9565 -0.0486 0.2878
vn 0.8900 0.4403 0.1182
vn 0.7112 0.6907 -0.1308
vn -0.4783 0.4993 -0.7224
vn -0.4785 0.4995 -0.7222
vn -0.0244 0.9826 0.1843
vn -0.1300 0.9775 -0.1660
vn -0.5844 0.0622 -0.8091
vn 0.0083 0.5125 -0.8587
vn -0.0961 -0.1812 -0.9787
vn -0.4518 0.1313 -0.8824
vn -0.1360 0.3806 -0.9147
vn 0.4412 -0.1428 -0.8860
vn 0.5300 0.4266 -0.7329
vn 0.9970 0.0558 0.0543
vn -0.5527 0.7102 0.4361
vn -0.9378 0.3471 0.0005
vn 0.7168 0.3912 -0.5772
vn -0.0104 0.8375 -0.5463
vn 0.0053 0.8351 -0.5501
vn -0.3367 -0.0460 -0.9405
vn -0.8026 -0.4083 -0.4348
vn 0.7119 0.0907 -0.6964
vn -0.8783 0.1600 -0.4505
vn -0.4441 -0.8856 0.1358
vn 0.9151 -0.3882 0.1090
vn 0.1850 0.8551 0.4844
vn 0.7210 -0.3995 -0.5662
vn 0.4633 -0.0692 -0.8835
vn 0.9773 -0.1827 -0.1077
vn 0.8517 0.3762 -0.3647
vn 0.6324 0.6723 -0.3848
vn -0.8432 0.3404 -0.4160
vn -0.4587 0.7758 -0.4333
vn 0.1076 0.9292 -0.3536
vn -0.3202 -0.8684 -0.3785
vn 0.4473 -0.8858 0.1240
vn 0.3103 -0.9364 0.1642
vn -0.5863 -0.7904 0.1779
vn 0.9205 0.0536 0.3871
vn 0.9125 0.0395 0.4071
vn 0.7458 0.3642 0.5578
vn 0.9405 0.3397 0.0094
vn -0.8282 0.5375 0.1587
vn 0.9040 -0.0115 0.4274
vn -0.9516 0.1419 0.2727
vn 0.7895 0.4097 0.4570
vn -0.4122 0.8305 0.3747
vn -0.1302 0.9776 -0.1653
vn 0.2136 -0.0631 -0.9749
vn 0.7872 -0.5591 -0.2603
vn 0.8569 -0.1602 -0.4899
vn -0.2195 0.8489 -0.4808
vn 0.0563 -0.9829 0.1752
vn -0.8642 0.1508 0.4800
vn 0.7960 0.2012 0.5708
vn -0.9352 -0.0483 0.3509
vn -0.8278 0.5380 0.1590
vn -0.8145 0.4509 0.3651
vn -0.7597 0.5272 0.3806
vn 0.9947 0.0237 -0.1002
vn 0.0538 0.9004 0.4317
vn -0.1709 0.8387 0.5172
vn -0.3373 0.9203 -0.1979
vn -0.1484 0.1279 -0.9806
vn -0.0102 0.8374 -0.5465
vn 0.5290 0.4937 -0.6902
vn -0.0738 0.8446 0.5303
vn -0.5146 0.4316 -0.7409
vn -0.9080 0.2611 -0.3275
vn -0.4754 -0.4237 -0.7710
vn 0.9761 0.2171 -0.0090
vn -0.6865 0.7271 0.0076
vn 0.8949 -0.1562 0.4181
vn -0.8602 0.0469 0.5077
vn -0.9183 -0.1445 0.3685
vn 0.9079 -0.3111 0.2809
vn -0.7685 0.5250 0.3658
vn -0.7073 0.2113 0.6745
vn 0.6249 0.6226 0.4710
vn -0.9622 0.2653 0.0622
vn -0.3377 0.9202 -0.1980
vn -0.9376 0.3476 0.0005
vn -0.1490 0.1277 -0.9806
vn 0.9199 -0.3858 -0.0704
vn 0.7295 0.4502 -0.5150
vn -0.8659 -0.4456 0.2274
vn -0.8600 -0.5061 -0.0655
vn 0.9217 0.3327 0.1993
vn 0.1741 0.9426 -0.2848
vn -0.1357 -0.9877 0.0778
vn -0.8253 -0.3921 0.4063
vn 0.8274 -0.2489 0.5035
vn -0.8549 0.3283 0.4016
vn 0.8016 0.2345 0.5500
vn 0.5133 0.7283 0.4540
vn 0.5394 0.6656 0.5158
vn -0.7901 0.0203 0.6126
vn -0.8554 0.1523 0.4950
vn 0.1289 0.8711 0.4739
vn 0.9123 -0.0977 0.3978
vn 0.6694 0.7265 0.1550
vn -0.3988 0.8837 0.2450
vn 0.6700 0.7261 0.1546
vn 0.7779 -0.5125 0.3636
vn -0.8117 0.4232 0.4024
vn 0.8948 -0.1560 0.4184
vn -0.7352 0.5055 0.4517
vn 0.8798 0.1911 0.4352
vn -0.6975 0.3626 0.6181
vn 0.6937 0.2828 0.6624
vn 0.8396 0.0027 0.5432
vn -0.8553 0.1526 0.4951
vn -0.8889 -0.3919 0.2371
vn 0.0715 0.8331 0.5485
vn -0.8418 0.4069 0.3548
vn -0.7282 0.5443 -0.4165
vn -0.5173 0.8538 -0.0589
vn 0.4018 0.9145 -0.0472
vn 0.0457 -0.9560 -0.2898
vn 0.8109 -0.4744 0.3426
vn 0.8665 -0.0624 0.4952
vn -0.7671 0.0084 0.6415
vn -0.8988 0.2498 0.3602
vn -0.8075 -0.0441 0.5883
vn -0.9505 -0.2346 0.2039
vn 0.9156 -0.1123 0.3860
vn -0.1181 0.8334 0.5399
vn 0.0009 0.7681 0.6404
vn -0.3375 0.9203 -0.1978
vn -0.8415 0.4070 0.3554
vn -0.4444 0.0371 0.8951
vn -0.6311 -0.6515 0.4211
vn 0.8220 -0.5658 0.0647
vn 0.8420 0.3014 0.4473
vn 0.8515 0.3760 -0.3655
vn 0.1741 0.9424 -0.2855
vn 0.5707 0.6965 -0.4349
vn 0.5163 -0.7998 0.3063
vn 0.9564 -0.0484 0.2880
vn 0.8272 -0.2489 0.5037
vn -0.9335 -0.1154 0.3394
vn 0.9215 0.1609 0.3536
vn 0.4188 0.7291 0.5412
vn -0.1440 0.7341 0.6636
vn 0.0712 0.8330 0.5486
vn 0.5582 0.3351 0.7591
vn -0.7824 0.4715 0.4068
vn -0.0970 -0.9767 -0.1913
vn 0.5436 -0.8000 0.2542
vn -0.9024 0.0691 0.4254
vn 0.8090 0.4623 0.3631
vn -0.6484 0.6394 0.4132
vn 0.7000 0.3401 0.6279
vn 0.6781 0.2246 0.6998
vn -0.6802 0.0131 0.7329
vn 0.1557 0.7285 0.6671
vn -0.4876 -0.1971 0.8505
vn 0.4121 0.0598 0.9092
vn -0.3130 -0.1471 0.9383
vn 0.6819 0.1316 0.7195
vn -0.1208 0.0908 0.9885
vn -0.5176 0.8536 -0.0595
vn -0.0099 0.9489 -0.3155
vn -0.1553 -0.9741 -0.1646
vn -0.5794 -0.7083 0.4033
vn 0.3198 0.6490 0.6903
vn 0.3195 0.6492 0.6902
vn -0.4961 -0.4388 0.7492
vn 0.0107 0.5867 0.8097
vn 0.1637 0.7324 0.6609
vn -0.2765 0.5907 0.7581
vn 0.3397 0.3372 0.8780
vn -0.2765 0.5904 0.7583
vn 0.3393 0.3368 0.8783
vn -0.1010 0.3089 0.9457
vn -0.1214 0.0908 0.9884
vn -0.6308 -0.6516 0.4212
vn 0.0630 -0.2015 0.9775
vn 0.1127 -0.5237 0.8444
vn 0.0636 -0.2015 0.9774
vn -0.0582 -0.6920 0.7196
vn -0.7240 -0.2104 0.6569
vn 0.7057 -0.1944 0.6813
vn 0.8527 0.4750 0.2174
vn -0.2306 0.9403 -0.2505
vn 0.0562 -0.9830 0.1749
vn 0.4061 -0.8936 -0.1912
vn 0.0717 -0.8804 -0.4689
vn 0.5161 -0.7998 0.3066
vn -0.8546 0.3289 0.4019
vn -0.4891 0.4954 0.7179
vn -0.6111 0.1042 0.7847
vn 0.2842 0.7799 0.5576
vn 0.0684 0.4350 0.8978
vn -0.0019 0.1004 0.9949
vn -0.3728 -0.9278 0.0165
vn -0.0582 -0.6919 0.7196
vn -0.8847 -0.1522 -0.4407
vn -0.7828 0.4712 0.4064
vn -0.6759 0.7368 -0.0150
vn 0.7327 0.1003 0.6731
vn -0.7526 -0.0098 0.6584
vn 0.6419 0.5825 0.4986
vn -0.2590 0.4089 0.8751
vn -0.2587 0.4087 0.8752
vn 0.0103 0.5863 0.8100
vn -0.2298 0.7478 0.6229
vn -0.1712 0.8386 0.5171
vn 0.8218 -0.5662 0.0640
vn 0.1895 -0.9815 0.0288
vn -0.0583 -0.6917 0.7198
vn 0.0702 -0.9896 -0.1252
vn 0.4581 -0.8715 0.1751
vn -0.6678 -0.7008 0.2508
vn -0.2918 0.5497 0.7828
vn -0.2584 0.4088 0.8753
vn -0.0654 0.0757 0.9950
vn 0.3524 -0.0218 0.9356
vn 0.7709 0.4479 -0.4530
vn 0.5635 -0.6745 0.4771
vn 0.7672 -0.2184 0.6031
vn -0.7174 0.1164 0.6868
vn 0.7499 -0.2576 0.6094
vn -0.7991 -0.3740 0.4707
vn -0.8579 0.0959 0.5048
vn 0.7670 0.0887 0.6355
vn 0.7257 0.3748 0.5770
vn 0.5548 0.4123 0.7226
vn -0.6507 0.3873 0.6532
vn -0.4206 0.1933 0.8864
vn 0.4360 0.2565 0.8626
vn 0.2813 0.3311 0.9007
vn 0.2311 0.2381 0.9433
vn -0.0448 0.0522 0.9976
vn 0.2292 0.4141 0.8809
vn -0.1270 0.1101 0.9858
vn 0.8060 -0.3781 -0.4554
vn -0.7356 -0.5522 0.3923
vn -0.7244 -0.2108 0.6564
vn 0.3354 -0.8793 -0.3381
vn 0.9077 -0.3111 0.2815
vn 0.7789 -0.1865 0.5987
vn 0.9154 -0.1124 0.3866
vn 0.9214 0.1607 0.3538
vn 0.7669 0.0884 0.6357
vn -0.6019 0.4633 0.6505
vn -0.7113 0.3311 0.6200
vn 0.3118 0.5373 0.7836
vn -0.1212 0.2580 0.9585
vn 0.0441 -0.3238 0.9451
vn -0.0951 0.0405 0.9946
vn -0.0949 0.0412 0.9946
vn -0.1210 0.2585 0.9584
vn 0.6435 -0.6936 0.3238
vn 0.9268 -0.1595 0.3401
vn -0.4405 0.8970 0.0374
vn -0.6683 -0.2937 0.6834
vn 0.6814 0.1799 0.7095
vn -0.6498 0.2504 0.7177
vn -0.8105 -0.1711 0.5602
vn 0.8091 0.4620 0.3633
vn 0.7185 0.3504 0.6008
vn 0.2410 0.6018 0.7614
vn -0.2460 0.5712 0.7831
vn 0.0055 0.6761 0.7368
vn -0.3214 -0.9054 0.2773
vn -0.1838 -0.9824 -0.0329
vn 0.1929 -0.8747 -0.4446
vn 0.4664 -0.7227 0.5100
vn -0.6023 0.4627 0.6505
vn 0.7185 0.3507 0.6007
vn -0.6387 0.3158 0.7016
vn -0.3220 -0.9052 0.2775
vn 0.9695 0.0268 0.2436
vn 0.2618 0.9505 -0.1676
vn -0.1394 -0.9836 0.1148
vn -0.1355 -0.9877 0.0784
vn 0.6403 -0.1537 0.7526
vn 0.2004 0.5709 0.7962
vn -0.2919 0.5494 0.7829
vn -0.3384 0.4747 0.8125
vn 0.0052 0.6760 0.7368
vn 0.5744 -0.7436 -0.3421
vn 0.0360 -0.9368 0.3479
vn 0.0732 -0.9683 -0.2389
vn 0.0726 -0.9970 0.0274
vn -0.5696 -0.6192 0.5405
vn 0.6413 -0.2155 0.7364
vn -0.6177 0.1866 0.7640
vn 0.6418 0.5824 0.4989
vn 0.4874 0.4545 0.7456
vn 0.4746 0.3898 0.7892
vn -0.4409 0.4397 0.7825
vn 0.2009 0.5706 0.7963
vn 0.3177 0.5127 0.7976
vn -0.5575 -0.7098 -0.4306
vn -0.8787 0.2836 0.3841
vn -0.0754 -0.9809 0.1794
vn -0.1834 -0.9825 -0.0323
vn 0.2470 -0.8976 -0.3652
vn -0.0008 -0.9660 -0.2584
vn -0.3025 -0.9327 -0.1964
vn 0.6122 -0.3716 0.6979
vn -0.4247 0.4316 0.7958
vn 0.4875 0.4547 0.7454
vn 0.7256 0.3746 0.5772
vn 0.7001 0.3398 0.6280
vn 0.5663 0.3391 0.7512
vn 0.3120 0.5370 0.7837
vn 0.2649 -0.9588 -0.1021
vn 0.7563 0.5971 0.2674
vn 0.6416 -0.7543 -0.1392
vn 0.5724 -0.0811 0.8160
vn 0.6508 -0.1377 0.7467
vn -0.6954 0.1126 0.7098
vn 0.5498 0.2228 0.8050
vn -0.5181 0.3855 0.7636
vn -0.2747 0.4604 0.8442
vn 0.1153 0.5725 0.8117
vn -0.5362 -0.8145 -0.2215
vn -0.6012 0.7383 -0.3056
vn -0.5785 -0.5623 -0.5908
vn 0.6288 -0.0464 0.7762
vn -0.6535 -0.0843 0.7522
vn 0.5352 0.0585 0.8427
vn -0.4248 0.4313 0.7959
vn -0.5686 0.3086 0.7625
vn 0.4698 0.2745 0.8390
vn 0.0136 0.5510 0.8344
vn -0.2260 -0.9730 -0.0471
vn -0.0732 -0.7108 -0.6996
vn 0.3029 -0.7604 -0.5745
vn 0.0723 -0.8802 -0.4691
vn 0.6418 -0.7540 -0.1398
vn 0.4300 -0.8356 -0.3419
vn -0.6178 -0.2747 0.7368
vn -0.5647 0.1781 0.8059
vn -0.5682 0.3090 0.7627
vn -0.5649 0.1779 0.8058
vn -0.7289 0.0268 0.6841
vn 0.3359 0.3627 0.8692
vn -0.5571 -0.7102 -0.4304
vn -0.1963 -0.8748 -0.4429
vn -0.5091 -0.7151 -0.4790
vn -0.6500 -0.0459 0.7585
vn 0.5586 0.0519 0.8278
vn -0.3470 0.2386 0.9070
vn 0.5232 0.1786 0.8333
vn 0.0134 0.5508 0.8345
vn -0.3126 0.4343 0.8448
vn -0.0434 -0.9723 -0.2296
vn -0.0003 -0.9661 -0.2580
vn 0.8697 -0.4572 0.1859
vn 0.7866 -0.1836 0.5896
vn -0.7567 -0.1687 0.6317
vn -0.6583 0.1287 0.7417
vn -0.4501 0.0094 0.8929
vn -0.4490 0.3139 0.8366
vn 0.2006 0.5705 0.7964
vn 0.2290 0.4090 0.8833
vn -0.7436 -0.2663 -0.6133
vn -0.1129 -0.8939 -0.4338
vn 0.2467 -0.8976 -0.3652
vn 0.1345 -0.7792 -0.6122
vn 0.6349 0.1635 0.7551
vn 0.4689 -0.2566 0.8451
vn -0.5935 0.0796 0.8009
vn -0.6247 0.0682 0.7779
vn -0.4494 0.3133 0.8366
vn 0.3790 0.2670 0.8860
vn -0.3131 0.4352 0.8441
vn 0.2763 0.4689 0.8389
vn 0.0773 -0.9575 -0.2778
vn 0.3030 -0.7605 -0.5743
vn -0.2567 -0.9581 -0.1273
vn 0.2968 -0.8765 -0.3790
vn -0.1966 -0.8745 -0.4433
vn -0.5125 0.1916 0.8370
vn -0.6338 0.0414 0.7724
vn -0.1397 0.4402 0.8870
vn -0.4491 -0.6572 -0.6054
vn 0.0204 -0.9507 -0.3096
vn 0.3736 0.8972 0.2357
vn 0.3910 -0.7443 -0.5414
vn 0.2971 -0.8766 -0.3786
vn 0.2525 -0.4286 -0.8675
vn 0.5784 -0.8039 -0.1384
vn 0.8204 -0.5598 -0.1165
vn -0.8438 -0.5196 -0.1343
vn 0.4633 -0.0460 0.8850
vn 0.3240 -0.0955 0.9412
vn 0.4726 0.0177 0.8811
vn -0.3290 0.3173 0.8894
vn -0.0310 0.4213 0.9064
vn -0.1391 0.4404 0.8870
vn -0.1295 0.5222 0.8429
vn -0.0134 0.4764 0.8791
vn 0.1150 0.5725 0.8118
vn 0.0199 -0.9508 -0.3092
vn -0.6113 -0.7605 0.2192
vn 0.8054 0.2759 -0.5246
vn -0.5577 -0.8271 -0.0699
vn -0.0380 -0.7746 -0.6313
vn -0.6015 0.2990 0.7408
vn 0.4544 0.0577 0.8889
vn 0.2226 0.3613 0.9055
vn -0.3287 0.3173 0.8895
vn -0.0311 0.4210 0.9065
vn -0.2743 0.4604 0.8443
vn 0.2443 0.4128 0.8774
vn 0.7708 0.4027 0.4936
vn -0.0768 0.9947 -0.0684
vn -0.3221 -0.7596 -0.5650
vn 0.0822 -0.9904 0.1109
vn -0.8617 -0.4295 0.2703
vn 0.5844 0.0146 0.8113
vn -0.5521 0.0721 0.8307
vn -0.3131 0.4352 0.8442
vn -0.4495 -0.6567 -0.6055
vn -0.8513 -0.2955 0.4336
vn 0.8829 -0.1884 0.4301
vn -0.1412 0.9550 0.2610
vn 0.3877 -0.8067 -0.4460
vn -0.3552 -0.7831 -0.5105
vn -0.2542 -0.7488 -0.6121
vn -0.6934 0.0313 0.7199
vn 0.2986 0.2691 0.9157
vn 0.3041 0.3437 0.8885
vn 0.1735 0.4617 0.8699
vn -0.0131 0.4765 0.8791
vn -0.5442 0.7246 0.4229
vn 0.3115 0.9502 0.0126
vn -0.4196 0.9076 -0.0164
vn 0.4237 -0.8443 -0.3282
vn -0.4490 -0.7794 0.4370
vn 0.0745 -0.9299 0.3603
vn 0.5624 -0.7706 -0.2999
vn 0.8162 -0.0139 0.5776
vn 0.5533 -0.1854 0.8121
vn 0.6000 -0.0788 0.7961
vn -0.6169 -0.0821 0.7827
vn -0.2238 0.4171 0.8809
vn 0.7415 -0.6319 0.2258
vn 0.5032 -0.4140 -0.7585
vn 0.6496 0.7324 -0.2039
vn 0.4569 0.7340 0.5025
vn -0.0109 0.9824 0.1863
vn -0.0841 -0.8890 -0.4501
vn -0.2567 -0.9582 -0.1265
vn 0.4845 -0.8445 -0.2281
vn -0.1075 -0.7422 -0.6615
vn 0.4187 -0.3440 -0.8404
vn -0.8168 -0.0193 0.5766
vn -0.5731 0.0241 0.8191
vn -0.1394 0.4402 0.8870
vn -0.1319 0.2719 0.9532
vn 0.3041 0.3438 0.8884
vn 0.0714 0.4019 0.9129
vn -0.8079 0.3692 -0.4592
vn -0.6165 -0.7218 0.3146
vn -0.1047 -0.9931 0.0524
vn 0.5469 0.0575 0.8352
vn -0.1438 0.2751 0.9506
vn 0.0720 0.4018 0.9129
vn 0.1554 -0.6042 -0.7815
vn -0.6166 -0.7218 0.3143
vn -0.4437 -0.7286 -0.5219
vn -0.5770 -0.7419 0.3416
vn 0.6612 -0.7256 0.1907
vn 0.5882 -0.6892 0.4231
vn 0.7718 -0.3187 0.5502
vn -0.6018 0.0792 0.7947
vn 0.1486 -0.8502 -0.5050
vn -0.4228 -0.5060 -0.7518
vn -0.1305 -0.8999 -0.4161
vn -0.4233 -0.5055 -0.7519
vn -0.8348 -0.1896 0.5169
vn -0.6660 0.4222 0.6149
vn 0.2200 -0.8054 -0.5504
vn 0.2065 -0.4657 -0.8605
vn -0.0127 -0.1432 -0.9896
vn -0.4024 -0.7602 -0.5100
vn 0.4371 -0.5790 -0.6882
vn -0.1980 -0.7814 0.5917
vn -0.2485 -0.9570 -0.1495
vn -0.6301 -0.2511 0.7348
vn 0.6162 0.0777 0.7837
vn 0.2534 0.2660 0.9301
vn 0.2931 0.3026 0.9069
vn 0.0720 0.4017 0.9129
vn -0.5110 -0.7151 -0.4770
vn 0.2139 -0.5366 -0.8163
vn -0.0652 -0.2917 -0.9543
vn 0.5309 -0.7159 -0.4534
vn -0.8746 -0.3572 -0.3278
vn -0.1962 -0.8748 -0.4430
vn -0.8745 -0.3574 -0.3280
vn -0.6652 -0.7452 0.0466
vn -0.3571 -0.1616 -0.9200
vn 0.4856 -0.3219 -0.8128
vn 0.5526 -0.7470 -0.3696
vn 0.2031 -0.6455 0.7363
vn -0.1792 -0.5248 0.8322
vn -0.5913 0.0169 0.8063
vn 0.3575 0.0528 0.9324
vn 0.2271 0.3171 0.9208
vn -0.0618 0.3643 0.9292
vn -0.1299 -0.8998 -0.4165
vn -0.7183 -0.1170 -0.6858
vn -0.3573 -0.1623 -0.9198
vn 0.1306 -0.7267 -0.6744
vn -0.4493 -0.7755 -0.4436
vn -0.4091 -0.8591 -0.3077
vn -0.9468 -0.1175 -0.2997
vn 0.1310 -0.7263 -0.6748
vn 0.7791 -0.2034 -0.5929
vn -0.9470 -0.1169 -0.2993
vn -0.8210 -0.0819 -0.5650
vn -0.6883 -0.6217 -0.3738
vn 0.3883 -0.9174 -0.0869
vn 0.9642 -0.1657 -0.2068
vn 0.6695 -0.3885 0.6331
vn -0.4018 0.2452 0.8823
vn 0.1638 -0.7705 -0.6160
vn 0.9001 -0.4182 0.1220
vn 0.7539 -0.5721 -0.3229
vn 0.9746 -0.0030 -0.2238
vn -0.6706 -0.7352 -0.0990
vn -0.8095 -0.0789 -0.5818
vn 0.3241 0.1569 0.9329
vn -0.3565 0.1578 0.9209
vn 0.2898 0.3532 0.8895
vn -0.2070 0.3095 0.9281
vn 0.1830 -0.6657 -0.7235
vn -0.0356 0.9254 0.3774
vn -0.4029 -0.7602 -0.5096
vn -0.8214 -0.0819 -0.5644
vn -0.7967 -0.5875 -0.1419
vn 0.8002 -0.5686 0.1906
vn -0.8743 -0.4637 0.1436
vn -0.6748 -0.1999 0.7104
vn 0.5385 -0.1899 0.8210
vn -0.4633 -0.1024 0.8802
vn 0.5952 0.1020 0.7971
vn 0.5055 0.1965 0.8401
vn 0.0662 0.3204 0.9450
vn -0.0614 0.3642 0.9293
vn 0.6234 -0.7806 -0.0446
vn 0.5840 0.4679 0.6634
vn 0.5437 -0.8334 0.0993
vn -0.4889 -0.5409 -0.6844
vn -0.4894 -0.5407 -0.6842
vn -0.7551 -0.6336 0.1685
vn -0.8924 -0.2427 0.3803
vn 0.9007 0.2372 0.3639
vn -0.5340 -0.2152 0.8176
vn 0.6839 -0.2750 0.6757
vn -0.0617 0.3642 0.9293
vn -0.8107 0.3946 -0.4326
vn -0.3782 -0.9210 -0.0940
vn 0.8590 -0.4548 0.2351
vn 0.1136 -0.9018 0.4169
vn 0.1132 -0.9786 0.1718
vn -0.8744 -0.4634 0.1437
vn 0.5147 -0.2361 0.8242
vn 0.0126 -0.5500 0.8351
vn 0.7770 -0.2531 0.5764
vn -0.6048 0.0438 0.7952
vn -0.3854 0.0361 0.9221
vn -0.4058 -0.0007 0.9140
vn 0.6170 -0.1165 -0.7783
vn -0.5887 0.8081 0.0223
vn -0.1165 0.8914 0.4380
vn 0.2543 -0.9217 -0.2929
vn 0.8399 -0.1111 -0.5313
vn -0.3173 -0.6513 -0.6893
vn -0.4763 0.0717 -0.8764
vn 0.1590 -0.8750 -0.4573
vn 0.6991 0.5336 0.4759
vn 0.6745 -0.5098 0.5339
vn -0.7654 0.1329 0.6297
vn 0.1719 0.0457 0.9841
vn 0.2210 0.3306 0.9175
vn -0.2629 -0.8299 -0.4921
vn 0.7422 0.0665 0.6669
vn 0.2611 -0.9629 -0.0685
vn -0.9930 -0.0279 -0.1150
vn -0.6132 -0.7020 0.3621
vn -0.0094 0.8163 -0.5776
vn 0.9217 -0.2997 0.2464
vn 0.4295 -0.8992 -0.0840
vn -0.7978 -0.2549 0.5464
vn 0.8944 0.3716 0.2489
vn -0.4132 -0.2575 0.8735
vn -0.2672 -0.0820 0.9601
vn -0.3540 -0.0024 0.9352
vn 0.0656 0.3204 0.9450
vn -0.2635 -0.8299 -0.4917
vn 0.8228 -0.2535 0.5086
vn 0.6082 0.7922 0.0493
vn -0.4700 -0.8374 0.2790
vn -0.3965 -0.7820 0.4809
vn -0.8939 -0.1130 0.4338
vn 0.9749 -0.2160 0.0531
vn 0.8597 0.3761 -0.3456
vn 0.6899 -0.7222 -0.0495
vn -0.7978 -0.2555 0.5461
vn 0.8514 0.2390 0.4668
vn -0.7628 0.1996 0.6151
vn 0.2298 -0.0436 0.9723
vn 0.5249 0.2153 0.8235
vn -0.3917 -0.0192 0.9199
vn 0.0512 0.0665 0.9965
vn -0.3514 -0.0671 0.9338
vn 0.3072 0.1420 0.9410
vn -0.4086 -0.2249 0.8846
vn -0.7592 0.2078 -0.6167
vn -0.8343 -0.2822 0.4736
vn 0.7773 0.5099 -0.3685
vn 0.8594 -0.3237 0.3959
vn 0.3289 0.3678 0.8698
vn -0.7868 -0.1849 0.5888
vn -0.1017 0.4839 0.8692
vn 0.5055 0.1962 0.8402
vn 0.2897 0.3538 0.8893
vn 0.5403 0.0824 0.8374
vn -0.0386 0.2311 0.9722
vn 0.3322 -0.7809 -0.5289
vn 0.4286 -0.1862 -0.8841
vn -0.4347 -0.2146 -0.8746
vn -0.7590 0.2074 -0.6172
vn -0.4227 -0.5056 -0.7521
vn 0.2045 0.9103 0.3601
vn 0.1868 -0.6340 0.7505
vn -0.2128 -0.6551 0.7250
vn 0.3655 -0.6720 0.6441
vn 0.5443 -0.4822 0.6864
vn 0.5588 -0.1990 0.8051
vn 0.5835 0.3061 0.7523
vn -0.5377 0.2014 0.8187
vn -0.2674 -0.0817 0.9601
vn 0.1825 -0.2523 0.9503
vn -0.2207 0.3563 0.9079
vn 0.0489 0.1223 0.9913
vn -0.2356 0.1786 0.9553
vn 0.7351 0.2146 -0.6431
vn 0.2296 -0.2201 0.9481
vn -0.5723 -0.4204 0.7040
vn -0.7624 0.1998 0.6155
vn -0.4375 0.3013 0.8472
vn 0.3827 -0.1038 0.9180
vn 0.0259 -0.0935 0.9953
vn 0.2298 -0.0430 0.9723
vn 0.2497 -0.2538 0.9345
vn 0.3076 0.1414 0.9410
vn 0.3317 -0.7808 -0.5294
vn 0.1125 -0.5763 -0.8095
vn -0.0121 0.8387 0.5445
vn 0.4443 0.4983 0.7445
vn 0.0393 -0.3027 0.9523
vn -0.0896 -0.3219 0.9425
vn 0.5439 -0.4820 0.6869
vn -0.7333 -0.1910 0.6525
vn 0.2101 0.2857 0.9350
vn 0.1594 0.3159 0.9353
vn -0.2581 0.3915 0.8833
vn 0.1831 -0.2525 0.9501
vn 0.1837 0.0343 0.9824
vn 0.8603 -0.4470 0.2452
vn 0.8664 -0.4632 0.1867
vn -0.7319 0.6437 -0.2237
vn -0.5721 -0.4200 0.7045
vn -0.5116 -0.0819 0.8553
vn 0.3304 0.0198 0.9436
vn -0.3113 -0.0185 0.9501
vn 0.5829 0.3063 0.7526
vn 0.0688 -0.3862 0.9198
vn -0.0471 -0.1402 0.9890
vn -0.0471 -0.1396 0.9891
vn -0.2535 -0.1592 0.9541
vn -0.2149 -0.6678 -0.7126
vn -0.6951 -0.6988 -0.1686
vn 0.0101 -0.2020 0.9793
vn 0.0104 -0.2017 0.9794
vn -0.1757 0.1104 0.9782
vn -0.0468 -0.1402 0.9890
vn 0.0266 0.0235 0.9994
vn 0.0785 -0.3248 -0.9425
vn -0.6949 -0.6989 -0.1691
vn -0.4352 -0.2142 -0.8745
vn -0.7556 0.0853 -0.6495
vn -0.8699 0.4422 -0.2184
vn -0.5205 0.4746 0.7098
vn 0.3822 -0.1041 0.9182
vn 0.3301 0.0200 0.9437
vn -0.3120 -0.0188 0.9499
vn -0.0349 0.0821 0.9960
vn 0.1836 0.0350 0.9824
vn 0.2893 0.3534 0.8896
vn 0.7261 -0.5903 -0.3526
vn 0.8604 -0.4469 0.2449
vn -0.5624 0.8103 0.1645
vn -0.0841 0.7276 0.6809
vn -0.0345 0.0815 0.9961
vn -0.4353 -0.2619 -0.8613
vn 0.0476 -0.5098 -0.8590
vn 0.0482 -0.5101 -0.8587
vn -0.8238 -0.4589 0.3328
vn 0.7278 0.0138 -0.6857
vn 0.1597 -0.5792 -0.7994
vn -0.6789 -0.4796 -0.5560
vn -0.8627 0.0124 -0.5055
vn 0.8851 0.3520 -0.3044
vn -0.6169 0.2227 0.7549
vn 0.1840 0.7726 0.6076
vn -0.4368 -0.5484 -0.7130
vn 0.5918 -0.6160 -0.5199
vn -0.6964 0.6797 0.2305
vn 0.6597 0.0260 0.7511
vn 0.7242 -0.3379 -0.6011
vn 0.9837 0.0102 -0.1797
vn 0.7639 0.6380 0.0974
vn -0.5112 -0.8363 -0.1982
vn -0.3781 -0.7426 -0.5529
vn -0.6793 -0.4797 -0.5554
vn -0.8769 -0.4734 -0.0841
vn -0.9713 0.2336 -0.0439
vn -0.2009 0.7987 0.5672
vn 0.3062 -0.9364 -0.1717
vn 0.3545 -0.9004 -0.2524
vn -0.3777 -0.7428 -0.5528
vn -0.5116 -0.8361 -0.1977
vn -0.9025 -0.3318 -0.2745
vn -0.6994 -0.2007 0.6860
vn 0.1019 0.4667 0.8786
vn 0.5094 0.7588 0.4059
vn 0.8871 -0.4414 -0.1351
vn 0.8557 0.4520 0.2520
vn 0.1591 0.5134 0.8433
vn -0.3132 0.4483 0.8372
vn 0.8011 -0.5879 0.1121
vn 0.7242 -0.3382 -0.6010
vn 0.8868 -0.4421 -0.1349
vn 0.3062 -0.9365 -0.1709
vn -0.7810 -0.5907 0.2027
vn -0.9405 -0.0489 0.3362
vn -0.4916 0.1301 0.8610
vn 0.0602 0.5469 0.8350
vn -0.2807 -0.9528 0.1153
vn -0.2815 -0.9526 0.1153
vn -0.6940 -0.6618 0.2835
vn 0.2337 -0.8785 0.4167
vn -0.8372 0.4580 0.2990
vn 0.4804 0.5810 0.6570
vn -0.5113 -0.8363 -0.1979
vn 0.2313 -0.9103 0.3433
vn 0.9558 0.1195 0.2685
vn 0.6033 -0.1829 0.7763
vn -0.4984 0.5327 0.6840
vn -0.1412 -0.7560 0.6392
vn 0.6698 -0.4838 0.5633
vn -0.8171 0.2065 0.5383
vn -0.4978 0.5326 0.6844
vn 0.1583 0.5135 0.8434
vn -0.2010 0.7985 0.5674
vn -0.1418 -0.7556 0.6394
vn 0.6650 -0.6131 0.4266
vn -0.5164 -0.4760 0.7119
vn 0.8408 -0.1624 0.5165
vn 0.9559 0.1193 0.2683
vn 0.7325 0.3320 0.5943
vn -0.4272 -0.0783 0.9008
vn 0.4977 0.0715 0.8644
vn -0.0131 0.4694 0.8829
vn 0.2396 -0.4678 0.8507
vn -0.1441 -0.5310 0.8350
vn -0.5322 -0.2239 0.8165
vn 0.8405 -0.1620 0.5170
vn -0.1435 -0.5313 0.8349
vn 0.0895 -0.2980 0.9504
vn 0.4033 0.1800 0.8972
vn -0.4134 0.2227 0.8829
vn 0.2000 0.3457 0.9168
vn 0.2389 -0.4678 0.8510
vn -0.3407 -0.1638 0.9258
vn -0.1575 0.0778 0.9845
vn 0.1355 0.1554 0.9785
vn 0.2545 -0.1549 0.9546
vn 0.2551 -0.1552 0.9544
vn 0.1349 0.1556 0.9786
vn 0.0892 -0.2978 0.9504
vt 0.353261 0.278813
vt 0.338823 0.282623
vt 0.345009 0.276439
vt 0.262106 0.286783
vt 0.255196 0.270070
vt 0.275013 0.274443
vt 0.328034 0.275376
vt 0.266059 0.263293
vt 0.272862 0.291540
vt 0.289290 0.281443
vt 0.358632 0.271899
vt 0.287052 0.267022
vt 0.275709 0.265234
vt 0.327374 0.284063
vt 0.363382 0.280978
vt 0.302018 0.262504
vt 0.333004 0.292826
vt 0.255963 0.253681
vt 0.293043 0.290878
vt 0.367330 0.273083
vt 0.358245 0.291008
vt 0.297972 0.273685
vt 0.296783 0.257045
vt 0.249281 0.271931
vt 0.273299 0.295740
vt 0.304548 0.281566
vt 0.351869 0.299887
vt 0.281913 0.249565
vt 0.281382 0.299925
vt 0.371505 0.285045
vt 0.344396 0.303909
vt 0.317518 0.297724
vt 0.243037 0.263744
vt 0.375572 0.270548
vt 0.377238 0.285502
vt 0.310294 0.264820
vt 0.366983 0.298891
vt 0.317938 0.290125
vt 0.246816 0.253355
vt 0.252748 0.241040
vt 0.293420 0.296111
vt 0.290436 0.300877
vt 0.295146 0.242778
vt 0.237774 0.263983
vt 0.305831 0.285966
vt 0.305723 0.252864
vt 0.237300 0.243725
vt 0.870786 0.763128
vt 0.858680 0.764063
vt 0.850484 0.759606
vt 0.837801 0.751625
vt 0.836967 0.743701
vt 0.382378 0.269919
vt 0.312044 0.271284
vt 0.330949 0.317495
vt 0.283798 0.232394
vt 0.275993 0.231963
vt 0.861914 0.746148
vt 0.390608 0.271020
vt 0.389722 0.283198
vt 0.381709 0.289326
vt 0.314042 0.313591
vt 0.295915 0.295907
vt 0.823994 0.744233
vt 0.329345 0.239936
vt 0.331640 0.322673
vt 0.873720 0.746775
vt 0.399776 0.285677
vt 0.389259 0.292862
vt 0.829984 0.727464
vt 0.382181 0.309038
vt 0.365668 0.317661
vt 0.315094 0.237341
vt 0.344274 0.316756
vt 0.323718 0.258735
vt 0.301300 0.233921
vt 0.256193 0.214431
vt 0.305163 0.332130
vt 0.230934 0.218578
vt 0.280506 0.337689
vt 0.275737 0.318225
vt 0.878354 0.741013
vt 0.421828 0.270688
vt 0.396606 0.292116
vt 0.377949 0.314146
vt 0.327333 0.333572
vt 0.218593 0.224814
vt 0.873505 0.743250
vt 0.871175 0.744229
vt 0.873401 0.741947
vt 0.870260 0.742811
vt 0.854472 0.729538
vt 0.388291 0.303312
vt 0.356898 0.322790
vt 0.873090 0.740748
vt 0.837228 0.720386
vt 0.818734 0.730441
vt 0.826339 0.725126
vt 0.216721 0.212803
vt 0.875404 0.740690
vt 0.346349 0.334707
vt 0.313013 0.346264
vt 0.268455 0.208203
vt 0.870045 0.740968
vt 0.295523 0.224674
vt 0.245778 0.203524
vt 0.230333 0.203757
vt 0.427820 0.274744
vt 0.873111 0.736373
vt 0.873105 0.727075
vt 0.388180 0.313134
vt 0.323536 0.235481
vt 0.325063 0.225136
vt 0.263475 0.325988
vt 0.875673 0.732288
vt 0.428501 0.300559
vt 0.404660 0.302410
vt 0.331596 0.243577
vt 0.378832 0.327628
vt 0.371382 0.334602
vt 0.306245 0.217672
vt 0.296591 0.212471
vt 0.831454 0.717025
vt 0.395253 0.314551
vt 0.808587 0.715893
vt 0.816076 0.708867
vt 0.384915 0.328806
vt 0.307650 0.212279
vt 0.351446 0.348547
vt 0.334807 0.235824
vt 0.262645 0.185495
vt 0.412584 0.307403
vt 0.388980 0.326428
vt 0.331376 0.231833
vt 0.354026 0.343184
vt 0.336925 0.355292
vt 0.320543 0.373419
vt 0.261937 0.356025
vt 0.207175 0.190684
vt 0.840762 0.711076
vt 0.322321 0.198980
vt 0.286924 0.369560
vt 0.242085 0.185086
vt 0.219739 0.188177
vt 0.198747 0.197531
vt 0.422717 0.308221
vt 0.804664 0.710675
vt 0.438774 0.279554
vt 0.840736 0.706531
vt 0.401746 0.327105
vt 0.336844 0.226772
vt 0.376143 0.346417
vt 0.851614 0.706236
vt 0.420005 0.313213
vt 0.832830 0.706520
vt 0.799162 0.702801
vt 0.371958 0.351749
vt 0.305692 0.194568
vt 0.382922 0.336892
vt 0.281870 0.186993
vt 0.873806 0.710709
vt 0.387796 0.340056
vt 0.797112 0.697709
vt 0.329941 0.213355
vt 0.346398 0.369834
vt 0.265290 0.364783
vt 0.250715 0.354790
vt 0.209430 0.184735
vt 0.251622 0.362378
vt 0.199825 0.186526
vt 0.867060 0.694711
vt 0.335636 0.222756
vt 0.358280 0.357741
vt 0.247223 0.174422
vt 0.883828 0.724003
vt 0.444861 0.305301
vt 0.809960 0.686255
vt 0.795223 0.700487
vt 0.382404 0.343293
vt 0.266577 0.177632
vt 0.433675 0.310261
vt 0.413811 0.325750
vt 0.306164 0.375896
vt 0.223421 0.166436
vt 0.455568 0.307106
vt 0.879292 0.694681
vt 0.848703 0.697778
vt 0.793540 0.690565
vt 0.366659 0.367336
vt 0.282566 0.179820
vt 0.295735 0.377901
vt 0.198968 0.168719
vt 0.897971 0.700441
vt 0.409035 0.337925
vt 0.389704 0.345009
vt 0.337148 0.195972
vt 0.379628 0.359481
vt 0.325769 0.187473
vt 0.295138 0.180830
vt 0.319142 0.383662
vt 0.261903 0.168822
vt 0.255273 0.383744
vt 0.205161 0.163454
vt 0.435189 0.319885
vt 0.839181 0.688091
vt 0.381424 0.353098
vt 0.790046 0.683575
vt 0.328775 0.201678
vt 0.327255 0.191319
vt 0.277523 0.169185
vt 0.279085 0.385687
vt 0.783052 0.675360
vt 0.240543 0.377039
vt 0.444951 0.311018
vt 0.799602 0.678765
vt 0.394715 0.347781
vt 0.363619 0.372302
vt 0.308962 0.184294
vt 0.304472 0.390581
vt 0.425861 0.330963
vt 0.406827 0.343109
vt 0.292613 0.164483
vt 0.228943 0.155002
vt 0.853778 0.687230
vt 0.828967 0.685164
vt 0.806976 0.678576
vt 0.330244 0.412053
vt 0.267855 0.153509
vt 0.249262 0.131204
vt 0.375920 0.364759
vt 0.839015 0.684905
vt 0.332691 0.188669
vt 0.270183 0.418726
vt 0.200268 0.153332
vt 0.890109 0.688394
vt 0.865475 0.687233
vt 0.436281 0.326547
vt 0.429808 0.332839
vt 0.413582 0.352458
vt 0.320256 0.166788
vt 0.355760 0.397732
vt 0.453238 0.318396
vt 0.878576 0.687416
vt 0.420432 0.342812
vt 0.387442 0.367161
vt 0.794613 0.669025
vt 0.857009 0.682804
vt 0.837352 0.676881
vt 0.815651 0.671946
vt 0.788606 0.667689
vt 0.368062 0.378712
vt 0.329398 0.183222
vt 0.867847 0.683666
vt 0.441176 0.330166
vt 0.858350 0.678479
vt 0.399548 0.364704
vt 0.271531 0.135727
vt 0.292063 0.421890
vt 0.230190 0.131703
vt 0.245354 0.413294
vt 0.881162 0.683258
vt 0.782059 0.660237
vt 0.143209 0.707786
vt 0.139837 0.701190
vt 0.156844 0.690690
vt 0.373152 0.380112
vt 0.327474 0.173507
vt 0.211082 0.134575
vt 0.470574 0.307333
vt 0.888727 0.685042
vt 0.806729 0.658269
vt 0.155323 0.698846
vt 0.302885 0.149669
vt 0.293378 0.138003
vt 0.183380 0.141379
vt 0.460700 0.320956
vt 0.386205 0.380988
vt 0.472660 0.309060
vt 0.443081 0.338275
vt 0.839628 0.660228
vt 0.378349 0.380683
vt 0.338713 0.173904
vt 0.331577 0.175379
vt 0.873391 0.678883
vt 0.437820 0.356740
vt 0.255297 0.414782
vt 0.194411 0.136811
vt 0.414930 0.373034
vt 0.395592 0.375669
vt 0.787145 0.659258
vt 0.377401 0.413791
vt 0.327247 0.159292
vt 0.319189 0.419479
vt 0.331747 0.168840
vt 0.465542 0.326029
vt 0.457001 0.335819
vt 0.865138 0.663239
vt 0.850091 0.665175
vt 0.478180 0.326599
vt 0.882907 0.670526
vt 0.429548 0.358842
vt 0.797948 0.648815
vt 0.392148 0.385624
vt 0.368105 0.396090
vt 0.316677 0.135537
vt 0.897571 0.670210
vt 0.405874 0.375400
vt 0.785668 0.647951
vt 0.366448 0.404797
vt 0.261700 0.421673
vt 0.228451 0.128531
vt 0.197261 0.132616
vt 0.783011 0.642013
vt 0.449328 0.353564
vt 0.819708 0.648971
vt 0.414709 0.380669
vt 0.331827 0.166349
vt 0.278229 0.424416
vt 0.218201 0.121911
vt 0.265826 0.128396
vt 0.274906 0.129908
vt 0.292892 0.426672
vt 0.244315 0.431446
vt 0.475996 0.343833
vt 0.875068 0.655178
vt 0.333188 0.156723
vt 0.332818 0.418049
vt 0.265355 0.430614
vt 0.239226 0.111222
vt 0.229627 0.115015
vt 0.464111 0.352830
vt 0.834152 0.650408
vt 0.794480 0.643390
vt 0.368831 0.403805
vt 0.364601 0.417716
vt 0.355151 0.420301
vt 0.345219 0.416435
vt 0.277566 0.438950
vt 0.231199 0.418286
vt 0.194702 0.099639
vt 0.891570 0.655282
vt 0.425933 0.369606
vt 0.802311 0.643742
vt 0.401940 0.391399
vt 0.188687 0.104963
vt 0.851241 0.651668
vt 0.446571 0.362488
vt 0.319152 0.430500
vt 0.310900 0.429023
vt 0.489077 0.340760
vt 0.437374 0.375156
vt 0.387682 0.405060
vt 0.172347 0.686949
vt 0.180540 0.670134
vt 0.326184 0.134917
vt 0.299449 0.133411
vt 0.275372 0.119847
vt 0.254993 0.109503
vt 0.210138 0.093008
vt 0.231262 0.459073
vt 0.850868 0.647588
vt 0.176498 0.670148
vt 0.182840 0.097654
vt 0.832718 0.644307
vt 0.817780 0.637716
vt 0.426694 0.390102
vt 0.335121 0.143706
vt 0.330828 0.144635
vt 0.295928 0.444495
vt 0.881469 0.649142
vt 0.466288 0.357355
vt 0.337877 0.443538
vt 0.312083 0.443530
vt 0.249160 0.459844
vt 0.489411 0.348949
vt 0.846010 0.637329
vt 0.796086 0.612594
vt 0.393330 0.402728
vt 0.167912 0.668892
vt 0.369234 0.415321
vt 0.284970 0.111999
vt 0.900558 0.648935
vt 0.867146 0.641954
vt 0.464219 0.362844
vt 0.828567 0.629916
vt 0.485476 0.357261
vt 0.411663 0.405008
vt 0.368559 0.420745
vt 0.888343 0.645273
vt 0.876361 0.640383
vt 0.461704 0.379893
vt 0.161153 0.660780
vt 0.167225 0.662977
vt 0.294653 0.103426
vt 0.279803 0.100780
vt 0.904227 0.645808
vt 0.395918 0.419120
vt 0.482715 0.367598
vt 0.296991 0.467435
vt 0.270796 0.474611
vt 0.256307 0.091304
vt 0.888095 0.631812
vt 0.816440 0.610679
vt 0.774832 0.622179
vt 0.190553 0.673169
vt 0.395096 0.421622
vt 0.384707 0.431540
vt 0.318610 0.463617
vt 0.228079 0.069430
vt 0.838811 0.614327
vt 0.173885 0.642843
vt 0.184881 0.084234
vt 0.901654 0.633966
vt 0.869754 0.628311
vt 0.362733 0.441274
vt 0.309297 0.460470
vt 0.453868 0.397620
vt 0.422179 0.413798
vt 0.367835 0.433860
vt 0.858779 0.616871
vt 0.404871 0.417100
vt 0.391678 0.427930
vt 0.185684 0.646007
vt 0.464796 0.396805
vt 0.438862 0.410478
vt 0.173989 0.620287
vt 0.310375 0.104468
vt 0.496207 0.365215
vt 0.825115 0.609251
vt 0.393655 0.428986
vt 0.190826 0.656314
vt 0.263298 0.070024
vt 0.233193 0.475981
vt 0.398107 0.424908
vt 0.200027 0.658460
vt 0.368633 0.439097
vt 0.326536 0.096324
vt 0.250672 0.478174
vt 0.409117 0.420763
vt 0.790252 0.608660
vt 0.299422 0.092175
vt 0.287469 0.086844
vt 0.213978 0.661088
vt 0.189236 0.625893
vt 0.475185 0.393554
vt 0.209659 0.632998
vt 0.378680 0.449901
vt 0.298040 0.491197
vt 0.209114 0.069608
vt 0.886268 0.602594
vt 0.411522 0.428033
vt 0.492517 0.384432
vt 0.909083 0.619476
vt 0.427896 0.420354
vt 0.195784 0.645201
vt 0.177233 0.633028
vt 0.251190 0.069131
vt 0.404412 0.437527
vt 0.402629 0.451042
vt 0.389543 0.462407
vt 0.366377 0.475463
vt 0.244414 0.485115
vt 0.192829 0.072141
vt 0.842590 0.605204
vt 0.444109 0.413845
vt 0.803775 0.602594
vt 0.345001 0.458237
vt 0.342453 0.481405
vt 0.272308 0.487462
vt 0.450855 0.409544
vt 0.372879 0.452989
vt 0.785494 0.420992
vt 0.773480 0.414430
vt 0.794363 0.412274
vt 0.470464 0.406929
vt 0.242526 0.683430
vt 0.234066 0.681069
vt 0.246462 0.677585
vt 0.326303 0.482547
vt 0.862556 0.604270
vt 0.259908 0.687474
vt 0.223791 0.670947
vt 0.375977 0.461960
vt 0.287553 0.488981
vt 0.903820 0.604106
vt 0.235812 0.642980
vt 0.283076 0.069592
vt 0.268052 0.493209
vt 0.488991 0.402225
vt 0.501484 0.396874
vt 0.442489 0.427491
vt 0.279353 0.493012
vt 0.792361 0.404039
vt 0.273619 0.688924
vt 0.280239 0.694381
vt 0.469694 0.412479
vt 0.248395 0.658765
vt 0.258640 0.678106
vt 0.427852 0.437122
vt 0.263280 0.065513
vt 0.292776 0.494303
vt 0.753065 0.400814
vt 0.765152 0.401032
vt 0.219694 0.051607
vt 0.302547 0.699457
vt 0.289882 0.692760
vt 0.457138 0.436289
vt 0.216462 0.634755
vt 0.505156 0.400181
vt 0.494858 0.408125
vt 0.314465 0.701791
vt 0.319444 0.707786
vt 0.302731 0.695045
vt 0.208731 0.621578
vt 0.181032 0.618841
vt 0.283907 0.502209
vt 0.306691 0.072897
vt 0.325296 0.489812
vt 0.265663 0.657834
vt 0.305757 0.494480
vt 0.241374 0.058456
vt 0.261209 0.052209
vt 0.195857 0.050849
vt 0.181389 0.608524
vt 0.176327 0.612768
vt 0.276164 0.064006
vt 0.272594 0.662583
vt 0.424605 0.452672
vt 0.215753 0.628160
vt 0.273236 0.056452
vt 0.497180 0.423221
vt 0.330432 0.086626
vt 0.334287 0.488809
vt 0.290106 0.059890
vt 0.320795 0.495141
vt 0.307623 0.506214
vt 0.248742 0.037583
vt 0.230863 0.039008
vt 0.188894 0.064745
vt 0.509316 0.410055
vt 0.320027 0.693462
vt 0.475655 0.424993
vt 0.436413 0.446322
vt 0.377132 0.470123
vt 0.373443 0.484468
vt 0.179414 0.600170
vt 0.365562 0.481842
vt 0.743321 0.384322
vt 0.758851 0.373779
vt 0.782984 0.376360
vt 0.207257 0.040007
vt 0.296324 0.671653
vt 0.417621 0.470086
vt 0.336890 0.500230
vt 0.447422 0.444384
vt 0.237073 0.629434
vt 0.196835 0.597271
vt 0.797993 0.391405
vt 0.310139 0.670090
vt 0.223078 0.612801
vt 0.330620 0.075837
vt 0.295521 0.516662
vt 0.480154 0.443687
vt 0.222975 0.626236
vt 0.321169 0.066433
vt 0.350762 0.494041
vt 0.738093 0.369242
vt 0.740101 0.390635
vt 0.391362 0.497784
vt 0.382570 0.490890
vt 0.187698 0.597261
vt 0.229896 0.621446
vt 0.281093 0.034374
vt 0.469762 0.448661
vt 0.260170 0.647282
vt 0.416207 0.489340
vt 0.180167 0.592723
vt 0.191674 0.035077
vt 0.488911 0.440264
vt 0.278143 0.655321
vt 0.247740 0.638113
vt 0.433908 0.465512
vt 0.331862 0.066812
vt 0.304185 0.053629
vt 0.290698 0.047202
vt 0.753021 0.358799
vt 0.215116 0.025704
vt 0.334636 0.687460
vt 0.501316 0.436218
vt 0.450700 0.455484
vt 0.323283 0.516604
vt 0.522012 0.434769
vt 0.301363 0.666005
vt 0.290985 0.662142
vt 0.341102 0.508566
vt 0.793787 0.377648
vt 0.268863 0.647030
vt 0.242132 0.628296
vt 0.183154 0.583278
vt 0.722802 0.371239
vt 0.721110 0.355116
vt 0.282391 0.653333
vt 0.251924 0.636697
vt 0.427363 0.471878
vt 0.237296 0.618274
vt 0.269536 0.643726
vt 0.454754 0.459311
vt 0.438936 0.465151
vt 0.253024 0.615978
vt 0.234165 0.014320
vt 0.771574 0.353052
vt 0.327084 0.671700
vt 0.336577 0.676925
vt 0.306448 0.663495
vt 0.497818 0.442526
vt 0.483395 0.446712
vt 0.472708 0.451082
vt 0.358401 0.508130
vt 0.510686 0.440926
vt 0.296779 0.653296
vt 0.462525 0.458120
vt 0.422673 0.477438
vt 0.402694 0.492456
vt 0.187397 0.584431
vt 0.782090 0.357155
vt 0.450961 0.466079
vt 0.299824 0.030238
vt 0.204209 0.020954
vt 0.310078 0.660321
vt 0.446785 0.482363
vt 0.230002 0.572187
vt 0.740473 0.348471
vt 0.509164 0.446486
vt 0.327671 0.669684
vt 0.482271 0.454318
vt 0.267285 0.627130
vt 0.387909 0.504907
vt 0.329878 0.036551
vt 0.750436 0.352024
vt 0.475021 0.459469
vt 0.858261 0.034795
vt 0.820130 0.000333
vt 0.851748 0.009438
vt 0.706053 0.346137
vt 0.722840 0.331185
vt 0.255175 0.014941
vt 0.494725 0.453499
vt 0.285430 0.634942
vt 0.334838 0.673056
vt 0.435646 0.487823
vt 0.375300 0.507633
vt 0.338526 0.052121
vt 0.798908 0.348572
vt 0.208458 0.006617
vt 0.840472 0.043063
vt 0.819775 0.035890
vt 0.187318 0.578439
vt 0.484790 0.472428
vt 0.300588 0.642949
vt 0.468606 0.488516
vt 0.384890 0.512059
vt 0.366397 0.520004
vt 0.515060 0.449380
vt 0.512380 0.472369
vt 0.696174 0.332400
vt 0.716114 0.319311
vt 0.903504 0.825193
vt 0.884513 0.847727
vt 0.892043 0.822719
vt 0.332460 0.662058
vt 0.325440 0.654712
vt 0.262413 0.613316
vt 0.700907 0.316676
vt 0.884599 0.127705
vt 0.887539 0.105381
vt 0.895114 0.111601
vt 0.432478 0.520212
vt 0.278218 0.005946
vt 0.765665 0.335733
vt 0.210329 0.005793
vt 0.857169 0.790686
vt 0.866635 0.789118
vt 0.866574 0.805219
vt 0.878417 0.093260
vt 0.861072 0.106770
vt 0.865716 0.091290
vt 0.390295 0.514294
vt 0.861608 0.775166
vt 0.835666 0.803116
vt 0.739621 0.331305
vt 0.756585 0.330900
vt 0.240101 0.000076
vt 0.780990 0.342379
vt 0.788276 0.344646
vt 0.849565 0.046548
vt 0.870046 0.824063
vt 0.498185 0.476694
vt 0.477266 0.486351
vt 0.458958 0.493866
vt 0.852812 0.801092
vt 0.850432 0.797515
vt 0.852304 0.808951
vt 0.687821 0.301058
vt 0.715266 0.310438
vt 0.798639 0.341752
vt 0.206031 0.000008
vt 0.856595 0.077726
vt 0.846053 0.061197
vt 0.864185 0.053157
vt 0.843835 0.801265
vt 0.723428 0.314734
vt 0.740442 0.323403
vt 0.879659 0.118481
vt 0.684474 0.292204
vt 0.691462 0.297900
vt 0.699489 0.301954
vt 0.909083 0.861519
vt 0.897237 0.871701
vt 0.909083 0.901076
vt 0.897385 0.880724
vt 0.900604 0.879945
vt 0.877406 0.084852
vt 0.876137 0.834015
vt 0.769727 0.333326
vt 0.790632 0.338131
vt 0.903091 0.906671
vt 0.905327 0.907085
vt 0.391553 0.522040
vt 0.846414 0.805594
vt 0.708952 0.299718
vt 0.800859 0.339063
vt 0.761214 0.330298
vt 0.506281 0.479879
vt 0.682274 0.279581
vt 0.694950 0.286265
vt 0.717794 0.306767
vt 0.889482 0.861681
vt 0.899020 0.093411
vt 0.663976 0.271171
vt 0.687746 0.259974
vt 0.849185 0.810871
vt 0.862777 0.823355
vt 0.730659 0.311458
vt 0.876423 0.846023
vt 0.780557 0.324333
vt 0.791148 0.330178
vt 0.490240 0.497555
vt 0.875472 0.070574
vt 0.474295 0.493886
vt 0.469977 0.504713
vt 0.690743 0.270885
vt 0.871705 0.834312
vt 0.879292 0.876677
vt 0.892424 0.087044
vt 0.486436 0.497290
vt 0.866941 0.025410
vt 0.754576 0.317475
vt 0.886087 0.901646
vt 0.809362 0.165349
vt 0.807548 0.173159
vt 0.797528 0.163133
vt 0.703078 0.270482
vt 0.834632 0.807440
vt 0.841552 0.809844
vt 0.846449 0.825971
vt 0.864900 0.830328
vt 0.875651 0.055364
vt 0.830710 0.805447
vt 0.730399 0.306382
vt 0.803503 0.152935
vt 0.812295 0.149724
vt 0.840115 0.815985
vt 0.861172 0.842953
vt 0.867477 0.866010
vt 0.857771 0.854525
vt 0.817137 0.149367
vt 0.815766 0.144206
vt 0.833326 0.142701
vt 0.831829 0.131805
vt 0.726028 0.299922
vt 0.798261 0.313164
vt 0.858393 0.007396
vt 0.827114 0.812070
vt 0.832806 0.810227
vt 0.898594 0.082883
vt 0.913268 0.095764
vt 0.798895 0.150182
vt 0.889904 0.073691
vt 0.876645 0.033901
vt 0.870709 0.007349
vt 0.710380 0.278467
vt 0.852761 0.836690
vt 0.885074 0.064617
vt 0.663976 0.230100
vt 0.679954 0.237451
vt 0.693104 0.253555
vt 0.693618 0.265771
vt 0.778189 0.304590
vt 0.913129 0.086018
vt 0.810747 0.120156
vt 0.818122 0.814923
vt 0.879065 0.912875
vt 0.743177 0.280391
vt 0.754022 0.287653
vt 0.696898 0.259940
vt 0.826020 0.818463
vt 0.794782 0.141389
vt 0.908706 0.073221
vt 0.898489 0.043911
vt 0.695401 0.238950
vt 0.886771 0.021129
vt 0.695210 0.253333
vt 0.709544 0.251051
vt 0.860111 0.886789
vt 0.862117 0.901052
vt 0.788086 0.148583
vt 0.800091 0.133158
vt 0.906690 0.063446
vt 0.830408 0.110454
vt 0.884385 0.008490
vt 0.881497 0.005631
vt 0.836713 0.841235
vt 0.915825 0.081003
vt 0.816639 0.826039
vt 0.825647 0.837646
vt 0.735257 0.277574
vt 0.786543 0.142856
vt 0.812813 0.819732
vt 0.724458 0.266233
vt 0.845643 0.856515
vt 0.700349 0.248807
vt 0.858810 0.874745
vt 0.768875 0.297751
vt 0.784404 0.134524
vt 0.791634 0.129301
vt 0.890402 0.034782
vt 0.847043 0.875994
vt 0.922563 0.074100
vt 0.698936 0.238894
vt 0.800840 0.121182
vt 0.889933 0.010497
vt 0.804247 0.816928
vt 0.720540 0.256685
vt 0.788580 0.288121
vt 0.834691 0.854658
vt 0.853866 0.917741
vt 0.809610 0.109614
vt 0.818323 0.098133
vt 0.827090 0.093831
vt 0.810947 0.831933
vt 0.918658 0.064202
vt 0.820396 0.091552
vt 0.826476 0.089613
vt 0.716345 0.250485
vt 0.731564 0.264146
vt 0.767258 0.282468
vt 0.785659 0.115255
vt 0.934567 0.059238
vt 0.745637 0.272454
vt 0.756494 0.274527
vt 0.840755 0.868759
vt 0.781603 0.283867
vt 0.899816 0.016987
vt 0.899700 0.012646
vt 0.731743 0.260852
vt 0.738726 0.264118
vt 0.821158 0.856071
vt 0.745740 0.269456
vt 0.843984 0.908882
vt 0.911988 0.043450
vt 0.912071 0.027274
vt 0.813454 0.091938
vt 0.735074 0.257778
vt 0.748638 0.262175
vt 0.762321 0.275874
vt 0.842470 0.877642
vt 0.842897 0.889404
vt 0.797040 0.101759
vt 0.728440 0.250280
vt 0.808052 0.845970
vt 0.829529 0.863315
vt 0.771213 0.278728
vt 0.845062 0.898557
vt 0.789588 0.108060
vt 0.804586 0.095547
vt 0.781968 0.279463
vt 0.792609 0.277612
vt 0.797299 0.097214
vt 0.797526 0.086772
vt 0.812471 0.066510
vt 0.833326 0.056397
vt 0.773542 0.270485
vt 0.836920 0.886526
vt 0.785172 0.271721
vt 0.917989 0.032650
vt 0.760772 0.266176
vt 0.819367 0.883001
vt 0.835107 0.917596
vt 0.828266 0.900499
vt 0.791265 0.100374
vt 0.780159 0.104236
vt 0.936626 0.044291
vt 0.927501 0.030862
vt 0.921056 0.019693
vt 0.792167 0.819612
vt 0.780701 0.832118
vt 0.769960 0.251757
vt 0.915906 0.011596
vt 0.749561 0.240371
vt 0.789003 0.878751
vt 0.817230 0.908110
vt 0.795487 0.860363
vt 0.778562 0.086547
vt 0.948044 0.030054
vt 0.798867 0.063928
vt 0.936219 0.002583
vt 0.818187 0.893094
vt 0.785537 0.254119
vt 0.943134 0.019883
vt 0.937071 0.011051
vt 0.804952 0.048147
vt 0.778700 0.077945
vt 0.815450 0.039645
vt 0.793081 0.252681
vt 0.769387 0.081833
vt 0.774392 0.858785
vt 0.801542 0.031947
vt 0.817505 0.020524
vt 0.945763 0.011334
vt 0.788327 0.068363
vt 0.792427 0.064372
vt 0.785297 0.869848
vt 0.777555 0.243237
vt 0.799578 0.237912
vt 0.774657 0.073443
vt 0.796971 0.043869
vt 0.797506 0.034147
vt 0.792910 0.887517
vt 0.800092 0.898313
vt 0.771939 0.073719
vt 0.941074 0.008454
vt 0.807773 0.019376
vt 0.686189 0.930700
vt 0.693073 0.930445
vt 0.687819 0.939418
vt 0.778741 0.058012
vt 0.942033 0.000333
vt 0.945093 0.004270
vt 0.789572 0.240390
vt 0.801260 0.012043
vt 0.798028 0.013791
vt 0.801959 0.000301
vt 0.700357 0.928058
vt 0.697003 0.925313
vt 0.946899 0.006341
vt 0.784275 0.055277
vt 0.138392 0.269472
vt 0.135648 0.276080
vt 0.136342 0.269017
vt 0.126136 0.279209
vt 0.785229 0.049118
vt 0.796963 0.908511
vt 0.139680 0.272661
vt 0.704724 0.918844
vt 0.769588 0.869027
vt 0.767814 0.858694
vt 0.799180 0.017731
vt 0.695462 0.923397
vt 0.691914 0.920537
vt 0.789933 0.044675
vt 0.790724 0.037451
vt 0.796079 0.037649
vt 0.778954 0.875486
vt 0.795749 0.898933
vt 0.147185 0.256219
vt 0.765490 0.867005
vt 0.796668 0.026418
vt 0.791737 0.904782
vt 0.140897 0.276860
vt 0.004329 0.044629
vt 0.000270 0.047619
vt 0.000270 0.027085
vt 0.707639 0.926316
vt 0.692883 0.935800
vt 0.698133 0.913768
vt 0.126769 0.294880
vt 0.120908 0.279474
vt 0.142632 0.274281
vt 0.137632 0.286040
vt 0.776244 0.039404
vt 0.787236 0.893318
vt 0.793285 0.014333
vt 0.707735 0.912550
vt 0.104901 0.294656
vt 0.545323 0.220797
vt 0.548360 0.230694
vt 0.546202 0.232310
vt 0.711014 0.943715
vt 0.718127 0.915348
vt 0.711960 0.913308
vt 0.693805 0.913924
vt 0.698729 0.907665
vt 0.682676 0.916537
vt 0.786458 0.038232
vt 0.789698 0.026394
vt 0.549582 0.210789
vt 0.550318 0.220949
vt 0.787232 0.901246
vt 0.790221 0.905675
vt 0.610147 0.810332
vt 0.601374 0.803489
vt 0.607429 0.797786
vt 0.135857 0.301554
vt 0.715858 0.906036
vt 0.775171 0.891517
vt 0.780226 0.901679
vt 0.746020 0.885464
vt 0.734508 0.883267
vt 0.746282 0.869825
vt 0.411583 0.894499
vt 0.417177 0.891221
vt 0.424656 0.900428
vt 0.774005 0.880233
vt 0.556807 0.223173
vt 0.753894 0.865002
vt 0.740794 0.890984
vt 0.421373 0.883586
vt 0.424682 0.892610
vt 0.426403 0.895223
vt 0.607594 0.819035
vt 0.597965 0.815856
vt 0.133689 0.313317
vt 0.130568 0.309937
vt 0.139221 0.308551
vt 0.720638 0.909573
vt 0.724413 0.909412
vt 0.129358 0.303339
vt 0.112734 0.305261
vt 0.764349 0.877959
vt 0.734151 0.897179
vt 0.139456 0.314879
vt 0.135259 0.323395
vt 0.127376 0.317423
vt 0.714033 0.893446
vt 0.719636 0.894374
vt 0.722488 0.900726
vt 0.123543 0.309819
vt 0.706821 0.903507
vt 0.220508 0.908578
vt 0.227656 0.894218
vt 0.228966 0.906455
vt 0.557494 0.234796
vt 0.779566 0.909909
vt 0.141984 0.312683
vt 0.723789 0.892155
vt 0.727569 0.895011
vt 0.135228 0.304216
vt 0.219696 0.920334
vt 0.223969 0.924862
vt 0.220878 0.928458
vt 0.565807 0.218341
vt 0.404860 0.903159
vt 0.419108 0.904582
vt 0.601793 0.829488
vt 0.117525 0.320559
vt 0.712279 0.541995
vt 0.700064 0.537749
vt 0.699006 0.530292
vt 0.540899 0.184508
vt 0.554243 0.177782
vt 0.550786 0.188151
vt 0.563414 0.204491
vt 0.753906 0.887730
vt 0.741279 0.902022
vt 0.147185 0.313816
vt 0.626775 0.824440
vt 0.607713 0.794325
vt 0.735667 0.905447
vt 0.729913 0.898613
vt 0.595091 0.820354
vt 0.730122 0.916113
vt 0.113864 0.310917
vt 0.235117 0.917566
vt 0.777456 0.029553
vt 0.750327 0.896709
vt 0.611923 0.834197
vt 0.746436 0.921884
vt 0.125741 0.328055
vt 0.710185 0.531324
vt 0.722577 0.533493
vt 0.111167 0.320069
vt 0.539840 0.171542
vt 0.774135 0.912156
vt 0.586745 0.844361
vt 0.598821 0.835892
vt 0.606247 0.845837
vt 0.603736 0.832245
vt 0.539004 0.157174
vt 0.534715 0.167114
vt 0.229087 0.923853
vt 0.241831 0.905863
vt 0.595218 0.858168
vt 0.120853 0.329453
vt 0.542585 0.160301
vt 0.709463 0.527515
vt 0.794497 0.549108
vt 0.784571 0.538273
vt 0.793860 0.526478
vt 0.747615 0.903052
vt 0.618233 0.825527
vt 0.754140 0.939391
vt 0.716907 0.526034
vt 0.702169 0.521181
vt 0.546651 0.169802
vt 0.232112 0.922708
vt 0.575173 0.229059
vt 0.563693 0.239338
vt 0.608596 0.839867
vt 0.607122 0.834863
vt 0.237221 0.927402
vt 0.240718 0.883623
vt 0.761106 0.900920
vt 0.227835 0.867837
vt 0.242140 0.864453
vt 0.764826 0.912802
vt 0.788308 0.523473
vt 0.749522 0.910800
vt 0.553802 0.166871
vt 0.620309 0.839166
vt 0.712717 0.520768
vt 0.570218 0.185243
vt 0.574833 0.202994
vt 0.579570 0.219693
vt 0.577286 0.248854
vt 0.795669 0.518371
vt 0.750894 0.904066
vt 0.615225 0.849313
vt 0.754066 0.920390
vt 0.529901 0.145192
vt 0.538673 0.141412
vt 0.533572 0.153269
vt 0.565766 0.176459
vt 0.550327 0.149253
vt 0.562895 0.159493
vt 0.250585 0.899312
vt 0.237510 0.853061
vt 0.245493 0.858089
vt 0.600450 0.863218
vt 0.589113 0.865676
vt 0.794369 0.510335
vt 0.617095 0.847287
vt 0.627906 0.832565
vt 0.526760 0.133999
vt 0.719430 0.517251
vt 0.704383 0.516371
vt 0.585884 0.233771
vt 0.777408 0.536609
vt 0.780423 0.523868
vt 0.618099 0.856573
vt 0.763481 0.918430
vt 0.754870 0.927225
vt 0.638003 0.815229
vt 0.633350 0.828902
vt 0.544508 0.142030
vt 0.558029 0.156605
vt 0.243781 0.930855
vt 0.245008 0.924658
vt 0.249584 0.915875
vt 0.255108 0.870845
vt 0.769138 0.531194
vt 0.599297 0.869803
vt 0.581580 0.878272
vt 0.528704 0.130470
vt 0.734491 0.526534
vt 0.582438 0.177317
vt 0.256268 0.905466
vt 0.586740 0.192091
vt 0.782274 0.511732
vt 0.792273 0.505895
vt 0.630815 0.847030
vt 0.535746 0.129163
vt 0.586354 0.880690
vt 0.774304 0.510597
vt 0.735832 0.517489
vt 0.743687 0.521103
vt 0.730420 0.514182
vt 0.559715 0.153271
vt 0.568913 0.160073
vt 0.273112 0.858381
vt 0.762564 0.536299
vt 0.757709 0.512749
vt 0.608676 0.865040
vt 0.246312 0.933931
vt 0.251290 0.931596
vt 0.279901 0.879458
vt 0.767034 0.511961
vt 0.615535 0.865107
vt 0.775477 0.506697
vt 0.793338 0.500346
vt 0.797330 0.497328
vt 0.783159 0.500863
vt 0.537045 0.121042
vt 0.543175 0.124797
vt 0.722557 0.511923
vt 0.706250 0.513499
vt 0.260901 0.890989
vt 0.600069 0.874626
vt 0.585094 0.888963
vt 0.747519 0.527384
vt 0.528198 0.119503
vt 0.742466 0.512343
vt 0.552157 0.135400
vt 0.559992 0.142687
vt 0.608436 0.203486
vt 0.601554 0.237929
vt 0.510921 0.108706
vt 0.534948 0.112308
vt 0.517689 0.111351
vt 0.792002 0.496416
vt 0.772502 0.931009
vt 0.535688 0.114887
vt 0.752301 0.516308
vt 0.643177 0.838861
vt 0.708448 0.510568
vt 0.610455 0.870318
vt 0.766541 0.506239
vt 0.750629 0.514210
vt 0.774885 0.943715
vt 0.542358 0.117671
vt 0.736708 0.502822
vt 0.714794 0.508322
vt 0.249243 0.936872
vt 0.566796 0.144673
vt 0.615602 0.867088
vt 0.603923 0.878291
vt 0.796248 0.487601
vt 0.572837 0.147505
vt 0.600517 0.247271
vt 0.772269 0.498407
vt 0.750416 0.508630
vt 0.772601 0.923476
vt 0.729167 0.507229
vt 0.553268 0.127666
vt 0.531952 0.102818
vt 0.535660 0.100915
vt 0.536347 0.104802
vt 0.527537 0.097465
vt 0.526565 0.094351
vt 0.778484 0.483972
vt 0.799326 0.488487
vt 0.718201 0.504069
vt 0.710424 0.506523
vt 0.270957 0.932856
vt 0.540986 0.098373
vt 0.762283 0.504593
vt 0.552179 0.122453
vt 0.577137 0.139522
vt 0.547684 0.107103
vt 0.645852 0.854362
vt 0.800993 0.478742
vt 0.548822 0.115248
vt 0.805172 0.482508
vt 0.749939 0.503666
vt 0.559325 0.126778
vt 0.256986 0.939599
vt 0.595306 0.159509
vt 0.788515 0.478824
vt 0.647419 0.829799
vt 0.647749 0.838660
vt 0.721608 0.495316
vt 0.294609 0.913164
vt 0.607903 0.194367
vt 0.269240 0.844510
vt 0.537051 0.078503
vt 0.762963 0.498259
vt 0.757814 0.496464
vt 0.649249 0.844597
vt 0.795560 0.478504
vt 0.650383 0.842081
vt 0.818175 0.471508
vt 0.745837 0.498391
vt 0.740615 0.499009
vt 0.557026 0.117389
vt 0.563412 0.127040
vt 0.605938 0.246874
vt 0.271637 0.844093
vt 0.652604 0.866443
vt 0.654703 0.846551
vt 0.657950 0.841448
vt 0.814467 0.464100
vt 0.798881 0.476213
vt 0.799861 0.469704
vt 0.659864 0.829022
vt 0.571479 0.138333
vt 0.271277 0.839901
vt 0.274141 0.852930
vt 0.544126 0.090985
vt 0.660255 0.848272
vt 0.670509 0.836751
vt 0.651066 0.849897
vt 0.789730 0.476719
vt 0.562268 0.113837
vt 0.704654 0.495107
vt 0.571620 0.126621
vt 0.607855 0.234824
vt 0.768142 0.485545
vt 0.660529 0.862982
vt 0.557866 0.106030
vt 0.735464 0.487280
vt 0.284662 0.852976
vt 0.611899 0.246869
vt 0.607089 0.251078
vt 0.612261 0.239232
vt 0.676137 0.845859
vt 0.750891 0.487490
vt 0.725914 0.489087
vt 0.577935 0.133093
vt 0.278202 0.945425
vt 0.652797 0.860970
vt 0.782841 0.477486
vt 0.268765 0.948044
vt 0.672184 0.855020
vt 0.807874 0.459519
vt 0.797350 0.461026
vt 0.743805 0.482900
vt 0.565718 0.106356
vt 0.569399 0.116237
vt 0.712523 0.482256
vt 0.584335 0.119820
vt 0.585423 0.132783
vt 0.612130 0.212237
vt 0.665809 0.858980
vt 0.778964 0.474889
vt 0.763809 0.480169
vt 0.701054 0.482708
vt 0.614463 0.176714
vt 0.147649 0.146479
vt 0.164475 0.165148
vt 0.153859 0.165827
vt 0.552364 0.089301
vt 0.770759 0.478733
vt 0.558827 0.093353
vt 0.751756 0.484234
vt 0.724984 0.480784
vt 0.280477 0.947159
vt 0.598532 0.136686
vt 0.784238 0.462036
vt 0.563668 0.101631
vt 0.576016 0.114917
vt 0.300863 0.898465
vt 0.689654 0.855108
vt 0.804520 0.452043
vt 0.668390 0.870908
vt 0.654114 0.870192
vt 0.776122 0.474612
vt 0.559010 0.097318
vt 0.571573 0.107049
vt 0.732137 0.482134
vt 0.612093 0.206080
vt 0.971874 0.667971
vt 0.961754 0.648020
vt 0.974018 0.646567
vt 0.616878 0.258656
vt 0.165362 0.152382
vt 0.680008 0.861562
vt 0.542298 0.077362
vt 0.568750 0.093624
vt 0.719586 0.478856
vt 0.297667 0.936356
vt 0.613204 0.152120
vt 0.460995 0.830694
vt 0.474459 0.821731
vt 0.468887 0.828429
vt 0.452551 0.842743
vt 0.458867 0.840470
vt 0.460842 0.842649
vt 0.435740 0.854273
vt 0.147649 0.186146
vt 0.663917 0.874066
vt 0.774782 0.470096
vt 0.756602 0.474004
vt 0.738906 0.460086
vt 0.727803 0.472287
vt 0.578723 0.103886
vt 0.591969 0.123816
vt 0.459021 0.837417
vt 0.464883 0.837676
vt 0.620064 0.610571
vt 0.600420 0.626245
vt 0.612072 0.607208
vt 0.688758 0.868262
vt 0.796145 0.448860
vt 0.767284 0.466435
vt 0.719111 0.467653
vt 0.587581 0.108364
vt 0.611380 0.200285
vt 0.953510 0.633351
vt 0.961828 0.623625
vt 0.675309 0.873457
vt 0.577618 0.092812
vt 0.586063 0.098726
vt 0.595672 0.112763
vt 0.710683 0.477795
vt 0.596496 0.130282
vt 0.300863 0.927174
vt 0.469479 0.839424
vt 0.462328 0.849960
vt 0.547737 0.076131
vt 0.551999 0.080339
vt 0.573862 0.084020
vt 0.731726 0.463698
vt 0.705188 0.477912
vt 0.297918 0.946398
vt 0.615098 0.169202
vt 0.600909 0.612786
vt 0.173050 0.162514
vt 0.583380 0.086123
vt 0.581624 0.083543
vt 0.589083 0.093397
vt 0.710103 0.467646
vt 0.701412 0.471542
vt 0.957210 0.643193
vt 0.967814 0.668825
vt 0.566780 0.075082
vt 0.579050 0.078398
vt 0.587298 0.087042
vt 0.590383 0.103077
vt 0.771667 0.460373
vt 0.749379 0.452560
vt 0.695253 0.474416
vt 0.605651 0.130548
vt 0.957104 0.622363
vt 0.601702 0.636871
vt 0.589191 0.628097
vt 0.814905 0.439707
vt 0.556148 0.063417
vt 0.600726 0.128432
vt 0.499025 0.797769
vt 0.498479 0.803823
vt 0.489479 0.792363
vt 0.492039 0.809718
vt 0.970367 0.611124
vt 0.960877 0.599017
vt 0.966394 0.595991
vt 0.626423 0.641831
vt 0.784663 0.452224
vt 0.573970 0.075275
vt 0.955591 0.610146
vt 0.480371 0.841207
vt 0.881568 0.299086
vt 0.861371 0.316015
vt 0.867975 0.285757
vt 0.681163 0.880533
vt 0.604035 0.112284
vt 0.692219 0.466634
vt 0.482414 0.819160
vt 0.488521 0.823616
vt 0.181817 0.160508
vt 0.676058 0.885476
vt 0.771749 0.456238
vt 0.763304 0.448917
vt 0.585569 0.071138
vt 0.593212 0.096162
vt 0.697338 0.461254
vt 0.596320 0.365782
vt 0.613558 0.352563
vt 0.609348 0.365054
vt 0.611960 0.361279
vt 0.971018 0.587085
vt 0.966529 0.585418
vt 0.974018 0.578938
vt 0.483820 0.831400
vt 0.802085 0.438212
vt 0.699967 0.885613
vt 0.792028 0.444372
vt 0.735697 0.454632
vt 0.498429 0.788164
vt 0.504220 0.793322
vt 0.504680 0.798793
vt 0.943701 0.648701
vt 0.587944 0.635874
vt 0.841837 0.312591
vt 0.845759 0.301867
vt 0.849192 0.315620
vt 0.797515 0.442489
vt 0.583076 0.063664
vt 0.674122 0.887510
vt 0.600710 0.101701
vt 0.512016 0.777256
vt 0.512829 0.790503
vt 0.495911 0.814397
vt 0.957120 0.596419
vt 0.942804 0.612781
vt 0.780933 0.439560
vt 0.575082 0.068550
vt 0.572048 0.069708
vt 0.602812 0.104863
vt 0.594958 0.357409
vt 0.587045 0.364075
vt 0.614713 0.360130
vt 0.500574 0.839251
vt 0.621083 0.659767
vt 0.591405 0.638768
vt 0.565934 0.067987
vt 0.736241 0.450366
vt 0.738528 0.448483
vt 0.964074 0.576793
vt 0.967909 0.578356
vt 0.958322 0.586689
vt 0.501080 0.807039
vt 0.933930 0.620658
vt 0.941507 0.633664
vt 0.478817 0.857135
vt 0.838501 0.305865
vt 0.745895 0.447853
vt 0.522477 0.768848
vt 0.518532 0.782690
vt 0.508466 0.799484
vt 0.503437 0.803122
vt 0.940307 0.594961
vt 0.604879 0.662031
vt 0.593637 0.647039
vt 0.834580 0.310338
vt 0.810984 0.431857
vt 0.704157 0.873287
vt 0.683068 0.891767
vt 0.512960 0.794483
vt 0.608832 0.369594
vt 0.598335 0.373493
vt 0.958034 0.577348
vt 0.844105 0.287286
vt 0.799895 0.430577
vt 0.571996 0.063316
vt 0.592982 0.369131
vt 0.516875 0.813627
vt 0.508089 0.832533
vt 0.842898 0.298797
vt 0.786697 0.432556
vt 0.769560 0.442578
vt 0.605093 0.373696
vt 0.949726 0.579380
vt 0.494959 0.851815
vt 0.878379 0.283990
vt 0.865504 0.266438
vt 0.745512 0.438029
vt 0.771568 0.441283
vt 0.581241 0.370208
vt 0.607608 0.374758
vt 0.582361 0.641068
vt 0.830411 0.304256
vt 0.583997 0.051453
vt 0.457788 0.225771
vt 0.430886 0.203889
vt 0.445881 0.208573
vt 0.526877 0.777146
vt 0.929171 0.637202
vt 0.833083 0.303648
vt 0.804831 0.424434
vt 0.796288 0.432125
vt 0.561119 0.050627
vt 0.801670 0.395909
vt 0.813076 0.379409
vt 0.812256 0.385803
vt 0.445988 0.886340
vt 0.462869 0.885339
vt 0.454041 0.888826
vt 0.843446 0.386726
vt 0.839338 0.381827
vt 0.846306 0.386469
vt 0.521336 0.782039
vt 0.588307 0.375446
vt 0.609037 0.382818
vt 0.516969 0.809235
vt 0.450522 0.872441
vt 0.817944 0.382954
vt 0.838174 0.389746
vt 0.837321 0.384926
vt 0.527952 0.783908
vt 0.529931 0.808096
vt 0.626829 0.674174
vt 0.611570 0.676960
vt 0.581871 0.646326
vt 0.833820 0.292960
vt 0.714280 0.888089
vt 0.461514 0.920322
vt 0.455406 0.921483
vt 0.457073 0.913785
vt 0.453629 0.210356
vt 0.441002 0.194618
vt 0.811816 0.390513
vt 0.452387 0.202718
vt 0.453451 0.189362
vt 0.457151 0.889523
vt 0.462056 0.882602
vt 0.821684 0.379509
vt 0.823372 0.386029
vt 0.827973 0.385047
vt 0.827157 0.388741
vt 0.830570 0.388048
vt 0.832780 0.385446
vt 0.833234 0.389933
vt 0.597803 0.383711
vt 0.938053 0.574347
vt 0.928698 0.600655
vt 0.829540 0.299228
vt 0.827821 0.303774
vt 0.442566 0.203300
vt 0.437467 0.204556
vt 0.571100 0.369173
vt 0.573405 0.372602
vt 0.581291 0.374518
vt 0.533244 0.799693
vt 0.465783 0.932451
vt 0.452522 0.935057
vt 0.461321 0.925869
vt 0.471006 0.922241
vt 0.102006 0.604527
vt 0.112400 0.611872
vt 0.112104 0.618223
vt 0.105980 0.602266
vt 0.101089 0.589607
vt 0.101489 0.576932
vt 0.106763 0.576805
vt 0.833226 0.395332
vt 0.566101 0.371538
vt 0.569459 0.370920
vt 0.568446 0.375257
vt 0.833512 0.382182
vt 0.536286 0.769653
vt 0.581415 0.377001
vt 0.587010 0.389062
vt 0.824918 0.292481
vt 0.839267 0.280444
vt 0.444585 0.230605
vt 0.433952 0.239175
vt 0.433282 0.230280
vt 0.457837 0.898743
vt 0.474049 0.900014
vt 0.464125 0.907998
vt 0.438972 0.201159
vt 0.467151 0.887516
vt 0.111420 0.602463
vt 0.816910 0.373217
vt 0.110163 0.587367
vt 0.571954 0.376388
vt 0.508344 0.845442
vt 0.883109 0.262306
vt 0.871727 0.252208
vt 0.597190 0.660497
vt 0.591456 0.668883
vt 0.435686 0.199509
vt 0.440394 0.181982
vt 0.110826 0.596408
vt 0.819562 0.370321
vt 0.109398 0.578965
vt 0.567858 0.376968
vt 0.536001 0.783033
vt 0.595353 0.392491
vt 0.435765 0.193586
vt 0.433966 0.203155
vt 0.477230 0.890866
vt 0.464261 0.875471
vt 0.479061 0.887099
vt 0.114229 0.596654
vt 0.117531 0.577631
vt 0.632029 0.687800
vt 0.578508 0.656642
vt 0.574809 0.653409
vt 0.577713 0.645257
vt 0.828977 0.279175
vt 0.467720 0.921049
vt 0.434329 0.175121
vt 0.568877 0.384472
vt 0.539462 0.776633
vt 0.606405 0.395295
vt 0.429230 0.192524
vt 0.531970 0.816024
vt 0.840096 0.269860
vt 0.475469 0.874945
vt 0.551900 0.788684
vt 0.603236 0.403899
vt 0.919917 0.586703
vt 0.914407 0.616941
vt 0.608736 0.697327
vt 0.418295 0.215786
vt 0.480386 0.892685
vt 0.126214 0.604827
vt 0.128600 0.582445
vt 0.582899 0.666078
vt 0.417606 0.231611
vt 0.416834 0.174477
vt 0.481180 0.868196
vt 0.830110 0.365295
vt 0.539726 0.797468
vt 0.583913 0.399125
vt 0.537253 0.806256
vt 0.851808 0.252827
vt 0.867885 0.243719
vt 0.487698 0.912239
vt 0.407071 0.187897
vt 0.126562 0.576835
vt 0.557571 0.784720
vt 0.138292 0.567972
vt 0.614713 0.413416
vt 0.534887 0.837273
vt 0.593451 0.677810
vt 0.570738 0.662615
vt 0.414149 0.208004
vt 0.426950 0.203696
vt 0.557951 0.771695
vt 0.540072 0.815948
vt 0.904604 0.594227
vt 0.488249 0.876461
vt 0.605086 0.409392
vt 0.602915 0.686618
vt 0.566306 0.662778
vt 0.488157 0.891745
vt 0.418913 0.162766
vt 0.427767 0.161252
vt 0.536632 0.823878
vt 0.529717 0.857135
vt 0.870079 0.227791
vt 0.617356 0.705045
vt 0.829744 0.268319
vt 0.818618 0.281395
vt 0.489608 0.897148
vt 0.412947 0.200142
vt 0.580997 0.673652
vt 0.573624 0.668056
vt 0.484797 0.933676
vt 0.489147 0.868696
vt 0.144948 0.587019
vt 0.135275 0.581464
vt 0.136978 0.575253
vt 0.552858 0.809006
vt 0.158058 0.552105
vt 0.164763 0.557820
vt 0.584264 0.682102
vt 0.597906 0.694374
vt 0.838080 0.249429
vt 0.821877 0.272744
vt 0.491410 0.888696
vt 0.427048 0.156163
vt 0.493154 0.860784
vt 0.144171 0.602913
vt 0.893868 0.583239
vt 0.843308 0.243912
vt 0.827301 0.263470
vt 0.495748 0.919863
vt 0.566114 0.787365
vt 0.431380 0.146624
vt 0.149726 0.573715
vt 0.558798 0.798472
vt 0.147455 0.569501
vt 0.852723 0.225640
vt 0.588450 0.690356
vt 0.566851 0.695436
vt 0.570186 0.681139
vt 0.497192 0.883241
vt 0.407971 0.181084
vt 0.163330 0.552280
vt 0.548346 0.822377
vt 0.183866 0.546045
vt 0.911965 0.577592
vt 0.495081 0.897798
vt 0.407444 0.198870
vt 0.418041 0.149366
vt 0.566157 0.790334
vt 0.171891 0.551769
vt 0.552000 0.842394
vt 0.610848 0.711928
vt 0.590648 0.696559
vt 0.586270 0.692649
vt 0.405604 0.202423
vt 0.503806 0.866303
vt 0.405789 0.169632
vt 0.496916 0.863630
vt 0.152654 0.609724
vt 0.153532 0.608499
vt 0.154993 0.611250
vt 0.149811 0.604742
vt 0.146021 0.601007
vt 0.405395 0.221349
vt 0.403369 0.207776
vt 0.505599 0.876741
vt 0.148186 0.612144
vt 0.155107 0.606847
vt 0.153132 0.601735
vt 0.422964 0.140888
vt 0.430578 0.139871
vt 0.432812 0.145597
vt 0.559314 0.819883
vt 0.624716 0.731188
vt 0.601225 0.714465
vt 0.580611 0.707359
vt 0.566901 0.681796
vt 0.497725 0.855923
vt 0.150232 0.610334
vt 0.148991 0.588355
vt 0.159873 0.571945
vt 0.568323 0.796322
vt 0.556807 0.832211
vt 0.595910 0.705099
vt 0.843636 0.238276
vt 0.803443 0.263940
vt 0.797811 0.273402
vt 0.498600 0.932537
vt 0.498564 0.909121
vt 0.504357 0.908702
vt 0.670906 0.886096
vt 0.664427 0.894636
vt 0.665152 0.887917
vt 0.154504 0.615859
vt 0.159754 0.609341
vt 0.154721 0.590689
vt 0.435986 0.141601
vt 0.572483 0.805809
vt 0.555818 0.825325
vt 0.812977 0.249063
vt 0.400257 0.215898
vt 0.391497 0.199517
vt 0.398324 0.205999
vt 0.506403 0.903070
vt 0.508765 0.901062
vt 0.504416 0.855296
vt 0.150810 0.616082
vt 0.164394 0.625536
vt 0.165004 0.565915
vt 0.558876 0.827731
vt 0.870281 0.208288
vt 0.611191 0.723716
vt 0.822192 0.234022
vt 0.559138 0.685783
vt 0.501593 0.917635
vt 0.399199 0.176893
vt 0.505434 0.860576
vt 0.158846 0.581071
vt 0.566987 0.823189
vt 0.551138 0.673845
vt 0.677483 0.893344
vt 0.669251 0.901523
vt 0.507519 0.869303
vt 0.676989 0.910238
vt 0.922378 0.806094
vt 0.925490 0.810436
vt 0.921381 0.822912
vt 0.166645 0.570448
vt 0.569312 0.809491
vt 0.846029 0.230207
vt 0.597342 0.710030
vt 0.570045 0.703221
vt 0.504016 0.932499
vt 0.392564 0.211978
vt 0.505553 0.915079
vt 0.508956 0.904430
vt 0.433898 0.126219
vt 0.437992 0.135357
vt 0.573820 0.801921
vt 0.169853 0.561338
vt 0.179391 0.551655
vt 0.839075 0.220807
vt 0.557786 0.694415
vt 0.511070 0.917113
vt 0.389539 0.194695
vt 0.396406 0.172597
vt 0.174721 0.560738
vt 0.833982 0.208746
vt 0.808170 0.248611
vt 0.513383 0.865027
vt 0.509439 0.892962
vt 0.511473 0.880768
vt 0.509669 0.884627
vt 0.387461 0.174154
vt 0.170220 0.578295
vt 0.555460 0.841263
vt 0.625939 0.734219
vt 0.798183 0.258338
vt 0.790145 0.272879
vt 0.394852 0.232958
vt 0.389869 0.183606
vt 0.514343 0.867603
vt 0.935278 0.894207
vt 0.919263 0.894018
vt 0.923320 0.886089
vt 0.185973 0.550383
vt 0.582382 0.724416
vt 0.562449 0.708037
vt 0.812233 0.238896
vt 0.794861 0.267259
vt 0.393481 0.166437
vt 0.582896 0.806396
vt 0.171299 0.573843
vt 0.175274 0.569293
vt 0.183696 0.555718
vt 0.574634 0.711060
vt 0.544564 0.679423
vt 0.365553 0.205150
vt 0.576001 0.810334
vt 0.185805 0.553173
vt 0.555964 0.699530
vt 0.127791 0.228836
vt 0.125890 0.213825
vt 0.133526 0.221695
vt 0.119341 0.242331
vt 0.120258 0.258559
vt 0.111476 0.239466
vt 0.123205 0.238051
vt 0.119113 0.231528
vt 0.380411 0.174043
vt 0.569877 0.827801
vt 0.565858 0.839133
vt 0.583002 0.727545
vt 0.577189 0.717750
vt 0.823278 0.223331
vt 0.524562 0.928035
vt 0.517043 0.935057
vt 0.516438 0.916790
vt 0.521407 0.904994
vt 0.388332 0.163215
vt 0.522861 0.899274
vt 0.625246 0.746513
vt 0.595546 0.745743
vt 0.858235 0.199560
vt 0.873518 0.198663
vt 0.523004 0.876795
vt 0.379093 0.198309
vt 0.529602 0.881955
vt 0.590239 0.807285
vt 0.181329 0.566102
vt 0.575335 0.833471
vt 0.570390 0.714037
vt 0.380733 0.186615
vt 0.521471 0.867181
vt 0.377166 0.181364
vt 0.528505 0.887512
vt 0.383715 0.163388
vt 0.924464 0.898139
vt 0.919379 0.897075
vt 0.914817 0.898974
vt 0.578122 0.831025
vt 0.814094 0.224475
vt 0.799794 0.245548
vt 0.117569 0.261675
vt 0.531428 0.912390
vt 0.371265 0.199163
vt 0.369108 0.180296
vt 0.375796 0.172730
vt 0.373002 0.166630
vt 0.370141 0.170390
vt 0.917573 0.903424
vt 0.364335 0.176400
vt 0.592935 0.812113
vt 0.180428 0.569431
vt 0.582999 0.820452
vt 0.193626 0.551294
vt 0.835784 0.203117
vt 0.109895 0.234094
vt 0.360172 0.213523
vt 0.527964 0.872574
vt 0.874854 0.194478
vt 0.579776 0.725396
vt 0.374275 0.222606
vt 0.366791 0.193264
vt 0.526204 0.868061
vt 0.543992 0.894915
vt 0.529267 0.875772
vt 0.539815 0.864816
vt 0.538245 0.857974
vt 0.547086 0.861567
vt 0.535267 0.868195
vt 0.552219 0.861057
vt 0.546099 0.869571
vt 0.191443 0.563106
vt 0.580918 0.841763
vt 0.869651 0.181797
vt 0.544394 0.924633
vt 0.530754 0.864358
vt 0.101071 0.250754
vt 0.102797 0.233463
vt 0.546572 0.907512
vt 0.536169 0.892067
vt 0.877877 0.184324
vt 0.865573 0.165217
vt 0.104304 0.258554
vt 0.534514 0.880169
vt 0.558694 0.861873
vt 0.551552 0.869612
vt 0.593069 0.827569
vt 0.588589 0.832079
vt 0.206708 0.552013
vt 0.821277 0.210162
vt 0.117744 0.268523
vt 0.562744 0.868240
vt 0.331840 0.754081
vt 0.346320 0.759056
vt 0.338438 0.757758
vt 0.582747 0.748719
vt 0.563677 0.737355
vt 0.800645 0.215690
vt 0.130977 0.194734
vt 0.140675 0.211540
vt 0.538732 0.883771
vt 0.355495 0.186784
vt 0.590183 0.836704
vt 0.826803 0.199531
vt 0.558593 0.729998
vt 0.104259 0.223563
vt 0.554180 0.876627
vt 0.834920 0.190161
vt 0.566034 0.753239
vt 0.101746 0.272689
vt 0.359466 0.199111
vt 0.552866 0.890560
vt 0.317802 0.917486
vt 0.321868 0.923970
vt 0.317580 0.922707
vt 0.310790 0.916851
vt 0.315760 0.928670
vt 0.301621 0.919910
vt 0.306657 0.928441
vt 0.837411 0.180680
vt 0.808223 0.211771
vt 0.811661 0.203953
vt 0.354821 0.209030
vt 0.353087 0.194698
vt 0.356719 0.189330
vt 0.338319 0.764308
vt 0.856786 0.176709
vt 0.615388 0.761610
vt 0.544564 0.728567
vt 0.098394 0.244629
vt 0.096624 0.237269
vt 0.111741 0.211147
vt 0.352561 0.223656
vt 0.552230 0.893519
vt 0.343499 0.187238
vt 0.339219 0.181606
vt 0.334025 0.188418
vt 0.564930 0.877500
vt 0.343167 0.764950
vt 0.118045 0.198710
vt 0.346972 0.202354
vt 0.355159 0.920883
vt 0.350709 0.922663
vt 0.359593 0.916561
vt 0.551436 0.900091
vt 0.331058 0.759161
vt 0.330948 0.771559
vt 0.328857 0.923273
vt 0.328961 0.927805
vt 0.588008 0.769031
vt 0.095559 0.226491
vt 0.333857 0.774208
vt 0.327935 0.773945
vt 0.343146 0.769264
vt 0.335087 0.915482
vt 0.333503 0.924764
vt 0.323107 0.931102
vt 0.350169 0.761330
vt 0.353555 0.761683
vt 0.311499 0.957679
vt 0.575435 0.756729
vt 0.095905 0.251086
vt 0.360808 0.928716
vt 0.369029 0.921371
vt 0.343448 0.197152
vt 0.346994 0.914881
vt 0.346323 0.923981
vt 0.338151 0.923257
vt 0.359805 0.762656
vt 0.584900 0.754758
vt 0.825538 0.194810
vt 0.096007 0.259081
vt 0.096292 0.243075
vt 0.094976 0.242821
vt 0.101689 0.214283
vt 0.098658 0.219723
vt 0.066743 0.235055
vt 0.063693 0.224795
vt 0.072890 0.231811
vt 0.375808 0.916727
vt 0.380949 0.923349
vt 0.549260 0.913855
vt 0.325110 0.780582
vt 0.321764 0.787905
vt 0.318408 0.785142
vt 0.331425 0.783836
vt 0.340838 0.928034
vt 0.344164 0.772815
vt 0.317979 0.938543
vt 0.819163 0.193739
vt 0.553210 0.743339
vt 0.106949 0.205036
vt 0.084874 0.236351
vt 0.080489 0.209822
vt 0.070218 0.247443
vt 0.068003 0.211074
vt 0.055515 0.213372
vt 0.052996 0.234316
vt 0.052403 0.221453
vt 0.367565 0.928077
vt 0.350732 0.927764
vt 0.331288 0.931754
vt 0.322922 0.938678
vt 0.375359 0.752072
vt 0.366671 0.760159
vt 0.113425 0.283406
vt 0.103196 0.286993
vt 0.097824 0.265852
vt 0.091446 0.255042
vt 0.089461 0.249622
vt 0.089645 0.244741
vt 0.089615 0.236204
vt 0.092792 0.220291
vt 0.089325 0.203966
vt 0.079238 0.253444
vt 0.081729 0.201281
vt 0.076952 0.194530
vt 0.071371 0.197265
vt 0.065656 0.198702
vt 0.047426 0.234893
vt 0.046561 0.217645
vt 0.334604 0.931111
vt 0.830159 0.180025
vt 0.113600 0.197963
vt 0.101214 0.201151
vt 0.092844 0.194540
vt 0.086810 0.195923
vt 0.069302 0.258048
vt 0.060054 0.250059
vt 0.062028 0.198615
vt 0.052632 0.204200
vt 0.062964 0.188302
vt 0.043387 0.191373
vt 0.040177 0.208282
vt 0.320472 0.801887
vt 0.315294 0.794342
vt 0.325214 0.792989
vt 0.366420 0.931598
vt 0.332753 0.937797
vt 0.367353 0.763645
vt 0.107907 0.203347
vt 0.086013 0.261800
vt 0.083038 0.192703
vt 0.056844 0.260093
vt 0.072294 0.187482
vt 0.019811 0.211050
vt 0.331490 0.791178
vt 0.373470 0.928511
vt 0.330208 0.802057
vt 0.339426 0.788033
vt 0.320638 0.948914
vt 0.375628 0.764167
vt 0.120146 0.190128
vt 0.098395 0.272941
vt 0.115982 0.191583
vt 0.104206 0.194693
vt 0.090394 0.263587
vt 0.087203 0.270973
vt 0.100432 0.193118
vt 0.019168 0.235500
vt 0.359987 0.934839
vt 0.336829 0.799918
vt 0.354094 0.934422
vt 0.357712 0.776515
vt 0.324471 0.958604
vt 0.795611 0.196525
vt 0.098900 0.279291
vt 0.076932 0.267929
vt 0.071435 0.181605
vt 0.045500 0.256760
vt 0.053349 0.184113
vt 0.060624 0.181939
vt 0.029944 0.196705
vt 0.368663 0.940299
vt 0.374019 0.767588
vt 0.583388 0.772537
vt 0.106185 0.185254
vt 0.102612 0.194795
vt 0.100457 0.178263
vt 0.087049 0.171160
vt 0.068929 0.274122
vt 0.045561 0.267741
vt 0.041622 0.268176
vt 0.798855 0.179603
vt 0.554311 0.758130
vt 0.131230 0.180072
vt 0.117773 0.186891
vt 0.113042 0.184569
vt 0.092432 0.279050
vt 0.080481 0.278504
vt 0.057124 0.283761
vt 0.045501 0.165633
vt 0.025736 0.254014
vt 0.012376 0.219243
vt 0.368005 0.947716
vt 0.361849 0.941891
vt 0.342672 0.801087
vt 0.369959 0.783818
vt 0.571036 0.765858
vt 0.814517 0.183474
vt 0.099246 0.286222
vt 0.094899 0.282214
vt 0.118898 0.180536
vt 0.091661 0.286849
vt 0.050447 0.275130
vt 0.034868 0.183899
vt 0.333378 0.960785
vt 0.320918 0.964963
vt 0.100584 0.292032
vt 0.013424 0.193563
vt 0.351334 0.956509
vt 0.395542 0.753570
vt 0.822255 0.166014
vt 0.101939 0.294217
vt 0.127989 0.178239
vt 0.125697 0.176683
vt 0.109983 0.177250
vt 0.121168 0.173366
vt 0.109341 0.180305
vt 0.070338 0.157914
vt 0.379597 0.786707
vt 0.389652 0.769970
vt 0.807393 0.179805
vt 0.127990 0.170515
vt 0.086836 0.287466
vt 0.093429 0.168879
vt 0.016783 0.270158
vt 0.026798 0.164765
vt 0.348926 0.976228
vt 0.333889 0.968813
vt 0.309433 0.965015
vt 0.136725 0.168632
vt 0.087637 0.292993
vt 0.110546 0.165042
vt 0.065401 0.302696
vt 0.087513 0.159708
vt 0.057964 0.295513
vt 0.377468 0.795802
vt 0.568854 0.775709
vt 0.812983 0.168702
vt 0.099224 0.298421
vt 0.131631 0.170619
vt 0.094448 0.299754
vt 0.132124 0.165367
vt 0.117343 0.168882
vt 0.080431 0.301808
vt 0.104828 0.161527
vt 0.094423 0.149277
vt 0.058523 0.146453
vt 0.004778 0.261933
vt 0.009866 0.183477
vt 0.001580 0.235600
vt 0.000308 0.204550
vt 0.326539 0.969933
vt 0.310698 0.980391
vt 0.301621 0.979666
vt 0.558077 0.763498
vt 0.126184 0.162744
vt 0.122440 0.162224
vt 0.109573 0.156510
vt 0.049614 0.300792
vt 0.023845 0.286394
vt 0.001626 0.412682
vt 0.028875 0.402455
vt 0.024402 0.421986
vt 0.013255 0.166257
vt 0.349172 0.984209
vt 0.382026 0.794296
vt 0.321948 0.976129
vt 0.796444 0.175977
vt 0.958733 0.460124
vt 0.965360 0.465364
vt 0.962174 0.464592
vt 0.104499 0.308806
vt 0.133613 0.168323
vt 0.092470 0.302745
vt 0.082565 0.144759
vt 0.567754 0.773267
vt 0.962418 0.454430
vt 0.117916 0.160458
vt 0.112995 0.157809
vt 0.102001 0.151600
vt 0.029685 0.300058
vt 0.015278 0.455558
vt 0.000205 0.442302
vt 0.394713 0.774489
vt 0.404468 0.745178
vt 0.414001 0.729567
vt 0.415612 0.735571
vt 0.959639 0.456595
vt 0.139326 0.166464
vt 0.098580 0.307449
vt 0.086866 0.306238
vt 0.116723 0.155498
vt 0.330503 0.987312
vt 0.402228 0.767052
vt 0.819672 0.161880
vt 0.562382 0.770288
vt 0.952637 0.453883
vt 0.803401 0.173958
vt 0.790145 0.172223
vt 0.147454 0.154988
vt 0.135891 0.155152
vt 0.094006 0.305713
vt 0.034037 0.147596
vt 0.393503 0.807352
vt 0.095405 0.311023
vt 0.082076 0.309032
vt 0.111888 0.147561
vt 0.071796 0.318393
vt 0.404279 0.773628
vt 0.401934 0.756954
vt 0.413075 0.740539
vt 0.126630 0.157052
vt 0.133044 0.152261
vt 0.119631 0.147151
vt 0.093266 0.132091
vt 0.056254 0.313313
vt 0.314216 0.985866
vt 0.940501 0.454545
vt 0.932447 0.450277
vt 0.939836 0.448658
vt 0.409734 0.758290
vt 0.956322 0.445888
vt 0.099053 0.316925
vt 0.006843 0.286400
vt 0.405651 0.804419
vt 0.329908 0.995662
vt 0.316615 0.990299
vt 0.566760 0.783543
vt 0.414906 0.751517
vt 0.965075 0.446153
vt 0.131588 0.151990
vt 0.125825 0.146436
vt 0.111630 0.137809
vt 0.080143 0.128511
vt 0.046584 0.316130
vt 0.920122 0.447956
vt 0.920416 0.443377
vt 0.926134 0.449439
vt 0.950240 0.444393
vt 0.088558 0.321712
vt 0.077054 0.321651
vt 0.759386 0.195633
vt 0.769348 0.207392
vt 0.764647 0.219695
vt 0.017717 0.144741
vt 0.001818 0.166840
vt 0.543285 0.654540
vt 0.538558 0.677483
vt 0.524248 0.646656
vt 0.931684 0.442875
vt 0.422106 0.741173
vt 0.124560 0.138834
vt 0.031902 0.320232
vt 0.012918 0.309404
vt 0.050124 0.127327
vt 0.042721 0.414725
vt 0.038320 0.436869
vt 0.908032 0.448658
vt 0.413330 0.800358
vt 0.426858 0.732911
vt 0.144735 0.144912
vt 0.139478 0.147327
vt 0.132483 0.141730
vt 0.101706 0.125135
vt 0.745347 0.208994
vt 0.742693 0.190753
vt 0.033086 0.453936
vt 0.048170 0.474761
vt 0.504152 0.667347
vt 0.414333 0.757710
vt 0.960371 0.442008
vt 0.010787 0.298610
vt 0.904411 0.443055
vt 0.934247 0.439588
vt 0.091768 0.328897
vt 0.135065 0.137920
vt 0.033267 0.131574
vt 0.059417 0.406005
vt 0.920234 0.436603
vt 0.955978 0.438277
vt 0.428151 0.737432
vt 0.101728 0.321151
vt 0.096448 0.327978
vt 0.092311 0.336085
vt 0.774885 0.177085
vt 0.508550 0.652088
vt 0.420698 0.766680
vt 0.942205 0.434381
vt 0.423175 0.750785
vt 0.423313 0.745430
vt 0.145411 0.138909
vt 0.140902 0.129715
vt 0.121990 0.119654
vt 0.050847 0.330477
vt 0.101098 0.108313
vt 0.088788 0.118647
vt 0.511069 0.631738
vt 0.527291 0.621022
vt 0.433378 0.789054
vt 0.071820 0.336814
vt 0.759361 0.181447
vt 0.904051 0.427507
vt 0.930009 0.428941
vt 0.428971 0.742474
vt 0.150547 0.140576
vt 0.096946 0.333387
vt 0.078840 0.337865
vt 0.072197 0.112970
vt 0.104601 0.337917
vt 0.431009 0.763083
vt 0.959809 0.427556
vt 0.135861 0.123917
vt 0.083196 0.113875
vt 0.505883 0.619620
vt 0.922595 0.427605
vt 0.428625 0.794816
vt 0.434169 0.738374
vt 0.087168 0.340136
vt 0.024789 0.329994
vt 0.023587 0.124718
vt 0.042861 0.113562
vt 0.744894 0.174560
vt 0.061043 0.422416
vt 0.151546 0.135040
vt 0.149607 0.130021
vt 0.108442 0.105422
vt 0.060375 0.339544
vt 0.045689 0.105943
vt 0.058774 0.455761
vt 0.434474 0.752018
vt 0.101680 0.342991
vt 0.129912 0.112085
vt 0.723812 0.186047
vt 0.913794 0.420509
vt 0.920516 0.420413
vt 0.438084 0.742014
vt 0.435520 0.745853
vt 0.144901 0.124741
vt 0.059012 0.102846
vt 0.005298 0.127553
vt 0.066952 0.441791
vt 0.949323 0.423139
vt 0.096531 0.350243
vt 0.089386 0.348864
vt 0.130020 0.098860
vt 0.041188 0.340337
vt 0.010772 0.327201
vt 0.495641 0.639828
vt 0.437670 0.799937
vt 0.965360 0.426440
vt 0.156275 0.126094
vt 0.157098 0.130777
vt 0.108401 0.094852
vt 0.052126 0.351444
vt 0.032801 0.110286
vt 0.076388 0.100561
vt 0.016579 0.109516
vt 0.907597 0.413512
vt 0.901038 0.414009
vt 0.441441 0.747336
vt 0.149638 0.118007
vt 0.071910 0.470844
vt 0.940787 0.413171
vt 0.920262 0.409154
vt 0.448585 0.763264
vt 0.159946 0.116497
vt 0.167387 0.125398
vt 0.142306 0.106788
vt 0.098273 0.093371
vt 0.761755 0.161265
vt 0.911964 0.408736
vt 0.444721 0.775876
vt 0.440035 0.794980
vt 0.943246 0.404695
vt 0.959566 0.419515
vt 0.079187 0.362630
vt 0.075331 0.404946
vt 0.481096 0.621302
vt 0.444308 0.801421
vt 0.964566 0.404500
vt 0.056144 0.088239
vt 0.005345 0.340075
vt 0.773546 0.160812
vt 0.107816 0.354182
vt 0.101950 0.359274
vt 0.153029 0.110794
vt 0.066481 0.363388
vt 0.040168 0.347709
vt 0.712328 0.157800
vt 0.726794 0.162614
vt 0.493155 0.607324
vt 0.500269 0.593071
vt 0.483956 0.650459
vt 0.449899 0.761638
vt 0.166037 0.109072
vt 0.023315 0.343439
vt 0.450571 0.780490
vt 0.937143 0.403412
vt 0.939472 0.407419
vt 0.177371 0.120118
vt 0.752660 0.151005
vt 0.077728 0.416975
vt 0.938946 0.404612
vt 0.160662 0.114040
vt 0.051746 0.358108
vt 0.081277 0.088026
vt 0.483681 0.675650
vt 0.915351 0.401747
vt 0.455368 0.768159
vt 0.927798 0.385717
vt 0.027325 0.094991
vt 0.450372 0.795497
vt 0.458115 0.771063
vt 0.106447 0.366554
vt 0.158825 0.105599
vt 0.101223 0.364469
vt 0.129321 0.092922
vt 0.738693 0.151983
vt 0.080799 0.462201
vt 0.186264 0.115858
vt 0.169115 0.097638
vt 0.157157 0.100782
vt 0.141316 0.091724
vt 0.126525 0.086226
vt 0.470314 0.639665
vt 0.081986 0.432321
vt 0.515557 0.600575
vt 0.511081 0.591657
vt 0.518610 0.596053
vt 0.091113 0.371506
vt 0.580122 0.610384
vt 0.559965 0.607149
vt 0.579142 0.585578
vt 0.106603 0.061050
vt 0.476762 0.603590
vt 0.189273 0.114739
vt 0.012978 0.372668
vt 0.065802 0.079185
vt 0.027559 0.084186
vt 0.164318 0.099316
vt 0.526788 0.609010
vt 0.529516 0.585136
vt 0.546973 0.593898
vt 0.469904 0.664965
vt 0.158312 0.099627
vt 0.070379 0.061078
vt 0.732203 0.140069
vt 0.469608 0.629421
vt 0.514726 0.583267
vt 0.601992 0.610384
vt 0.019418 0.081270
vt 0.483740 0.592519
vt 0.085029 0.480515
vt 0.465565 0.587066
vt 0.495593 0.569884
vt 0.149008 0.078880
vt 0.036815 0.080601
vt 0.163781 0.086424
vt 0.001197 0.362909
vt 0.009109 0.090978
vt 0.774885 0.139133
vt 0.908251 0.365962
vt 0.097919 0.406793
vt 0.096635 0.431279
vt 0.489173 0.807352
vt 0.514176 0.673560
vt 0.521658 0.706322
vt 0.460626 0.679019
vt 0.058930 0.067691
vt 0.740635 0.131322
vt 0.101993 0.449237
vt 0.157990 0.082208
vt 0.599440 0.578416
vt 0.719413 0.136586
vt 0.762130 0.133565
vt 0.540287 0.582082
vt 0.442263 0.701551
vt 0.517947 0.576630
vt 0.697400 0.137384
vt 0.713315 0.125673
vt 0.022408 0.073662
vt 0.729534 0.131835
vt 0.106128 0.432102
vt 0.172874 0.086158
vt 0.531157 0.572414
vt 0.087517 0.048997
vt 0.031746 0.381360
vt 0.010853 0.072711
vt 0.108029 0.476299
vt 0.164271 0.073595
vt 0.124014 0.060983
vt 0.619043 0.583228
vt 0.052410 0.061683
vt 0.927825 0.383019
vt 0.914718 0.361744
vt 0.935057 0.383114
vt 0.448417 0.640701
vt 0.454206 0.625871
vt 0.447273 0.667034
vt 0.491590 0.721498
vt 0.120224 0.052282
vt 0.112729 0.402455
vt 0.509480 0.563991
vt 0.067964 0.050127
vt 0.039450 0.060848
vt 0.452857 0.611683
vt 0.565649 0.561409
vt 0.030344 0.063269
vt 0.717750 0.117576
vt 0.456966 0.601872
vt 0.154847 0.069767
vt 0.133491 0.048006
vt 0.515948 0.715903
vt 0.520411 0.723876
vt 0.504176 0.726356
vt 0.531381 0.728077
vt 0.515805 0.732444
vt 0.685043 0.132154
vt 0.011014 0.061049
vt 0.731772 0.124937
vt 0.769212 0.126227
vt 0.509979 0.555960
vt 0.143831 0.050020
vt 0.575780 0.564872
vt 0.646693 0.571409
vt 0.635083 0.586168
vt 0.697916 0.116553
vt 0.049398 0.055416
vt 0.034176 0.052837
vt 0.928167 0.365019
vt 0.124791 0.418024
vt 0.110178 0.463906
vt 0.551744 0.555110
vt 0.095046 0.032852
vt 0.081254 0.037040
vt 0.067450 0.039945
vt 0.633551 0.575586
vt 0.018725 0.050803
vt 0.747674 0.118208
vt 0.124563 0.044786
vt 0.596231 0.564699
vt 0.619785 0.574924
vt 0.041450 0.041808
vt 0.918676 0.350920
vt 0.503805 0.554470
vt 0.762482 0.116981
vt 0.121691 0.403870
vt 0.579547 0.561248
vt 0.708069 0.103761
vt 0.930364 0.359702
vt 0.504224 0.733374
vt 0.124832 0.027622
vt 0.602666 0.565097
vt 0.073603 0.032138
vt 0.637522 0.566621
vt 0.725606 0.108048
vt 0.769726 0.117315
vt 0.441548 0.617590
vt 0.127637 0.452561
vt 0.459805 0.549945
vt 0.030632 0.740648
vt 0.031924 0.764087
vt 0.012311 0.763176
vt 0.607281 0.556461
vt 0.620942 0.565821
vt 0.742956 0.108309
vt 0.902531 0.358293
vt 0.907355 0.354311
vt 0.132504 0.435243
vt 0.130191 0.462735
vt 0.522500 0.548334
vt 0.592396 0.558939
vt 0.089011 0.024872
vt 0.647181 0.563272
vt 0.052774 0.037378
vt 0.911268 0.351770
vt 0.758533 0.112250
vt 0.438568 0.636765
vt 0.485803 0.525871
vt 0.469007 0.725621
vt 0.489210 0.734760
vt 0.136972 0.035111
vt 0.103932 0.029843
vt 0.697379 0.109172
vt 0.017790 0.040485
vt 0.753834 0.104420
vt 0.128989 0.415902
vt 0.129132 0.420731
vt 0.500205 0.536576
vt 0.110816 0.026361
vt 0.435127 0.624557
vt 0.469445 0.733207
vt 0.502114 0.743337
vt 0.594520 0.556083
vt 0.608173 0.554194
vt 0.628703 0.550465
vt 0.700495 0.101836
vt 0.906562 0.348333
vt 0.763744 0.109721
vt 0.899127 0.353285
vt 0.897481 0.357544
vt 0.900205 0.362177
vt 0.502666 0.545359
vt 0.014154 0.740134
vt 0.573259 0.552328
vt 0.041666 0.031681
vt 0.010558 0.042859
vt 0.731706 0.097094
vt 0.935057 0.343104
vt 0.760727 0.109207
vt 0.424009 0.677483
vt 0.566433 0.552881
vt 0.098936 0.021164
vt 0.908622 0.347636
vt 0.899593 0.347632
vt 0.774276 0.105204
vt 0.133300 0.402879
vt 0.899031 0.365270
vt 0.896161 0.360812
vt 0.430215 0.627497
vt 0.298742 0.741686
vt 0.295249 0.737814
vt 0.303131 0.738024
vt 0.835483 0.349272
vt 0.830102 0.348338
vt 0.836409 0.343506
vt 0.830349 0.344553
vt 0.072680 0.021495
vt 0.727457 0.100163
vt 0.769570 0.103599
vt 0.895213 0.345654
vt 0.134630 0.409548
vt 0.892606 0.353862
vt 0.861623 0.344746
vt 0.303707 0.744103
vt 0.301890 0.728907
vt 0.290497 0.748480
vt 0.534777 0.538500
vt 0.019109 0.730639
vt 0.418082 0.642639
vt 0.859564 0.336833
vt 0.313092 0.732053
vt 0.833231 0.339313
vt 0.826351 0.339144
vt 0.295100 0.729491
vt 0.835734 0.351135
vt 0.827977 0.351493
vt 0.824766 0.347986
vt 0.516085 0.510264
vt 0.045264 0.761974
vt 0.048660 0.751461
vt 0.554755 0.540572
vt 0.020123 0.723108
vt 0.012311 0.711355
vt 0.036439 0.714615
vt 0.058214 0.022514
vt 0.643568 0.544080
vt 0.032626 0.028710
vt 0.758225 0.104023
vt 0.913174 0.339717
vt 0.422017 0.625704
vt 0.428610 0.625438
vt 0.874708 0.343952
vt 0.846247 0.336614
vt 0.835865 0.340733
vt 0.288435 0.740155
vt 0.427467 0.695568
vt 0.581120 0.544161
vt 0.033665 0.711472
vt 0.600941 0.549615
vt 0.693082 0.093638
vt 0.711459 0.096512
vt 0.762217 0.103300
vt 0.896376 0.343206
vt 0.137027 0.423651
vt 0.415338 0.629798
vt 0.891657 0.356688
vt 0.336592 0.744900
vt 0.325344 0.741170
vt 0.337090 0.741650
vt 0.331674 0.737867
vt 0.140263 0.459564
vt 0.877522 0.348989
vt 0.868626 0.350002
vt 0.318406 0.739939
vt 0.312500 0.723344
vt 0.829534 0.353151
vt 0.107440 0.014299
vt 0.595033 0.541207
vt 0.604280 0.545717
vt 0.085042 0.005270
vt 0.707929 0.090745
vt 0.754955 0.096046
vt 0.143713 0.417061
vt 0.423185 0.627861
vt 0.424503 0.621490
vt 0.346925 0.707471
vt 0.331926 0.705479
vt 0.344660 0.704543
vt 0.870069 0.335515
vt 0.325840 0.730214
vt 0.320197 0.749884
vt 0.290324 0.754954
vt 0.299151 0.723907
vt 0.820097 0.348581
vt 0.475441 0.514113
vt 0.566045 0.542561
vt 0.102875 0.006868
vt 0.636348 0.536201
vt 0.020393 0.032552
vt 0.914381 0.332703
vt 0.913094 0.335265
vt 0.758952 0.096427
vt 0.766464 0.099275
vt 0.144436 0.423745
vt 0.890303 0.333012
vt 0.141553 0.410627
vt 0.421346 0.622388
vt 0.319344 0.709510
vt 0.338105 0.733813
vt 0.853494 0.327037
vt 0.834470 0.355691
vt 0.027078 0.703383
vt 0.703556 0.085286
vt 0.033905 0.023084
vt 0.718509 0.086074
vt 0.011718 0.031278
vt 0.904866 0.331994
vt 0.348145 0.711072
vt 0.339655 0.712342
vt 0.409150 0.659160
vt 0.869902 0.352752
vt 0.268702 0.746981
vt 0.822353 0.356369
vt 0.276131 0.731504
vt 0.500899 0.521761
vt 0.035967 0.733977
vt 0.035016 0.726466
vt 0.571431 0.525682
vt 0.587556 0.544773
vt 0.599832 0.540316
vt 0.615546 0.543716
vt 0.076009 0.009436
vt 0.147229 0.428319
vt 0.417862 0.623883
vt 0.889693 0.302478
vt 0.892157 0.304380
vt 0.872173 0.315343
vt 0.844099 0.356568
vt 0.291370 0.757371
vt 0.833787 0.332275
vt 0.293247 0.721580
vt 0.807869 0.564218
vt 0.801235 0.550027
vt 0.816086 0.553492
vt 0.470783 0.751076
vt 0.014549 0.704870
vt 0.032890 0.699917
vt 0.619929 0.536325
vt 0.067052 0.011569
vt 0.009011 0.033001
vt 0.156537 0.451543
vt 0.148890 0.472538
vt 0.325079 0.720334
vt 0.825294 0.358058
vt 0.503276 0.515710
vt 0.042949 0.741251
vt 0.588926 0.539079
vt 0.048380 0.013177
vt 0.696814 0.086161
vt 0.027098 0.013359
vt 0.910459 0.329774
vt 0.757090 0.087733
vt 0.150253 0.418628
vt 0.338125 0.716623
vt 0.884326 0.324726
vt 0.317823 0.713552
vt 0.307004 0.716942
vt 0.861358 0.318346
vt 0.802584 0.543423
vt 0.813544 0.547496
vt 0.461460 0.728623
vt 0.552712 0.530905
vt 0.921956 0.322370
vt 0.000237 0.019190
vt 0.347765 0.719604
vt 0.407020 0.627841
vt 0.400917 0.642129
vt 0.411097 0.622271
vt 0.146853 0.409109
vt 0.897581 0.312392
vt 0.341518 0.726689
vt 0.884655 0.318437
vt 0.862691 0.356554
vt 0.295063 0.706409
vt 0.838880 0.362214
vt 0.293514 0.712272
vt 0.839651 0.324203
vt 0.830579 0.322014
vt 0.827942 0.361122
vt 0.292548 0.717246
vt 0.280857 0.724560
vt 0.271559 0.737739
vt 0.462044 0.515419
vt 0.445377 0.720494
vt 0.457077 0.735063
vt 0.081089 0.742697
vt 0.689602 0.086459
vt 0.729694 0.075704
vt 0.763322 0.086021
vt 0.150872 0.424194
vt 0.158123 0.424617
vt 0.331154 0.718257
vt 0.284742 0.699910
vt 0.830367 0.363162
vt 0.272321 0.759734
vt 0.268605 0.752593
vt 0.805409 0.533542
vt 0.811041 0.541458
vt 0.049064 0.709678
vt 0.593319 0.526341
vt 0.041390 0.011372
vt 0.770092 0.086899
vt 0.350646 0.724128
vt 0.908261 0.303847
vt 0.904431 0.306544
vt 0.903448 0.302702
vt 0.811015 0.568709
vt 0.813740 0.572789
vt 0.811563 0.575753
vt 0.455991 0.728016
vt 0.468871 0.741155
vt 0.537541 0.508092
vt 0.748882 0.071425
vt 0.155077 0.412734
vt 0.904674 0.311283
vt 0.899290 0.322385
vt 0.838304 0.557411
vt 0.051288 0.736066
vt 0.045268 0.729311
vt 0.587773 0.527284
vt 0.046252 0.701772
vt 0.605693 0.527198
vt 0.624641 0.530851
vt 0.060929 0.001169
vt 0.028770 0.010924
vt 0.013649 0.014460
vt 0.723461 0.075562
vt 0.759226 0.080833
vt 0.909317 0.319206
vt 0.910455 0.312057
vt 0.908205 0.308458
vt 0.906318 0.306583
vt 0.155438 0.422004
vt 0.901581 0.316258
vt 0.834892 0.565493
vt 0.807077 0.518408
vt 0.821164 0.523833
vt 0.808187 0.523388
vt 0.438209 0.714488
vt 0.025128 0.689428
vt 0.037172 0.684280
vt 0.022915 0.678688
vt 0.018459 0.670083
vt 0.034395 0.666768
vt 0.694986 0.075746
vt 0.708383 0.074058
vt 0.005162 0.011471
vt 0.766397 0.074786
vt 0.763713 0.078464
vt 0.766392 0.080213
vt 0.162909 0.413927
vt 0.163088 0.420796
vt 0.278743 0.710468
vt 0.280140 0.719312
vt 0.821988 0.540205
vt 0.555935 0.515606
vt 0.050536 0.718639
vt 0.582654 0.513084
vt 0.617437 0.527542
vt 0.019726 0.656512
vt 0.030640 0.659378
vt 0.918425 0.291232
vt 0.392977 0.631342
vt 0.171309 0.440446
vt 0.385832 0.657084
vt 0.825464 0.574333
vt 0.487683 0.510257
vt 0.451195 0.727852
vt 0.067374 0.735758
vt 0.639337 0.522213
vt 0.044997 0.002646
vt 0.703583 0.072202
vt 0.819570 0.516582
vt 0.275341 0.720383
vt 0.833188 0.544950
vt 0.417045 0.688309
vt 0.416539 0.684411
vt 0.048191 0.679998
vt 0.000008 0.009556
vt 0.181586 0.414269
vt 0.181513 0.424960
vt 0.171689 0.467424
vt 0.834781 0.569070
vt 0.420771 0.692722
vt 0.415198 0.692115
vt 0.420543 0.695172
vt 0.550907 0.516562
vt 0.059156 0.729628
vt 0.625192 0.516580
vt 0.025615 0.651563
vt 0.042577 0.653152
vt 0.014363 0.002566
vt 0.721588 0.063919
vt 0.925368 0.316245
vt 0.924806 0.299317
vt 0.259118 0.754966
vt 0.829830 0.528567
vt 0.408364 0.684583
vt 0.406196 0.679710
vt 0.436284 0.722250
vt 0.501553 0.501834
vt 0.504955 0.510259
vt 0.050316 0.688669
vt 0.696595 0.067132
vt 0.035364 0.000131
vt 0.040957 0.640912
vt 0.046015 0.638300
vt 0.052870 0.647660
vt 0.057027 0.627543
vt 0.066783 0.620275
vt 0.061522 0.636947
vt 0.261476 0.702668
vt 0.265899 0.724865
vt 0.464362 0.743537
vt 0.078065 0.706695
vt 0.061111 0.702695
vt 0.587535 0.511467
vt 0.040791 0.662056
vt 0.710949 0.066288
vt 0.729968 0.058426
vt 0.378136 0.647498
vt 0.272530 0.699889
vt 0.252466 0.738299
vt 0.522849 0.506102
vt 0.056719 0.698850
vt 0.616010 0.515412
vt 0.049817 0.672545
vt 0.635536 0.512516
vt 0.702133 0.067537
vt 0.062216 0.652308
vt 0.002381 0.004819
vt 0.401981 0.684898
vt 0.509661 0.500160
vt 0.447981 0.739935
vt 0.089960 0.767577
vt 0.086525 0.751075
vt 0.106647 0.766355
vt 0.606720 0.512793
vt 0.636057 0.502007
vt 0.639972 0.506465
vt 0.703020 0.061876
vt 0.705201 0.064076
vt 0.070555 0.636885
vt 0.269045 0.694261
vt 0.421822 0.729079
vt 0.517252 0.497283
vt 0.569066 0.512973
vt 0.070057 0.695231
vt 0.618948 0.499794
vt 0.060409 0.656712
vt 0.076962 0.622572
vt 0.195514 0.434340
vt 0.394175 0.682816
vt 0.393487 0.677827
vt 0.087777 0.740987
vt 0.090674 0.729661
vt 0.549427 0.497916
vt 0.589424 0.496373
vt 0.613603 0.504807
vt 0.708721 0.058037
vt 0.069665 0.615771
vt 0.090248 0.628827
vt 0.245472 0.752126
vt 0.109332 0.783294
vt 0.101301 0.793138
vt 0.107102 0.775387
vt 0.093902 0.716544
vt 0.060843 0.683116
vt 0.631243 0.497900
vt 0.628168 0.491198
vt 0.638084 0.502295
vt 0.635388 0.494775
vt 0.072019 0.647739
vt 0.715598 0.053067
vt 0.100358 0.605922
vt 0.931447 0.288100
vt 0.377353 0.632243
vt 0.255555 0.697982
vt 0.101505 0.772474
vt 0.508358 0.486083
vt 0.503923 0.490048
vt 0.111305 0.787621
vt 0.591016 0.489237
vt 0.627362 0.494419
vt 0.220288 0.424966
vt 0.253913 0.693987
vt 0.842521 0.572024
vt 0.255078 0.725476
vt 0.388961 0.697198
vt 0.375678 0.675699
vt 0.383727 0.683472
vt 0.107127 0.759320
vt 0.102321 0.752521
vt 0.528556 0.495195
vt 0.086674 0.696936
vt 0.068469 0.680154
vt 0.069549 0.661024
vt 0.718095 0.036824
vt 0.732384 0.034538
vt 0.743364 0.036443
vt 0.189259 0.456096
vt 0.199209 0.464816
vt 0.182452 0.472677
vt 0.837850 0.511572
vt 0.835775 0.518615
vt 0.854873 0.559329
vt 0.517484 0.490817
vt 0.388016 0.687779
vt 0.587629 0.490921
vt 0.080376 0.673833
vt 0.097398 0.647741
vt 0.622010 0.475852
vt 0.621415 0.472201
vt 0.637803 0.466013
vt 0.362778 0.639077
vt 0.252689 0.719471
vt 0.255014 0.730562
vt 0.118008 0.788943
vt 0.396157 0.706559
vt 0.530084 0.488437
vt 0.079116 0.689316
vt 0.618452 0.490098
vt 0.635938 0.486517
vt 0.246080 0.757276
vt 0.835036 0.523586
vt 0.255519 0.713194
vt 0.835905 0.541333
vt 0.378190 0.679599
vt 0.113521 0.777423
vt 0.113434 0.781220
vt 0.566778 0.476060
vt 0.091090 0.660930
vt 0.109757 0.636369
vt 0.362079 0.643408
vt 0.359270 0.649417
vt 0.836710 0.536746
vt 0.844275 0.547933
vt 0.243673 0.728851
vt 0.113112 0.774090
vt 0.514254 0.487243
vt 0.400808 0.718616
vt 0.111358 0.767046
vt 0.104532 0.735381
vt 0.089521 0.702011
vt 0.091883 0.694687
vt 0.602472 0.487012
vt 0.207265 0.449444
vt 0.237121 0.699594
vt 0.861985 0.566178
vt 0.858775 0.552503
vt 0.247472 0.720969
vt 0.248488 0.726043
vt 0.371812 0.674816
vt 0.373284 0.672045
vt 0.374953 0.676715
vt 0.118390 0.778721
vt 0.385337 0.689853
vt 0.590618 0.485340
vt 0.598580 0.478767
vt 0.642399 0.433434
vt 0.625544 0.464996
vt 0.606856 0.464138
vt 0.341304 0.629905
vt 0.208978 0.467382
vt 0.201955 0.475797
vt 0.231450 0.745747
vt 0.520422 0.482757
vt 0.411610 0.726124
vt 0.093907 0.680130
vt 0.611943 0.470398
vt 0.349856 0.643103
vt 0.372366 0.677651
vt 0.361880 0.662596
vt 0.122640 0.798535
vt 0.522158 0.486831
vt 0.113706 0.758568
vt 0.110190 0.754748
vt 0.107626 0.747509
vt 0.585514 0.483236
vt 0.234590 0.691844
vt 0.234466 0.687815
vt 0.853946 0.510209
vt 0.223031 0.752343
vt 0.853163 0.523851
vt 0.853919 0.529559
vt 0.116497 0.773725
vt 0.372758 0.682164
vt 0.373231 0.686903
vt 0.122003 0.789763
vt 0.379660 0.692548
vt 0.402532 0.726548
vt 0.410328 0.728352
vt 0.532859 0.482360
vt 0.103450 0.704157
vt 0.104670 0.667256
vt 0.119251 0.661463
vt 0.116042 0.610988
vt 0.128356 0.611949
vt 0.363596 0.676188
vt 0.366659 0.682115
vt 0.123211 0.783922
vt 0.125366 0.779619
vt 0.040784 0.520001
vt 0.051795 0.518687
vt 0.043797 0.536792
vt 0.405617 0.729303
vt 0.859789 0.513194
vt 0.127500 0.789859
vt 0.371373 0.687725
vt 0.386654 0.700915
vt 0.387232 0.709262
vt 0.527624 0.481140
vt 0.547372 0.476167
vt 0.100443 0.685362
vt 0.119860 0.638925
vt 0.221860 0.463188
vt 0.860162 0.572485
vt 0.220047 0.747683
vt 0.013161 0.511141
vt 0.011346 0.508104
vt 0.014749 0.509484
vt 0.360548 0.677849
vt 0.017719 0.510640
vt 0.128702 0.787376
vt 0.362217 0.685683
vt 0.128613 0.794531
vt 0.124667 0.793244
vt 0.358430 0.668412
vt 0.376025 0.693738
vt 0.385150 0.705842
vt 0.113332 0.751574
vt 0.562761 0.472094
vt 0.359494 0.681247
vt 0.367837 0.689191
vt 0.377953 0.700953
vt 0.378956 0.702792
vt 0.042675 0.514527
vt 0.044412 0.515584
vt 0.105478 0.684446
vt 0.584389 0.465735
vt 0.132403 0.690872
vt 0.602501 0.438708
vt 0.870555 0.569515
vt 0.235415 0.723064
vt 0.032204 0.517753
vt 0.029835 0.515678
vt 0.033773 0.510258
vt 0.126904 0.770190
vt 0.346641 0.662747
vt 0.531765 0.477761
vt 0.110798 0.740176
vt 0.540670 0.476602
vt 0.109438 0.731571
vt 0.111933 0.714130
vt 0.130722 0.637406
vt 0.140588 0.622336
vt 0.231624 0.695368
vt 0.234447 0.716924
vt 0.134486 0.784315
vt 0.018915 0.508598
vt 0.128059 0.798694
vt 0.346665 0.668529
vt 0.044368 0.512294
vt 0.377431 0.712574
vt 0.395412 0.733751
vt 0.112203 0.735979
vt 0.627200 0.420385
vt 0.220726 0.741889
vt 0.354059 0.679529
vt 0.368588 0.693307
vt 0.374274 0.698547
vt 0.369970 0.695105
vt 0.063154 0.511122
vt 0.516286 0.470913
vt 0.376231 0.715270
vt 0.381393 0.724666
vt 0.123081 0.756851
vt 0.544426 0.472728
vt 0.550897 0.470335
vt 0.563845 0.445522
vt 0.874070 0.564354
vt 0.221983 0.729926
vt 0.860536 0.536998
vt 0.355035 0.684287
vt 0.356332 0.685935
vt 0.018849 0.501866
vt 0.020900 0.504107
vt 0.012711 0.503706
vt 0.008979 0.502093
vt 0.360495 0.695373
vt 0.373754 0.701624
vt 0.538337 0.469246
vt 0.123221 0.728168
vt 0.125636 0.667349
vt 0.874059 0.574149
vt 0.223595 0.708285
vt 0.013176 0.499875
vt 0.020922 0.500944
vt 0.345915 0.673287
vt 0.359060 0.689171
vt 0.366148 0.697080
vt 0.368089 0.695553
vt 0.519522 0.465966
vt 0.373128 0.716959
vt 0.065984 0.506878
vt 0.072445 0.519058
vt 0.068678 0.501692
vt 0.547571 0.469497
vt 0.615693 0.416628
vt 0.872235 0.506295
vt 0.222267 0.701399
vt 0.873394 0.546098
vt 0.018467 0.499766
vt 0.350531 0.680491
vt 0.029311 0.500953
vt 0.355574 0.688843
vt 0.357568 0.690436
vt 0.357024 0.690664
vt 0.335430 0.666188
vt 0.370933 0.708936
vt 0.049530 0.503455
vt 0.369185 0.723107
vt 0.119096 0.738895
vt 0.549873 0.459445
vt 0.124584 0.730914
vt 0.552796 0.460936
vt 0.123627 0.722154
vt 0.561054 0.450581
vt 0.212644 0.744633
vt 0.871423 0.521854
vt 0.885175 0.556659
vt 0.354708 0.686132
vt 0.358452 0.692034
vt 0.041343 0.502299
vt 0.545699 0.459746
vt 0.091456 0.481751
vt 0.114718 0.493807
vt 0.108423 0.493201
vt 0.569314 0.423890
vt 0.229587 0.689955
vt 0.890067 0.564602
vt 0.947991 0.244215
vt 0.959450 0.228734
vt 0.965360 0.235869
vt 0.869220 0.537977
vt 0.353465 0.685422
vt 0.017936 0.497402
vt 0.013752 0.493609
vt 0.134972 0.773364
vt 0.368542 0.705017
vt 0.364604 0.713655
vt 0.538334 0.464496
vt 0.139042 0.737787
vt 0.130296 0.730488
vt 0.541279 0.461171
vt 0.548334 0.454297
vt 0.567396 0.439843
vt 0.889170 0.559696
vt 0.355981 0.691314
vt 0.338137 0.676661
vt 0.147185 0.751371
vt 0.139263 0.750161
vt 0.134353 0.763078
vt 0.546765 0.447185
vt 0.541802 0.440995
vt 0.091771 0.501484
vt 0.093419 0.488047
vt 0.963758 0.244099
vt 0.948526 0.249626
vt 0.220827 0.720193
vt 0.220943 0.715527
vt 0.350003 0.688615
vt 0.026280 0.491217
vt 0.010073 0.487843
vt 0.032016 0.498139
vt 0.529689 0.446470
vt 0.124948 0.739000
vt 0.135226 0.747040
vt 0.082879 0.492013
vt 0.105243 0.496672
vt 0.210338 0.690019
vt 0.223622 0.697327
vt 0.208101 0.735889
vt 0.516033 0.458911
vt 0.522760 0.459317
vt 0.363233 0.703985
vt 0.034600 0.492175
vt 0.530304 0.437973
vt 0.090073 0.508403
vt 0.358316 0.751076
vt 0.557690 0.423705
vt 0.560113 0.435913
vt 0.887866 0.570316
vt 0.884315 0.511828
vt 0.344664 0.693514
vt 0.516708 0.447652
vt 0.526259 0.453414
vt 0.099416 0.510777
vt 0.108798 0.494721
vt 0.903756 0.568043
vt 0.885511 0.574881
vt 0.196461 0.752335
vt 0.191566 0.749240
vt 0.193942 0.740234
vt 0.868658 0.531309
vt 0.019281 0.481751
vt 0.513762 0.436852
vt 0.525183 0.443090
vt 0.143723 0.763180
vt 0.139597 0.759312
vt 0.567369 0.404202
vt 0.570925 0.400513
vt 0.947891 0.258399
vt 0.952007 0.262103
vt 0.207342 0.727245
vt 0.872358 0.535166
vt 0.033484 0.486880
vt 0.179129 0.756810
vt 0.179115 0.759734
vt 0.927710 0.250319
vt 0.888388 0.517407
vt 0.905710 0.561755
vt 0.915257 0.570520
vt 0.904823 0.575358
vt 0.180284 0.751989
vt 0.902023 0.556059
vt 0.873199 0.528322
vt 0.878983 0.537095
vt 0.913860 0.572339
vt 0.930435 0.255661
vt 0.196376 0.731572
vt 0.208147 0.703445
vt 0.917503 0.564795
vt 0.914827 0.557351
vt 0.895173 0.549903
vt 0.917880 0.575753
vt 0.172768 0.758578
vt 0.903320 0.506768
vt 0.902871 0.511226
vt 0.180552 0.746650
vt 0.205711 0.719342
vt 0.922070 0.570060
vt 0.922971 0.257532
vt 0.920950 0.252323
vt 0.916693 0.510435
vt 0.173444 0.754115
vt 0.892964 0.523246
vt 0.200095 0.725154
vt 0.889242 0.542432
vt 0.920229 0.561090
vt 0.905164 0.549551
vt 0.202996 0.709918
vt 0.885852 0.531986
vt 0.930374 0.262582
vt 0.168224 0.064957
vt 0.170439 0.061550
vt 0.176169 0.066128
vt 0.914230 0.514785
vt 0.172674 0.746773
vt 0.888786 0.529155
vt 0.890349 0.535938
vt 0.919045 0.259791
vt 0.165246 0.757846
vt 0.167310 0.753823
vt 0.921396 0.261512
vt 0.188059 0.737196
vt 0.898345 0.542428
vt 0.181817 0.069263
vt 0.178340 0.062459
vt 0.915725 0.550896
vt 0.960192 0.276504
vt 0.934242 0.271912
vt 0.189645 0.730964
vt 0.181817 0.060101
vt 0.930113 0.266909
vt 0.176573 0.743287
vt 0.944519 0.290041
vt 0.961038 0.285056
vt 0.965360 0.289138
vt 0.920400 0.523400
vt 0.176191 0.059610
vt 0.916456 0.522105
vt 0.172843 0.053834
vt 0.167854 0.051090
vt 0.908897 0.545450
vt 0.900100 0.530088
vt 0.948124 0.278893
vt 0.950694 0.285047
vt 0.179377 0.056226
vt 0.164665 0.743141
vt 0.167821 0.744352
vt 0.918805 0.545383
vt 0.920948 0.269514
vt 0.926313 0.272318
vt 0.910467 0.539625
vt 0.176194 0.737306
vt 0.904347 0.538863
vt 0.919898 0.530416
vt 0.914647 0.527997
vt 0.907830 0.532962
vt 0.936520 0.280395
vt 0.918061 0.535570
vt 0.179225 0.052397
vt 0.177898 0.730485
vt 0.166654 0.737011
s 1
usemtl Material_0
f 3476/1/1 3477/2/2 2867/3/3
f 2866/4/4 2868/5/5 2870/6/6
f 3477/2/2 2869/7/7 2867/3/3
f 2868/5/5 2871/8/8 2870/6/6
f 2872/9/9 2866/4/4 2874/10/10
f 2873/11/9 3476/1/1 2867/3/3
f 2866/4/4 2870/6/6 2874/10/10
f 2874/10/10 2870/6/6 2875/12/11
f 2870/6/6 2876/13/12 2875/12/11
f 2870/6/6 2871/8/8 2876/13/12
f 3477/2/2 2883/14/13 2869/7/7
f 2873/11/9 3478/15/14 3476/1/1
f 2874/10/10 2875/12/11 2877/16/15
f 3477/2/2 3479/17/16 2883/14/13
f 2868/5/5 2878/18/17 2871/8/8
f 2874/10/10 2879/19/18 2872/9/9
f 2885/20/19 3478/15/14 2873/11/9
f 3478/15/14 3480/21/20 3476/1/1
f 2874/10/10 2877/16/15 2880/22/21
f 2875/12/11 2876/13/12 2881/23/22
f 2882/24/23 2878/18/17 2868/5/5
f 2879/19/18 2884/25/19 2872/9/9
f 2874/10/10 2886/26/24 2879/19/18
f 2875/12/11 2881/23/22 2877/16/15
f 3480/21/20 3481/27/25 3476/1/1
f 3477/2/2 3476/1/1 3481/27/25
f 2876/13/12 2887/28/26 2881/23/22
f 2876/13/12 2871/8/8 2887/28/26
f 2879/19/18 2888/29/27 2884/25/19
f 2874/10/10 2880/22/21 2886/26/24
f 2885/20/19 3482/30/28 3478/15/14
f 3483/31/29 3479/17/16 3477/2/2
f 2901/32/30 2883/14/13 3479/17/16
f 2890/33/31 2878/18/17 2882/24/23
f 2889/34/32 3484/35/33 2885/20/19
f 3484/35/33 3482/30/28 2885/20/19
f 2886/26/24 2880/22/21 2892/36/34
f 3478/15/14 3485/37/35 3480/21/20
f 3485/37/35 3481/27/25 3480/21/20
f 3481/27/25 3483/31/29 3477/2/2
f 2883/14/13 2901/32/30 2891/38/36
f 2890/33/31 2893/39/37 2878/18/17
f 2878/18/17 2893/39/37 2729/40/38
f 2888/29/27 2894/41/39 2896/42/40
f 2879/19/18 2894/41/39 2888/29/27
f 2886/26/24 2894/41/39 2879/19/18
f 3478/15/14 3482/30/28 3485/37/35
f 2877/16/15 2892/36/34 2880/22/21
f 2881/23/22 2887/28/26 2899/43/41
f 2900/44/30 2893/39/37 2890/33/31
f 2894/41/39 2886/26/24 2902/45/42
f 2877/16/15 2904/46/43 2892/36/34
f 2871/8/8 2878/18/17 2887/28/26
f 2893/39/37 2905/47/44 2729/40/38
f 2908/48/45 2898/49/46 2895/50/47
f 2895/50/47 2903/51/48 2909/52/49
f 2889/34/32 2897/53/50 3484/35/33
f 2892/36/34 2910/54/51 2886/26/24
f 2881/23/22 2904/46/43 2877/16/15
f 2881/23/22 2899/43/41 2904/46/43
f 3483/31/29 3486/55/52 3479/17/16
f 3479/17/16 3486/55/52 2901/32/30
f 2887/28/26 2878/18/17 2738/56/53
f 2878/18/17 2729/40/38 2731/57/54
f 2900/44/30 2905/47/44 2893/39/37
f 2895/50/47 2912/58/55 2908/48/45
f 2895/50/47 2909/52/49 2912/58/55
f 2897/53/50 2907/59/56 3487/60/57
f 3487/60/57 3488/61/58 2897/53/50
f 2897/53/50 3488/61/58 3484/35/33
f 2886/26/24 2910/54/51 2902/45/42
f 2887/28/26 2738/56/53 2899/43/41
f 3489/62/59 2906/63/60 2901/32/30
f 2903/51/48 2911/64/61 2909/52/49
f 2904/46/43 2913/65/62 2892/36/34
f 3490/66/63 3489/62/59 2901/32/30
f 2914/67/64 2908/48/45 2912/58/55
f 3420/68/65 3487/60/57 2907/59/56
f 3487/60/57 3491/69/66 3488/61/58
f 2915/70/67 2909/52/49 2911/64/61
f 3482/30/28 3492/71/68 3485/37/35
f 3485/37/35 3493/72/69 3481/27/25
f 2899/43/41 2916/73/70 2904/46/43
f 3481/27/25 3493/72/69 3483/31/29
f 3483/31/29 3494/74/71 3486/55/52
f 2878/18/17 2731/57/54 2738/56/53
f 3484/35/33 3488/61/58 3492/71/68
f 3484/35/33 3492/71/68 3482/30/28
f 2910/54/51 2892/36/34 2917/75/72
f 2899/43/41 2740/76/73 2916/73/70
f 2901/32/30 3486/55/52 3490/66/63
f 2729/40/38 2730/77/74 2731/57/54
f 3489/62/59 3495/78/75 2906/63/60
f 2729/40/38 2732/79/76 2730/77/74
f 2905/47/44 2732/79/76 2729/40/38
f 2906/63/60 3496/80/77 2736/81/78
f 2920/82/79 2908/48/45 2914/67/64
f 2907/59/56 2919/83/80 3420/68/65
f 3421/84/81 3487/60/57 3420/68/65
f 3487/60/57 3421/84/81 3491/69/66
f 3485/37/35 3492/71/68 3497/85/82
f 2899/43/41 2738/56/53 2740/76/73
f 3490/66/63 3498/86/83 3489/62/59
f 2735/87/84 2732/79/76 2905/47/44
f 2921/88/85 2922/89/86 2923/90/87
f 2923/90/87 2922/89/86 2924/91/88
f 2909/52/49 2925/92/89 2912/58/55
f 3488/61/58 3499/93/90 3492/71/68
f 3493/72/69 3500/94/91 3483/31/29
f 3500/94/91 3494/74/71 3483/31/29
f 3495/78/75 3496/80/77 2906/63/60
f 2923/90/87 2924/91/88 2926/95/92
f 2921/88/85 2914/67/64 2922/89/86
f 2909/52/49 2915/70/67 2927/96/93
f 3491/69/66 3499/93/90 3488/61/58
f 2911/64/61 2918/97/94 2928/98/95
f 2892/36/34 2913/65/62 2917/75/72
f 3498/86/83 3495/78/75 3489/62/59
f 2733/99/96 2732/79/76 2735/87/84
f 2923/90/87 2926/95/92 2929/100/97
f 2923/90/87 2929/100/97 2921/88/85
f 2914/67/64 2912/58/55 2922/89/86
f 2922/89/86 2912/58/55 2924/91/88
f 3421/84/81 3499/93/90 3491/69/66
f 2911/64/61 2928/98/95 2915/70/67
f 3485/37/35 3497/85/82 3493/72/69
f 3500/94/91 3501/101/98 3494/74/71
f 3502/102/99 3495/78/75 3498/86/83
f 2730/77/74 2737/103/100 2731/57/54
f 2921/88/85 2929/100/97 2914/67/64
f 2924/91/88 2912/58/55 2930/104/101
f 3501/101/98 3486/55/52 3494/74/71
f 2738/56/53 2739/105/102 2740/76/73
f 2730/77/74 2732/79/76 2741/106/103
f 2732/79/76 2733/99/96 2742/107/104
f 2924/91/88 2930/104/101 2926/95/92
f 2929/100/97 2920/82/79 2914/67/64
f 2934/108/105 3420/68/65 2919/83/80
f 2934/108/105 3421/84/81 3420/68/65
f 2925/92/89 2909/52/49 2927/96/93
f 2904/46/43 2916/73/70 2913/65/62
f 2738/56/53 2731/57/54 2739/105/102
f 2926/95/92 2931/109/106 2929/100/97
f 2929/100/97 2931/109/106 2920/82/79
f 2926/95/92 2930/104/101 2931/109/106
f 2925/92/89 2932/110/107 2912/58/55
f 3492/71/68 3499/93/90 3503/111/108
f 2913/65/62 2916/73/70 2933/112/109
f 2916/73/70 2747/113/110 2933/112/109
f 2916/73/70 2740/76/73 2747/113/110
f 2730/77/74 2741/106/103 2737/103/100
f 2742/107/104 2741/106/103 2732/79/76
f 3496/80/77 2734/114/111 2736/81/78
f 2920/82/79 2931/109/106 2935/115/112
f 2930/104/101 2912/58/55 2931/109/106
f 2912/58/55 2932/110/107 2931/109/106
f 3421/84/81 2934/108/105 3422/116/113
f 3421/84/81 3423/117/114 3499/93/90
f 2917/75/72 2913/65/62 2936/118/115
f 3497/85/82 3504/119/116 3493/72/69
f 3493/72/69 3505/120/117 3500/94/91
f 2740/76/73 2739/105/102 2743/121/118
f 3501/101/98 3490/66/63 3486/55/52
f 2731/57/54 2737/103/100 2744/122/119
f 2928/98/95 2938/123/120 2915/70/67
f 2928/98/95 2918/97/94 2938/123/120
f 3499/93/90 3427/124/121 3503/111/108
f 2918/97/94 2937/125/122 2939/126/123
f 3497/85/82 3492/71/68 3506/127/124
f 2739/105/102 2744/122/119 2745/128/125
f 3501/101/98 3507/129/126 3490/66/63
f 2739/105/102 2731/57/54 2744/122/119
f 3507/129/126 3498/86/83 3490/66/63
f 3422/116/113 3423/117/114 3421/84/81
f 2918/97/94 2939/126/123 2938/123/120
f 2936/118/115 2913/65/62 2940/130/127
f 3497/85/82 3506/127/124 3504/119/116
f 2737/103/100 2741/106/103 2746/131/128
f 2931/109/106 2932/110/107 2935/115/112
f 2915/70/67 2938/123/120 2927/96/93
f 3423/117/114 3425/132/129 3499/93/90
f 3427/124/121 3508/133/130 3503/111/108
f 3503/111/108 3508/133/130 3506/127/124
f 3503/111/108 3506/127/124 3492/71/68
f 2933/112/109 2753/134/131 2913/65/62
f 3493/72/69 3504/119/116 3505/120/117
f 3500/94/91 3509/135/132 3501/101/98
f 3498/86/83 3510/136/133 3511/137/134
f 3498/86/83 3511/137/134 3502/102/99
f 2750/138/135 2734/114/111 3496/80/77
f 2733/99/96 2615/139/136 2742/107/104
f 2927/96/93 2942/140/137 2925/92/89
f 2747/113/110 2740/76/73 2748/141/138
f 2745/128/125 2743/121/118 2739/105/102
f 3498/86/83 3507/129/126 3510/136/133
f 3502/102/99 3512/142/139 3495/78/75
f 2741/106/103 2622/143/140 2746/131/128
f 2741/106/103 2742/107/104 2618/144/141
f 2733/99/96 2749/145/142 2615/139/136
f 3422/116/113 3424/146/143 3423/117/114
f 3423/117/114 3424/146/143 3425/132/129
f 2927/96/93 2938/123/120 2942/140/137
f 3425/132/129 3427/124/121 3499/93/90
f 2939/126/123 2937/125/122 2941/147/144
f 2913/65/62 2753/134/131 2940/130/127
f 2933/112/109 2747/113/110 2753/134/131
f 2740/76/73 2743/121/118 2748/141/138
f 3495/78/75 3512/142/139 3496/80/77
f 2615/139/136 2618/144/141 2742/107/104
f 2934/108/105 2813/148/145 3422/116/113
f 2942/140/137 2938/123/120 2943/149/146
f 3427/124/121 3431/150/147 3508/133/130
f 2940/130/127 2753/134/131 2758/151/148
f 3504/119/116 3513/152/149 3505/120/117
f 3509/135/132 3507/129/126 3501/101/98
f 2618/144/141 2622/143/140 2741/106/103
f 3496/80/77 3512/142/139 2750/138/135
f 2925/92/89 2942/140/137 2944/153/150
f 3425/132/129 3426/154/151 3427/124/121
f 2938/123/120 2945/155/152 2943/149/146
f 2938/123/120 2939/126/123 2945/155/152
f 2939/126/123 2941/147/144 2759/156/153
f 3505/120/117 3514/157/154 3500/94/91
f 2744/122/119 2751/158/155 2745/128/125
f 3502/102/99 3511/137/134 3512/142/139
f 3513/152/149 3504/119/116 3515/159/156
f 3514/157/154 3509/135/132 3500/94/91
f 2748/141/138 2743/121/118 2745/128/125
f 2737/103/100 2752/160/157 2744/122/119
f 2737/103/100 2746/131/128 2752/160/157
f 2932/110/107 2925/92/89 2944/153/150
f 2942/140/137 2943/149/146 2944/153/150
f 3508/133/130 3515/159/156 3506/127/124
f 3506/127/124 3515/159/156 3504/119/116
f 2744/122/119 2752/160/157 2751/158/155
f 2932/110/107 2818/161/158 2935/115/112
f 3433/162/159 3508/133/130 3431/150/147
f 2939/126/123 2759/156/153 2757/163/160
f 2753/134/131 2747/113/110 2754/164/161
f 2754/164/161 2747/113/110 2748/141/138
f 3516/165/162 3510/136/133 3507/129/126
f 2750/138/135 3517/166/163 2616/167/164
f 2615/139/136 2617/168/165 2618/144/141
f 2620/169/166 2616/167/164 3517/166/163
f 2617/168/165 2615/139/136 2619/170/167
f 2819/171/168 2818/161/158 2932/110/107
f 2819/171/168 2932/110/107 2944/153/150
f 3425/132/129 3424/146/143 3426/154/151
f 3508/133/130 3433/162/159 3515/159/156
f 2758/151/148 2753/134/131 2755/172/169
f 2753/134/131 2754/164/161 2755/172/169
f 3518/173/170 3507/129/126 3509/135/132
f 2618/144/141 2621/174/171 2622/143/140
f 3512/142/139 3517/166/163 2750/138/135
f 2618/144/141 2617/168/165 2621/174/171
f 2814/175/172 2935/115/112 2818/161/158
f 3422/116/113 2813/148/145 3428/176/173
f 2939/126/123 2757/163/160 2771/177/174
f 2756/178/175 2757/163/160 2759/156/153
f 3515/159/156 3519/179/176 3513/152/149
f 2746/131/128 2622/143/140 2627/180/177
f 3422/116/113 3429/181/178 3424/146/143
f 3426/154/151 3430/182/179 3427/124/121
f 3515/159/156 3433/162/159 3519/179/176
f 3520/183/180 3512/142/139 3511/137/134
f 2622/143/140 2621/174/171 2627/180/177
f 2617/168/165 2623/184/181 2621/174/171
f 2813/148/145 2816/185/182 3428/176/173
f 2814/175/172 2818/161/158 2815/186/183
f 2819/171/168 2944/153/150 2820/187/184
f 2944/153/150 2943/149/146 2820/187/184
f 2945/155/152 2820/187/184 2943/149/146
f 3430/182/179 3431/150/147 3427/124/121
f 2756/178/175 2760/188/185 2757/163/160
f 3513/152/149 3514/157/154 3505/120/117
f 3514/157/154 3521/189/186 3509/135/132
f 3509/135/132 3521/189/186 3518/173/170
f 3507/129/126 3518/173/170 3516/165/162
f 2745/128/125 2751/158/155 2748/141/138
f 2752/160/157 2746/131/128 2761/190/187
f 2746/131/128 2627/180/177 2761/190/187
f 3424/146/143 3429/181/178 3426/154/151
f 2939/126/123 2771/177/174 2945/155/152
f 3510/136/133 3516/165/162 3511/137/134
f 2752/160/157 2761/190/187 2751/158/155
f 3522/191/188 3512/142/139 3520/183/180
f 2619/170/167 2624/192/189 2617/168/165
f 2814/175/172 2815/186/183 2817/193/190
f 2818/161/158 2819/171/168 2815/186/183
f 3431/150/147 3432/194/191 3433/162/159
f 3433/162/159 3438/195/192 3519/179/176
f 2754/164/161 2763/196/193 2755/172/169
f 3513/152/149 3523/197/194 3514/157/154
f 2748/141/138 2751/158/155 2765/198/195
f 2761/190/187 2766/199/196 2751/158/155
f 3511/137/134 3307/200/197 3520/183/180
f 2621/174/171 2626/201/198 2627/180/177
f 2620/169/166 3517/166/163 3301/202/199
f 2624/192/189 2628/203/200 2617/168/165
f 3428/176/173 3429/181/178 3422/116/113
f 3426/154/151 3434/204/201 3430/182/179
f 2945/155/152 2821/205/202 2820/187/184
f 3430/182/179 3432/194/191 3431/150/147
f 3519/179/176 3524/206/203 3513/152/149
f 2756/178/175 2767/207/204 2760/188/185
f 2754/164/161 2748/141/138 2768/208/205
f 2768/208/205 2748/141/138 2769/209/206
f 2761/190/187 2631/210/207 2766/199/196
f 2761/190/187 2627/180/177 2631/210/207
f 3512/142/139 3522/191/188 3302/211/208
f 3512/142/139 3302/211/208 3517/166/163
f 3432/194/191 3438/195/192 3433/162/159
f 3438/195/192 3524/206/203 3519/179/176
f 2756/178/175 2764/212/209 2767/207/204
f 3514/157/154 3523/197/194 3521/189/186
f 2754/164/161 2768/208/205 2763/196/193
f 2627/180/177 2626/201/198 2631/210/207
f 2620/169/166 3301/202/199 2625/213/189
f 3429/181/178 3435/214/210 3426/154/151
f 2945/155/152 2771/177/174 2821/205/202
f 2757/163/160 2770/215/211 2771/177/174
f 3439/216/212 3524/206/203 3438/195/192
f 2757/163/160 2760/188/185 2770/215/211
f 3518/173/170 3525/217/213 3516/165/162
f 2751/158/155 2766/199/196 2772/218/214
f 3520/183/180 3304/219/215 3522/191/188
f 2628/203/200 2623/184/181 2617/168/165
f 3429/181/178 3428/176/173 3435/214/210
f 3426/154/151 3435/214/210 3434/204/201
f 3434/204/201 3436/220/216 3430/182/179
f 3430/182/179 3436/220/216 3432/194/191
f 3432/194/191 3437/221/217 3438/195/192
f 3438/195/192 3437/221/217 3439/216/212
f 2760/188/185 2767/207/204 2770/215/211
f 3513/152/149 3524/206/203 3523/197/194
f 3518/173/170 3521/189/186 3525/217/213
f 2751/158/155 2772/218/214 2765/198/195
f 2766/199/196 2631/210/207 2637/222/218
f 2623/184/181 2629/223/219 2621/174/171
f 3302/211/208 3301/202/199 3517/166/163
f 2820/187/184 2821/205/202 2822/224/220
f 2771/177/174 2823/225/221 2821/205/202
f 2771/177/174 2770/215/211 2773/226/222
f 2766/199/196 2637/222/218 2772/218/214
f 3516/165/162 3308/227/223 3511/137/134
f 3511/137/134 3308/227/223 3307/200/197
f 3307/200/197 3304/219/215 3520/183/180
f 2626/201/198 2630/228/224 2631/210/207
f 3302/211/208 3522/191/188 3304/219/215
f 2632/229/225 2626/201/198 2621/174/171
f 2822/224/220 2819/171/168 2820/187/184
f 3436/220/216 3437/221/217 3432/194/191
f 3523/197/194 3526/230/226 3521/189/186
f 2768/208/205 2769/209/206 2763/196/193
f 3428/176/173 2816/185/182 3435/214/210
f 2821/205/202 2823/225/221 2824/231/227
f 2771/177/174 2773/226/222 2823/225/221
f 2763/196/193 2769/209/206 2775/232/228
f 3300/233/229 3301/202/199 3302/211/208
f 2628/203/200 2633/234/230 2623/184/181
f 2815/186/183 2826/235/231 2817/193/190
f 2822/224/220 2827/236/232 2819/171/168
f 3435/214/210 3440/237/233 3434/204/201
f 3434/204/201 3440/237/233 3436/220/216
f 2821/205/202 2824/231/227 2822/224/220
f 3441/238/234 3437/221/217 3436/220/216
f 3437/221/217 3442/239/235 3439/216/212
f 2748/141/138 2765/198/195 2769/209/206
f 2765/198/195 2772/218/214 2776/240/236
f 3516/165/162 3319/241/237 3308/227/223
f 2621/174/171 2629/223/219 2632/229/225
f 2624/192/189 2633/234/230 2628/203/200
f 2816/185/182 3443/242/238 3435/214/210
f 2815/186/183 2827/236/232 2828/243/239
f 2819/171/168 2827/236/232 2815/186/183
f 3435/214/210 3443/242/238 3440/237/233
f 3436/220/216 3440/237/233 3441/238/234
f 3437/221/217 3444/244/240 3442/239/235
f 3524/206/203 3439/216/212 3447/245/241
f 2770/215/211 2767/207/204 2777/246/242
f 3524/206/203 3447/245/241 3523/197/194
f 2626/201/198 2632/229/225 2630/228/224
f 2815/186/183 2828/243/239 2826/235/231
f 2822/224/220 2829/247/243 2827/236/232
f 2822/224/220 2824/231/227 2829/247/243
f 2823/225/221 2830/248/244 2824/231/227
f 3441/238/234 3444/244/240 3437/221/217
f 2823/225/221 2785/249/245 2830/248/244
f 2823/225/221 2773/226/222 2785/249/245
f 2767/207/204 2778/250/246 2777/246/242
f 2767/207/204 2764/212/209 2778/250/246
f 3526/230/226 3527/251/247 3521/189/186
f 3521/189/186 3527/251/247 3525/217/213
f 2769/209/206 2765/198/195 2775/232/228
f 2765/198/195 2779/252/248 2775/232/228
f 2772/218/214 2637/222/218 2776/240/236
f 2827/236/232 2831/253/249 2828/243/239
f 2827/236/232 2829/247/243 2831/253/249
f 3440/237/233 3445/254/250 3441/238/234
f 2824/231/227 2832/255/251 2829/247/243
f 3439/216/212 3442/239/235 3446/256/252
f 3439/216/212 3446/256/252 3447/245/241
f 2631/210/207 2630/228/224 2634/257/253
f 3302/211/208 3303/258/254 3300/233/229
f 2629/223/219 2635/259/255 2632/229/225
f 3301/202/199 2639/260/256 2625/213/189
f 2828/243/239 2833/261/257 2826/235/231
f 3443/242/238 3445/254/250 3440/237/233
f 2824/231/227 2830/248/244 2832/255/251
f 2770/215/211 2777/246/242 2773/226/222
f 2764/212/209 2781/262/258 2778/250/246
f 2762/263/259 2774/264/260 2782/265/261
f 3526/230/226 3528/266/262 3527/251/247
f 2765/198/195 2784/267/263 2779/252/248
f 2765/198/195 2776/240/236 2784/267/263
f 2633/234/230 2636/268/264 2623/184/181
f 2816/185/182 2825/269/265 3443/242/238
f 2833/261/257 2835/270/266 2826/235/231
f 2828/243/239 2831/253/249 2833/261/257
f 2785/249/245 2773/226/222 2786/271/267
f 2773/226/222 2777/246/242 2786/271/267
f 2762/263/259 2782/265/261 2780/272/268
f 2776/240/236 2637/222/218 2562/273/269
f 2631/210/207 2563/274/270 2637/222/218
f 2623/184/181 2636/268/264 2629/223/219
f 2624/192/189 2638/275/256 2633/234/230
f 3443/242/238 2825/269/265 3448/276/271
f 3443/242/238 3448/276/271 3445/254/250
f 2829/247/243 2832/255/251 2831/253/249
f 3523/197/194 3465/277/272 3526/230/226
f 3525/217/213 3319/241/237 3516/165/162
f 2631/210/207 2634/257/253 2563/274/270
f 3304/219/215 3303/258/254 3302/211/208
f 2825/269/265 2834/278/273 3448/276/271
f 3445/254/250 3449/279/274 3441/238/234
f 2830/248/244 2795/280/275 2832/255/251
f 3526/230/226 3529/281/276 3528/266/262
f 2775/232/228 2779/252/248 2783/282/277
f 2784/267/263 2787/283/278 2779/252/248
f 2629/223/219 2636/268/264 2635/259/255
f 2831/253/249 2836/284/279 2833/261/257
f 2831/253/249 2832/255/251 2836/284/279
f 3441/238/234 3449/279/274 3450/285/280
f 3441/238/234 3450/285/280 3444/244/240
f 2785/249/245 2795/280/275 2830/248/244
f 3447/245/241 3465/277/272 3523/197/194
f 2779/252/248 2787/283/278 2783/282/277
f 3300/233/229 3305/286/281 3301/202/199
f 2638/275/256 2640/287/282 2633/234/230
f 3448/276/271 3449/279/274 3445/254/250
f 3451/288/283 3446/256/252 3442/239/235
f 3446/256/252 3452/289/284 3447/245/241
f 2778/250/246 2781/262/258 2788/290/285
f 3529/281/276 3323/291/286 3528/266/262
f 2789/292/287 2784/267/263 2776/240/236
f 3306/293/288 3304/219/215 3307/200/197
f 3305/286/281 2639/260/256 3301/202/199
f 3465/277/272 3529/281/276 3526/230/226
f 3528/266/262 3323/291/286 3527/251/247
f 2787/283/278 2784/267/263 2790/294/289
f 2637/222/218 2563/274/270 2562/273/269
f 3448/276/271 2834/278/273 3453/295/290
f 3454/296/291 3448/276/271 3453/295/290
f 3454/296/291 3449/279/274 3448/276/271
f 2832/255/251 2837/297/292 2836/284/279
f 2832/255/251 2795/280/275 2838/298/293
f 3446/256/252 3451/288/283 3452/289/284
f 2783/282/277 2787/283/278 2790/294/289
f 2633/234/230 2640/287/282 2636/268/264
f 2834/278/273 2840/299/294 3453/295/290
f 2833/261/257 2836/284/279 2839/300/295
f 2832/255/251 2838/298/293 2837/297/292
f 3444/244/240 3455/301/296 3442/239/235
f 2786/271/267 2777/246/242 2791/302/297
f 2777/246/242 2778/250/246 2788/290/285
f 3452/289/284 3456/303/298 3447/245/241
f 3323/291/286 3315/304/299 3527/251/247
f 3527/251/247 3315/304/299 3525/217/213
f 2776/240/236 2562/273/269 2564/305/300
f 2833/261/257 2841/306/301 2835/270/266
f 2833/261/257 2839/300/295 2841/306/301
f 2836/284/279 2837/297/292 2839/300/295
f 3451/288/283 3457/307/302 3452/289/284
f 3457/307/302 3456/303/298 3452/289/284
f 3447/245/241 3456/303/298 3465/277/272
f 2781/262/258 2792/308/303 2788/290/285
f 3525/217/213 3315/304/299 3317/309/304
f 3308/227/223 3306/293/288 3307/200/197
f 3304/219/215 3306/293/288 3303/258/254
f 2630/228/224 2632/229/225 2634/257/253
f 3300/233/229 3309/310/305 3305/286/281
f 2636/268/264 2641/311/306 2635/259/255
f 3305/286/281 3309/310/305 2639/260/256
f 2638/275/256 2642/312/307 2640/287/282
f 2640/287/282 2642/312/307 2636/268/264
f 3444/244/240 3450/285/280 3455/301/296
f 2781/262/258 2794/313/308 2792/308/303
f 2784/267/263 2789/292/287 2790/294/289
f 3525/217/213 3317/309/304 3319/241/237
f 2776/240/236 2564/305/300 2789/292/287
f 3454/296/291 3458/314/309 3449/279/274
f 3449/279/274 3458/314/309 3450/285/280
f 2795/280/275 2785/249/245 2796/315/310
f 2785/249/245 2786/271/267 2796/315/310
f 2777/246/242 2788/290/285 2791/302/297
f 3457/307/302 3459/316/311 3456/303/298
f 2783/282/277 2790/294/289 2797/317/312
f 2790/294/289 2789/292/287 2797/317/312
f 3303/258/254 3310/318/313 3300/233/229
f 3310/318/313 3309/310/305 3300/233/229
f 2635/259/255 2641/311/306 2632/229/225
f 2636/268/264 2644/319/314 2641/311/306
f 2636/268/264 2642/312/307 2644/319/314
f 3455/301/296 3451/288/283 3442/239/235
f 2786/271/267 2791/302/297 2796/315/310
f 2634/257/253 2645/320/315 2646/321/316
f 2632/229/225 2645/320/315 2634/257/253
f 3303/258/254 3311/322/317 3310/318/313
f 3309/310/305 3312/323/318 2639/260/256
f 3453/295/290 2840/299/294 3460/324/319
f 3453/295/290 3460/324/319 3454/296/291
f 2839/300/295 2837/297/292 2842/325/320
f 2788/290/285 2792/308/303 2791/302/297
f 2797/317/312 2798/326/321 2783/282/277
f 3308/227/223 3313/327/322 3306/293/288
f 2634/257/253 2646/321/316 2563/274/270
f 3303/258/254 3306/293/288 3311/322/317
f 3309/310/305 3310/318/313 3314/328/323
f 2641/311/306 2647/329/324 2632/229/225
f 2632/229/225 2647/329/324 2645/320/315
f 2641/311/306 2644/319/314 2648/330/325
f 3454/296/291 3460/324/319 3461/331/326
f 2838/298/293 2795/280/275 2837/297/292
f 2795/280/275 2796/315/310 2799/332/327
f 3451/288/283 3459/316/311 3457/307/302
f 2792/308/303 2800/333/328 2791/302/297
f 3315/304/299 3316/334/329 3317/309/304
f 2789/292/287 2798/326/321 2797/317/312
f 3317/309/304 3318/335/330 3319/241/237
f 3319/241/237 3318/335/330 3320/336/331
f 3320/336/331 3321/337/332 3319/241/237
f 3311/322/317 3322/338/333 3310/318/313
f 3309/310/305 3314/328/323 3312/323/318
f 2639/260/256 3312/323/318 2643/339/334
f 2642/312/307 2649/340/335 2644/319/314
f 2839/300/295 2842/325/320 2844/341/336
f 3450/285/280 3462/342/337 3455/301/296
f 3455/301/296 3462/342/337 3451/288/283
f 2791/302/297 2801/343/338 2796/315/310
f 2791/302/297 2800/333/328 2801/343/338
f 3459/316/311 3366/344/339 3456/303/298
f 3465/277/272 3323/291/286 3529/281/276
f 3315/304/299 3323/291/286 3316/334/329
f 2562/273/269 2563/274/270 2564/305/300
f 3319/241/237 3321/337/332 3308/227/223
f 3308/227/223 3321/337/332 3313/327/322
f 3310/318/313 3322/338/333 3314/328/323
f 2650/345/340 2649/340/335 2642/312/307
f 3461/331/326 3458/314/309 3454/296/291
f 2837/297/292 2795/280/275 2845/346/341
f 2845/346/341 2795/280/275 2799/332/327
f 3463/347/342 3462/342/337 3450/285/280
f 2800/333/328 2792/308/303 2794/313/308
f 3324/348/343 3306/293/288 3313/327/322
f 3324/348/343 3325/349/344 3306/293/288
f 3325/349/344 3311/322/317 3306/293/288
f 3458/314/309 3463/347/342 3450/285/280
f 3451/288/283 3462/342/337 3459/316/311
f 2641/311/306 2648/330/325 2647/329/324
f 2839/300/295 2844/341/336 2841/306/301
f 2840/299/294 2843/350/345 3460/324/319
f 2837/297/292 2845/346/341 2842/325/320
f 3458/314/309 3461/331/326 3463/347/342
f 3462/342/337 3463/347/342 3464/351/346
f 3465/277/272 3456/303/298 3367/352/347
f 2793/353/348 2780/272/268 2802/354/349
f 2782/265/261 2802/354/349 2780/272/268
f 2564/305/300 2569/355/350 2789/292/287
f 2563/274/270 2565/356/351 2564/305/300
f 2563/274/270 2646/321/316 2651/357/352
f 2646/321/316 2645/320/315 2651/357/352
f 2645/320/315 2647/329/324 2652/358/353
f 2644/319/314 2653/359/354 2648/330/325
f 3312/323/318 2655/360/355 2643/339/334
f 2845/346/341 2799/332/327 2846/361/356
f 3462/342/337 3464/351/346 3459/316/311
f 2782/265/261 2803/362/357 2802/354/349
f 3313/327/322 3321/337/332 3324/348/343
f 2563/274/270 2651/357/352 2565/356/351
f 2654/363/358 2650/345/340 2642/312/307
f 2644/319/314 2649/340/335 2653/359/354
f 2845/346/341 2846/361/356 2842/325/320
f 2799/332/327 2804/364/359 2846/361/356
f 2799/332/327 2796/315/310 2804/364/359
f 2796/315/310 2805/365/360 2804/364/359
f 3459/316/311 3466/366/361 3366/344/339
f 3465/277/272 3367/352/347 3323/291/286
f 3316/334/329 3323/291/286 3317/309/304
f 2798/326/321 2789/292/287 2807/367/362
f 2789/292/287 2808/368/363 2807/367/362
f 2789/292/287 2569/355/350 2808/368/363
f 3325/349/344 3326/369/364 3311/322/317
f 2651/357/352 2645/320/315 2652/358/353
f 3460/324/319 2843/350/345 3461/331/326
f 2842/325/320 2847/370/365 2844/341/336
f 2842/325/320 2846/361/356 2847/370/365
f 3461/331/326 3467/371/366 3463/347/342
f 3459/316/311 3464/351/346 3466/366/361
f 2796/315/310 2801/343/338 2805/365/360
f 2783/282/277 2798/326/321 2807/367/362
f 3321/337/332 3327/372/367 3324/348/343
f 3324/348/343 3328/373/368 3325/349/344
f 3314/328/323 3329/374/369 3312/323/318
f 2843/350/345 2848/375/370 3461/331/326
f 2848/375/370 3467/371/366 3461/331/326
f 3467/371/366 3464/351/346 3463/347/342
f 2804/364/359 2809/376/371 2846/361/356
f 2801/343/338 2800/333/328 2684/377/372
f 3456/303/298 3365/378/373 3367/352/347
f 2782/265/261 2806/379/374 2803/362/357
f 3323/291/286 3330/380/375 3317/309/304
f 3317/309/304 3330/380/375 3318/335/330
f 2651/357/352 2566/381/376 2565/356/351
f 3325/349/344 3328/373/368 3326/369/364
f 3311/322/317 3326/369/364 3322/338/333
f 2844/341/336 2847/370/365 2849/382/377
f 2847/370/365 2846/361/356 2850/383/378
f 3456/303/298 3366/344/339 3365/378/373
f 3467/371/366 3468/384/379 3464/351/346
f 2846/361/356 2809/376/371 2850/383/378
f 2809/376/371 2804/364/359 2679/385/380
f 3312/323/318 3329/374/369 2655/360/355
f 2848/375/370 2853/386/381 3467/371/366
f 2804/364/359 2805/365/360 2679/385/380
f 3466/366/361 3369/387/382 3366/344/339
f 3323/291/286 3331/388/383 3330/380/375
f 2808/368/363 2569/355/350 2807/367/362
f 2847/370/365 2851/389/384 2849/382/377
f 2847/370/365 2852/390/385 2851/389/384
f 2847/370/365 2850/383/378 2852/390/385
f 3468/384/379 3469/391/386 3464/351/346
f 2801/343/338 2684/377/372 2805/365/360
f 3330/380/375 3331/388/383 3318/335/330
f 2568/392/387 2572/393/388 2806/379/374
f 3320/336/331 3327/372/367 3321/337/332
f 2565/356/351 2566/381/376 2567/394/389
f 2566/381/376 2651/357/352 2576/395/390
f 2651/357/352 2652/358/353 2576/395/390
f 2851/389/384 2854/396/391 2849/382/377
f 3364/397/392 3365/378/373 3366/344/339
f 3364/397/392 3367/352/347 3365/378/373
f 2853/386/381 3470/398/393 3467/371/366
f 2572/393/388 2803/362/357 2806/379/374
f 2564/305/300 2565/356/351 2567/394/389
f 3326/369/364 3332/399/394 3333/400/395
f 3326/369/364 3333/400/395 3322/338/333
f 2647/329/324 2656/401/396 2652/358/353
f 2852/390/385 2855/402/397 2851/389/384
f 3467/371/366 3470/398/393 3468/384/379
f 2805/365/360 2681/403/398 2679/385/380
f 2794/313/308 2811/404/399 2800/333/328
f 2802/354/349 2810/405/400 2793/353/348
f 3367/352/347 3368/406/401 3323/291/286
f 3323/291/286 3334/407/402 3331/388/383
f 3327/372/367 3335/408/403 3324/348/343
f 2648/330/325 2657/409/404 2647/329/324
f 2679/385/380 2688/410/405 2809/376/371
f 3364/397/392 3368/406/401 3367/352/347
f 2572/393/388 2574/411/406 2803/362/357
f 3320/336/331 3318/335/330 3327/372/367
f 2652/358/353 2656/401/396 2576/395/390
f 2650/345/340 2654/363/358 2658/412/407
f 2650/345/340 2658/412/407 2649/340/335
f 2851/389/384 2857/413/408 2854/396/391
f 2850/383/378 2858/414/409 2852/390/385
f 2805/365/360 2684/377/372 2681/403/398
f 2811/404/399 2684/377/372 2800/333/328
f 3368/406/401 3334/407/402 3323/291/286
f 3318/335/330 3331/388/383 3336/415/410
f 3324/348/343 3335/408/403 3328/373/368
f 3328/373/368 3337/416/411 3326/369/364
f 2648/330/325 2653/359/354 2657/409/404
f 3469/391/386 3468/384/379 3470/398/393
f 3464/351/346 3469/391/386 3471/417/412
f 3369/387/382 3466/366/361 3372/418/413
f 3366/344/339 3369/387/382 3364/397/392
f 3331/388/383 3338/419/414 3336/415/410
f 2566/381/376 2576/395/390 2567/394/389
f 2649/340/335 2658/412/407 2653/359/354
f 2809/376/371 2687/420/415 2850/383/378
f 3369/387/382 3370/421/416 3364/397/392
f 3368/406/401 3371/422/417 3334/407/402
f 2803/362/357 2579/423/418 2802/354/349
f 3326/369/364 3337/416/411 3332/399/394
f 3314/328/323 3333/400/395 3329/374/369
f 3469/391/386 3470/398/393 3472/424/419
f 2809/376/371 2688/410/405 2687/420/415
f 3464/351/346 3380/425/420 3466/366/361
f 2568/392/387 2570/426/421 2572/393/388
f 2564/305/300 2567/394/389 2573/427/422
f 3470/398/393 2853/386/381 2856/428/423
f 2851/389/384 2855/402/397 2857/413/408
f 2852/390/385 2858/414/409 2855/402/397
f 2850/383/378 2687/420/415 2858/414/409
f 2647/329/324 2657/409/404 2656/401/396
f 3314/328/323 3322/338/333 3333/400/395
f 3464/351/346 3471/417/412 3380/425/420
f 2679/385/380 2683/429/424 2688/410/405
f 3372/418/413 3370/421/416 3369/387/382
f 3368/406/401 3373/430/425 3371/422/417
f 2802/354/349 2812/431/426 2810/405/400
f 2802/354/349 2579/423/418 2812/431/426
f 3318/335/330 3336/415/410 3327/372/367
f 2656/401/396 2584/432/427 2576/395/390
f 3329/374/369 2659/433/428 2655/360/355
f 3370/421/416 3374/434/429 3364/397/392
f 3364/397/392 3374/434/429 3368/406/401
f 2810/405/400 2812/431/426 2694/435/430
f 2803/362/357 2574/411/406 2579/423/418
f 3338/419/414 3339/436/431 3336/415/410
f 2569/355/350 2564/305/300 2571/437/432
f 3328/373/368 3335/408/403 3337/416/411
f 3333/400/395 3340/438/433 3329/374/369
f 3329/374/369 3340/438/433 2659/433/428
f 2679/385/380 2681/403/398 2683/429/424
f 3370/421/416 3372/418/413 3375/439/434
f 3374/434/429 3370/421/416 3375/439/434
f 2684/377/372 2811/404/399 2686/440/435
f 3368/406/401 3374/434/429 3373/430/425
f 2572/393/388 2570/426/421 2574/411/406
f 2564/305/300 2573/427/422 2571/437/432
f 2567/394/389 2575/441/436 2573/427/422
f 2567/394/389 2576/395/390 2577/442/437
f 2810/405/400 2694/435/430 2685/443/438
f 2574/411/406 2578/444/439 2579/423/418
f 2567/394/389 2577/442/437 2575/441/436
f 2576/395/390 2584/432/427 2577/442/437
f 3472/424/419 3470/398/393 3473/445/440
f 3469/391/386 3472/424/419 3471/417/412
f 3466/366/361 3380/425/420 3372/418/413
f 2812/431/426 2582/446/441 2694/435/430
f 3334/407/402 3341/447/442 3331/388/383
f 3331/388/383 3341/447/442 3338/419/414
f 3338/419/414 3341/447/442 3339/436/431
f 3337/416/411 3342/448/443 3332/399/394
f 2658/412/407 2661/449/444 2653/359/354
f 2855/402/397 2702/450/445 2857/413/408
f 2684/377/372 2686/440/435 2681/403/398
f 3376/451/446 3374/434/429 3375/439/434
f 3470/398/393 2856/428/423 2859/452/447
f 2702/450/445 2860/453/448 2857/413/408
f 2858/414/409 2702/450/445 2855/402/397
f 2858/414/409 2687/420/415 2702/450/445
f 3372/418/413 3377/454/449 3375/439/434
f 2579/423/418 2581/455/450 2812/431/426
f 2570/426/421 2580/456/451 2574/411/406
f 3337/416/411 3335/408/403 3342/448/443
f 2584/432/427 2656/401/396 2662/457/452
f 2661/449/444 2657/409/404 2653/359/354
f 3470/398/393 2859/452/447 3473/445/440
f 3471/417/412 3472/424/419 3380/425/420
f 3376/451/446 3378/458/453 3374/434/429
f 3374/434/429 3379/459/454 3373/430/425
f 3334/407/402 3371/422/417 3347/460/455
f 2574/411/406 2580/456/451 2578/444/439
f 3336/415/410 3343/461/456 3327/372/367
f 2656/401/396 2657/409/404 2662/457/452
f 3340/438/433 3206/462/457 2659/433/428
f 2658/412/407 2663/463/458 2661/449/444
f 2687/420/415 2688/410/405 2690/464/459
f 3380/425/420 3381/465/460 3372/418/413
f 2681/403/398 2686/440/435 2692/466/461
f 3375/439/434 3377/454/449 3376/451/446
f 2581/455/450 2582/446/441 2812/431/426
f 3327/372/367 3343/461/456 3344/467/462
f 3344/467/462 3345/468/463 3327/372/367
f 3327/372/367 3345/468/463 3335/408/403
f 3332/399/394 3342/448/443 3333/400/395
f 3333/400/395 3346/469/464 3340/438/433
f 3472/424/419 3382/470/465 3380/425/420
f 3372/418/413 3381/465/460 3377/454/449
f 3378/458/453 3379/459/454 3374/434/429
f 3334/407/402 3347/460/455 3341/447/442
f 3336/415/410 3339/436/431 3348/471/466
f 2660/472/467 3207/473/457 2664/474/468
f 3473/445/440 3474/475/469 3472/424/419
f 2688/410/405 2683/429/424 2690/464/459
f 3382/470/465 3381/465/460 3380/425/420
f 2682/476/470 2680/477/398 2693/478/471
f 2694/435/430 2582/446/441 2685/443/438
f 3373/430/425 3379/459/454 3371/422/417
f 3341/447/442 3348/471/466 3339/436/431
f 2573/427/422 2575/441/436 2571/437/432
f 3345/468/463 3349/479/472 3335/408/403
f 3346/469/464 3206/462/457 3340/438/433
f 2696/480/473 2702/450/445 2687/420/415
f 2690/464/459 2696/480/473 2687/420/415
f 2682/476/470 2693/478/471 2689/481/474
f 2680/477/398 2691/482/475 2693/478/471
f 2581/455/450 2579/423/418 2582/446/441
f 3348/471/466 3350/483/476 3336/415/410
f 3336/415/410 3350/483/476 3343/461/456
f 3342/448/443 3351/484/477 3333/400/395
f 3333/400/395 3351/484/477 3346/469/464
f 2860/453/448 2702/450/445 2863/485/478
f 3382/470/465 3472/424/419 3474/475/469
f 2691/482/475 2685/443/438 2697/486/479
f 3379/459/454 3347/460/455 3371/422/417
f 2575/441/436 2577/442/437 2583/487/480
f 3208/488/481 3206/462/457 3346/469/464
f 2859/452/447 3475/489/482 3473/445/440
f 2862/490/483 3475/489/482 2859/452/447
f 3383/491/484 3377/454/449 3381/465/460
f 3351/484/477 3352/492/485 3346/469/464
f 3207/473/457 2671/493/486 2664/474/468
f 2689/481/474 2698/494/487 2695/495/488
f 3382/470/465 3384/496/489 3381/465/460
f 3382/470/465 3474/475/469 3384/496/489
f 2693/478/471 2691/482/475 2699/497/490
f 3346/469/464 3352/492/485 3208/488/481
f 3473/445/440 3475/489/482 3474/475/469
f 2689/481/474 2700/498/491 2698/494/487
f 2689/481/474 2693/478/471 2700/498/491
f 3377/454/449 3385/499/492 3376/451/446
f 2577/442/437 2584/432/427 2583/487/480
f 2584/432/427 2662/457/452 2591/500/493
f 3351/484/477 3342/448/443 3217/501/494
f 3351/484/477 3217/501/494 3352/492/485
f 3209/502/495 3210/503/496 3207/473/457
f 2663/463/458 2665/504/497 2661/449/444
f 2701/505/498 2695/495/488 2703/506/499
f 3475/489/482 3384/496/489 3474/475/469
f 3381/465/460 3386/507/500 3383/491/484
f 2582/446/441 2594/508/501 2685/443/438
f 3349/479/472 3342/448/443 3335/408/403
f 3210/503/496 2671/493/486 3207/473/457
f 2862/490/483 2865/509/502 3388/510/503
f 2701/505/498 2864/511/504 2861/512/505
f 2701/505/498 2704/513/506 2864/511/504
f 3475/489/482 2862/490/483 3388/510/503
f 2701/505/498 2703/506/499 2704/513/506
f 2695/495/488 2698/494/487 2703/506/499
f 3377/454/449 3383/491/484 3385/499/492
f 2685/443/438 2594/508/501 2697/486/479
f 2579/423/418 2578/444/439 2585/514/507
f 3341/447/442 3350/483/476 3348/471/466
f 2580/456/451 2586/515/508 2578/444/439
f 2580/456/451 2570/426/421 2586/515/508
f 2584/432/427 2591/500/493 2583/487/480
f 3352/492/485 3217/501/494 3211/516/509
f 3352/492/485 3211/516/509 3208/488/481
f 3475/489/482 3388/510/503 3384/496/489
f 3386/507/500 3381/465/460 3384/496/489
f 2571/437/432 2575/441/436 2587/517/510
f 3349/479/472 3353/518/511 3342/448/443
f 2693/478/471 2705/519/512 2700/498/491
f 3341/447/442 3347/460/455 3350/483/476
f 3344/467/462 3343/461/456 3345/468/463
f 3342/448/443 3354/520/513 3217/501/494
f 2662/457/452 2666/521/514 2604/522/515
f 2657/409/404 2666/521/514 2662/457/452
f 2657/409/404 2665/504/497 2666/521/514
f 2663/463/458 2667/523/516 2665/504/497
f 2586/515/508 2588/524/517 2578/444/439
f 2586/515/508 2570/426/421 2589/525/518
f 3353/518/511 3354/520/513 3342/448/443
f 2591/500/493 2592/526/519 2583/487/480
f 2657/409/404 2661/449/444 2665/504/497
f 2698/494/487 2700/498/491 2706/527/520
f 2699/497/490 2691/482/475 2697/486/479
f 3378/458/453 3387/528/521 3379/459/454
f 2582/446/441 2593/529/522 2594/508/501
f 2592/526/519 2591/500/493 2595/530/523
f 2662/457/452 2604/522/515 2591/500/493
f 3388/510/503 2715/531/524 3384/496/489
f 2693/478/471 2699/497/490 2705/519/512
f 2589/525/518 2588/524/517 2586/515/508
f 2571/437/432 2587/517/510 2590/532/525
f 3345/468/463 3355/533/526 3349/479/472
f 3349/479/472 3355/533/526 3353/518/511
f 2575/441/436 2583/487/480 2587/517/510
f 2583/487/480 2596/534/527 2587/517/510
f 2583/487/480 2592/526/519 2596/534/527
f 3353/518/511 3356/535/528 3354/520/513
f 2595/530/523 2591/500/493 2604/522/515
f 3354/520/513 3220/536/529 3217/501/494
f 2604/522/515 2666/521/514 2611/537/530
f 2669/538/531 2666/521/514 2665/504/497
f 2667/523/516 2663/463/458 2670/539/532
f 2711/540/533 3388/510/503 2865/509/502
f 2710/541/534 2864/511/504 2704/513/506
f 3386/507/500 3384/496/489 3389/542/535
f 3390/543/536 3385/499/492 3383/491/484
f 3376/451/446 3387/528/521 3378/458/453
f 3355/533/526 3356/535/528 3353/518/511
f 2592/526/519 2595/530/523 2596/534/527
f 3356/535/528 3220/536/529 3354/520/513
f 2582/446/441 2579/423/418 2585/514/507
f 3347/460/455 3357/544/537 3350/483/476
f 3350/483/476 3358/545/538 3343/461/456
f 2588/524/517 2589/525/518 2597/546/539
f 3343/461/456 3359/547/540 3345/468/463
f 3212/548/509 3213/549/541 3209/502/495
f 3209/502/495 3214/550/542 3210/503/496
f 3210/503/496 3214/550/542 2671/493/486
f 2667/523/516 2672/551/543 2665/504/497
f 2704/513/506 2703/506/499 2707/552/544
f 3389/542/535 3384/496/489 2715/531/524
f 2698/494/487 2706/527/520 2703/506/499
f 3390/543/536 3387/528/521 3385/499/492
f 3385/499/492 3387/528/521 3376/451/446
f 3387/528/521 3391/553/545 3379/459/454
f 3357/544/537 3358/545/538 3350/483/476
f 3359/547/540 3355/533/526 3345/468/463
f 3355/533/526 3360/554/546 3356/535/528
f 2666/521/514 2669/538/531 2611/537/530
f 3388/510/503 2711/540/533 2715/531/524
f 3383/491/484 3392/555/547 3390/543/536
f 2594/508/501 2593/529/522 2599/556/548
f 2585/514/507 2578/444/439 2375/557/549
f 2578/444/439 2588/524/517 2375/557/549
f 2671/493/486 3214/550/542 2668/558/550
f 2704/513/506 2708/559/551 2710/541/534
f 2700/498/491 2705/519/512 2706/527/520
f 3383/491/484 3386/507/500 3392/555/547
f 2594/508/501 2599/556/548 2697/486/479
f 2593/529/522 2582/446/441 2382/560/552
f 3343/461/456 3358/545/538 3359/547/540
f 2590/532/525 2587/517/510 2598/561/553
f 3220/536/529 3215/562/554 3217/501/494
f 2703/506/499 2706/527/520 2707/552/544
f 3389/542/535 3393/563/555 3386/507/500
f 2593/529/522 2600/564/556 2599/556/548
f 2593/529/522 2382/560/552 2600/564/556
f 2587/517/510 2601/565/557 2598/561/553
f 3359/547/540 3361/566/558 3355/533/526
f 3216/567/559 3212/548/509 3218/568/560
f 3212/548/509 3216/567/559 3213/549/541
f 3209/502/495 3213/549/541 3214/550/542
f 2704/513/506 2707/552/544 2708/559/551
f 3389/542/535 2715/531/524 3393/563/555
f 2582/446/441 2585/514/507 2382/560/552
f 3281/569/561 3362/570/562 3347/460/455
f 3347/460/455 3362/570/562 3357/544/537
f 2588/524/517 2602/571/563 2375/557/549
f 2599/556/548 2600/564/556 2603/572/564
f 2600/564/556 2382/560/552 2603/572/564
f 3357/544/537 3362/570/562 3358/545/538
f 3359/547/540 3358/545/538 3361/566/558
f 2595/530/523 2604/522/515 2395/573/565
f 3386/507/500 3394/574/566 3392/555/547
f 2699/497/490 2712/575/567 2705/519/512
f 2699/497/490 2697/486/479 2712/575/567
f 3379/459/454 3395/576/568 3347/460/455
f 2597/546/539 2602/571/563 2588/524/517
f 2597/546/539 2605/577/569 2602/571/563
f 3361/566/558 3360/554/546 3355/533/526
f 2596/534/527 2595/530/523 2395/573/565
f 2665/504/497 2672/551/543 2669/538/531
f 2673/578/570 2672/551/543 2667/523/516
f 2715/531/524 3396/579/571 3393/563/555
f 2705/519/512 2712/575/567 2713/580/572
f 2697/486/479 2610/581/573 2712/575/567
f 3390/543/536 3397/582/574 3387/528/521
f 2601/565/557 2606/583/575 2598/561/553
f 2587/517/510 2607/584/576 2601/565/557
f 2596/534/527 2607/584/576 2587/517/510
f 2596/534/527 2395/573/565 2608/585/577
f 3216/567/559 3219/586/578 3213/549/541
f 2672/551/543 2675/587/579 2669/538/531
f 2710/541/534 2708/559/551 2714/588/580
f 2715/531/524 2725/589/581 3396/579/571
f 3390/543/536 3392/555/547 3398/590/582
f 3397/582/574 3390/543/536 3398/590/582
f 2610/581/573 2697/486/479 2599/556/548
f 3391/553/545 3387/528/521 3397/582/574
f 2607/584/576 2596/534/527 2608/585/577
f 3222/591/583 3356/535/528 3360/554/546
f 3222/591/583 3220/536/529 3356/535/528
f 2725/589/581 2715/531/524 2709/592/551
f 2716/593/584 2707/552/544 2706/527/520
f 2716/593/584 2706/527/520 2717/594/585
f 2717/594/585 2706/527/520 2713/580/572
f 2706/527/520 2705/519/512 2713/580/572
f 3394/574/566 3398/590/582 3392/555/547
f 3361/566/558 3228/595/586 3360/554/546
f 3214/550/542 2674/596/570 2668/558/550
f 3393/563/555 3394/574/566 3386/507/500
f 2713/580/572 2712/575/567 2718/597/587
f 2599/556/548 2609/598/588 2610/581/573
f 2599/556/548 2603/572/564 2609/598/588
f 2602/571/563 2605/577/569 2386/599/589
f 3360/554/546 3228/595/586 3222/591/583
f 3221/600/590 3223/601/591 3216/567/559
f 2604/522/515 2611/537/530 2395/573/565
f 2672/551/543 2673/578/570 2675/587/579
f 2708/559/551 2707/552/544 2716/593/584
f 2713/580/572 2718/597/587 2719/602/592
f 2610/581/573 2609/598/588 2720/603/593
f 3397/582/574 3399/604/594 3391/553/545
f 2603/572/564 2382/560/552 2612/605/595
f 2717/594/585 2719/602/592 2716/593/584
f 2717/594/585 2713/580/572 2719/602/592
f 2712/575/567 2721/606/596 2718/597/587
f 3398/590/582 3400/607/597 3401/608/598
f 2712/575/567 2610/581/573 2721/606/596
f 2610/581/573 2720/603/593 2721/606/596
f 3398/590/582 3401/608/598 3397/582/574
f 3397/582/574 3401/608/598 3399/604/594
f 2382/560/552 2380/609/599 2612/605/595
f 2611/537/530 2669/538/531 2614/610/600
f 3213/549/541 3224/611/601 3214/550/542
f 2675/587/579 2614/610/600 2669/538/531
f 2708/559/551 2722/612/602 2724/613/603
f 2716/593/584 2726/614/604 2708/559/551
f 3402/615/605 3396/579/571 2725/589/581
f 2716/593/584 2719/602/592 2726/614/604
f 3396/579/571 3403/616/606 3393/563/555
f 3393/563/555 3404/617/607 3394/574/566
f 3394/574/566 3400/607/597 3398/590/582
f 3391/553/545 3395/576/568 3379/459/454
f 3231/618/608 3228/595/586 3361/566/558
f 3213/549/541 3219/586/578 3224/611/601
f 2725/589/581 2723/619/609 3402/615/605
f 2708/559/551 2726/614/604 2722/612/602
f 3396/579/571 3402/615/605 3403/616/606
f 2719/602/592 2496/620/610 2726/614/604
f 3393/563/555 3403/616/606 3404/617/607
f 3404/617/607 3405/621/611 3394/574/566
f 2718/597/587 2721/606/596 2719/602/592
f 3394/574/566 3405/621/611 3400/607/597
f 3399/604/594 3406/622/612 3391/553/545
f 3391/553/545 3406/622/612 3395/576/568
f 3347/460/455 3407/623/613 3281/569/561
f 2602/571/563 2613/624/614 2375/557/549
f 2602/571/563 2386/599/589 2613/624/614
f 3231/618/608 3361/566/558 3358/545/538
f 3214/550/542 3225/625/615 2674/596/570
f 3400/607/597 3408/626/616 3401/608/598
f 2603/572/564 2612/605/595 2609/598/588
f 2601/565/557 2607/584/576 2606/583/575
f 2608/585/577 2399/627/617 2607/584/576
f 2673/578/570 2676/628/618 2675/587/579
f 2726/614/604 2496/620/610 2507/629/619
f 3401/608/598 3409/630/620 3399/604/594
f 2585/514/507 2375/557/549 2373/631/621
f 3216/567/559 3223/601/591 3226/632/622
f 2723/619/609 2728/633/623 3402/615/605
f 2726/614/604 2486/634/624 2722/612/602
f 2726/614/604 2507/629/619 2486/634/624
f 3402/615/605 3410/635/625 3403/616/606
f 3403/616/606 3410/635/625 3404/617/607
f 3405/621/611 3408/626/616 3400/607/597
f 2721/606/596 2720/603/593 2504/636/626
f 3362/570/562 3281/569/561 3411/637/627
f 2607/584/576 2389/638/628 2606/583/575
f 3216/567/559 3226/632/622 3227/639/629
f 3404/617/607 3410/635/625 3412/640/630
f 3404/617/607 3412/640/630 3405/621/611
f 3395/576/568 3407/623/613 3347/460/455
f 2374/641/631 2376/642/632 2379/643/633
f 3223/601/591 3229/644/586 3230/645/634
f 2611/537/530 2614/610/600 2402/646/635
f 2728/633/623 3413/647/636 3402/615/605
f 3410/635/625 3402/615/605 3413/647/636
f 2721/606/596 2502/648/637 2719/602/592
f 3408/626/616 3409/630/620 3401/608/598
f 2612/605/595 2380/609/599 2609/598/588
f 2585/514/507 2373/631/621 2382/560/552
f 2608/585/577 2395/573/565 2399/627/617
f 2722/612/602 2486/634/624 2727/649/638
f 3399/604/594 3414/650/639 3406/622/612
f 3363/651/640 3231/618/608 3358/545/538
f 2606/583/575 2389/638/628 2387/652/641
f 3223/601/591 3230/645/634 3226/632/622
f 3216/567/559 3227/639/629 3219/586/578
f 2674/596/570 3225/625/615 2678/653/642
f 2673/578/570 2677/654/643 2676/628/618
f 2720/603/593 2609/598/588 2504/636/626
f 2381/655/644 2383/656/552 2374/641/631
f 2613/624/614 2386/599/589 2384/657/645
f 2611/537/530 2402/646/635 2395/573/565
f 3224/611/601 3225/625/615 3214/550/542
f 3413/647/636 3415/658/646 3410/635/625
f 2719/602/592 2498/659/647 2496/620/610
f 2719/602/592 2502/648/637 2498/659/647
f 3405/621/611 3416/660/648 3408/626/616
f 3416/660/648 3409/630/620 3408/626/616
f 3409/630/620 3414/650/639 3399/604/594
f 2613/624/614 2384/657/645 2375/557/549
f 3362/570/562 3411/637/627 3271/661/649
f 3362/570/562 3271/661/649 3358/545/538
f 3363/651/640 3269/662/650 3231/618/608
f 2607/584/576 2399/627/617 2389/638/628
f 2487/663/651 2491/664/652 2728/633/623
f 3410/635/625 3415/658/646 3412/640/630
f 3405/621/611 3412/640/630 3416/660/648
f 2504/636/626 2502/648/637 2721/606/596
f 3358/545/538 3271/661/649 3363/651/640
f 3232/665/653 3233/666/654 3229/644/586
f 3233/666/654 3230/645/634 3229/644/586
f 2396/667/655 2398/668/656 2400/669/617
f 3219/586/578 3227/639/629 3224/611/601
f 2507/629/619 2489/670/657 2486/634/624
f 2507/629/619 2496/620/610 2494/671/658
f 2504/636/626 2609/598/588 2500/672/659
f 2609/598/588 2380/609/599 2500/672/659
f 3270/673/650 3233/666/654 3232/665/653
f 2676/628/618 2677/654/643 2675/587/579
f 2488/674/660 2490/675/661 2493/676/662
f 3283/677/663 3407/623/613 3395/576/568
f 2397/678/664 2395/573/565 2402/646/635
f 3227/639/629 3234/679/665 3224/611/601
f 2675/587/579 2405/680/666 2614/610/600
f 2677/654/643 2405/680/666 2675/587/579
f 2385/681/667 2388/682/668 2390/683/669
f 2495/684/670 2497/685/671 2499/686/672
f 3414/650/639 3395/576/568 3406/622/612
f 3281/569/561 3273/687/673 3411/637/627
f 2377/688/674 2385/681/667 2378/689/675
f 3226/632/622 3230/645/634 3235/690/676
f 3226/632/622 3236/691/677 3227/639/629
f 2402/646/635 2614/610/600 2408/692/678
f 3237/693/679 3225/625/615 3224/611/601
f 2405/680/666 2408/692/678 2614/610/600
f 3225/625/615 3238/694/680 2678/653/642
f 2381/655/644 2374/641/631 2501/695/681
f 3363/651/640 3271/661/649 3269/662/650
f 2400/669/617 2401/696/682 2390/683/669
f 3224/611/601 3234/679/665 3237/693/679
f 3413/647/636 2728/633/623 3417/697/683
f 3412/640/630 3418/698/684 3416/660/648
f 3409/630/620 3419/699/685 3414/650/639
f 3411/637/627 3273/687/673 3271/661/649
f 2385/681/667 2391/700/686 2392/701/687
f 2385/681/667 2390/683/669 2393/702/688
f 3272/703/689 3243/704/690 3270/673/650
f 3226/632/622 3235/690/676 3236/691/677
f 3236/691/677 3234/679/665 3227/639/629
f 3237/693/679 3238/694/680 3225/625/615
f 2678/653/642 3238/694/680 2414/705/691
f 2413/706/692 2405/680/666 2677/654/643
f 2728/633/623 2491/664/652 3417/697/683
f 2503/707/693 2505/708/626 2506/709/694
f 2385/681/667 2394/710/695 2378/689/675
f 2385/681/667 2392/701/687 2394/710/695
f 2391/700/686 2385/681/667 2393/702/688
f 3270/673/650 3243/704/690 3233/666/654
f 3233/666/654 3239/711/696 3230/645/634
f 3240/712/697 3235/690/676 3230/645/634
f 2508/713/698 2495/684/670 2490/675/661
f 3413/647/636 3417/697/683 3415/658/646
f 3274/714/699 3275/715/700 3272/703/689
f 3275/715/700 3276/716/701 3272/703/689
f 3243/704/690 3272/703/689 3276/716/701
f 3239/711/696 3240/712/697 3230/645/634
f 2403/717/635 2404/718/702 2398/668/656
f 2406/719/703 2407/720/704 2409/721/705
f 3238/694/680 3237/693/679 2414/705/691
f 2499/686/672 2509/722/706 2495/684/670
f 2503/707/693 2509/722/706 2499/686/672
f 3412/640/630 3415/658/646 3418/698/684
f 3416/660/648 3419/699/685 3409/630/620
f 3414/650/639 3419/699/685 3395/576/568
f 2390/683/669 2401/696/682 2393/702/688
f 2400/669/617 2410/723/707 2401/696/682
f 2400/669/617 2398/668/656 2410/723/707
f 2403/717/635 2409/721/705 2404/718/702
f 3234/679/665 3241/724/708 3237/693/679
f 2414/705/691 3237/693/679 3242/725/709
f 2406/719/703 2412/726/710 2407/720/704
f 2415/727/711 2412/726/710 2406/719/703
f 3281/569/561 3278/728/712 3273/687/673
f 2392/701/687 2391/700/686 2416/729/713
f 3275/715/700 3277/730/714 3276/716/701
f 3235/690/676 3240/712/697 3236/691/677
f 2407/720/704 2404/718/702 2409/721/705
f 3237/693/679 3241/724/708 3242/725/709
f 2414/705/691 3242/725/709 2411/731/715
f 3415/658/646 3417/697/683 3418/698/684
f 2501/695/681 2506/709/694 2505/708/626
f 3407/623/613 3283/677/663 3281/569/561
f 3276/716/701 3277/730/714 3243/704/690
f 3243/704/690 3239/711/696 3233/666/654
f 3236/691/677 3244/732/716 3234/679/665
f 3417/697/683 2491/664/652 3122/733/717
f 2374/641/631 2506/709/694 2501/695/681
f 3274/714/699 3279/734/718 3280/735/719
f 2392/701/687 2416/729/713 2394/710/695
f 3274/714/699 3280/735/719 3275/715/700
f 3275/715/700 3280/735/719 3277/730/714
f 2391/700/686 2393/702/688 2416/729/713
f 3277/730/714 3245/736/720 3243/704/690
f 3245/736/720 3239/711/696 3243/704/690
f 2404/718/702 2417/737/721 2398/668/656
f 3240/712/697 3244/732/716 3236/691/677
f 3234/679/665 3244/732/716 3241/724/708
f 2490/675/661 2511/738/722 2493/676/662
f 3282/739/723 3284/740/724 3279/734/718
f 2416/729/713 2393/702/688 2418/741/725
f 2401/696/682 2418/741/725 2393/702/688
f 2401/696/682 2419/742/726 2418/741/725
f 3239/711/696 3246/743/727 3240/712/697
f 2417/737/721 2420/744/728 2398/668/656
f 2404/718/702 2407/720/704 2417/737/721
f 3241/724/708 3247/745/729 3242/725/709
f 3248/746/730 2411/731/715 3242/725/709
f 3122/733/717 3125/747/731 3417/697/683
f 2503/707/693 2512/748/732 2509/722/706
f 2503/707/693 2506/709/694 2512/748/732
f 3418/698/684 3130/749/733 3416/660/648
f 3416/660/648 3130/749/733 3419/699/685
f 3419/699/685 3132/750/734 3395/576/568
f 3284/740/724 3285/751/735 3279/734/718
f 3245/736/720 3246/743/727 3239/711/696
f 2410/723/707 2421/752/736 2401/696/682
f 2417/737/721 2407/720/704 2422/753/737
f 2495/684/670 2511/738/722 2490/675/661
f 2495/684/670 2509/722/706 2513/754/738
f 3417/697/683 3125/747/731 3418/698/684
f 3418/698/684 3127/755/739 3130/749/733
f 3419/699/685 3130/749/733 3132/750/734
f 2374/641/631 2379/643/633 2514/756/740
f 2394/710/695 2416/729/713 2378/689/675
f 2401/696/682 2421/752/736 2419/742/726
f 2410/723/707 2420/744/728 2421/752/736
f 2410/723/707 2398/668/656 2420/744/728
f 3244/732/716 3240/712/697 3249/757/741
f 3244/732/716 3247/745/729 3241/724/708
f 2407/720/704 2412/726/710 2423/758/742
f 3123/759/743 2492/760/744 2510/761/745
f 2495/684/670 2513/754/738 2511/738/722
f 3125/747/731 3127/755/739 3418/698/684
f 3279/734/718 3286/762/746 3280/735/719
f 2378/689/675 2416/729/713 2424/763/747
f 2416/729/713 2425/764/748 2424/763/747
f 2416/729/713 2418/741/725 2425/764/748
f 2418/741/725 2419/742/726 2426/765/749
f 2419/742/726 2427/766/750 2426/765/749
f 2421/752/736 2427/766/750 2419/742/726
f 3249/757/741 3247/745/729 3244/732/716
f 2509/722/706 2512/748/732 2513/754/738
f 2512/748/732 2506/709/694 2515/767/751
f 2378/689/675 2424/763/747 2516/768/752
f 3246/743/727 3245/736/720 3250/769/753
f 2421/752/736 2420/744/728 2427/766/750
f 3246/743/727 3250/769/753 3249/757/741
f 3246/743/727 3249/757/741 3240/712/697
f 3242/725/709 3247/745/729 3248/746/730
f 3123/759/743 3124/770/754 3126/771/755
f 3132/750/734 3283/677/663 3395/576/568
f 3279/734/718 3285/751/735 3286/762/746
f 2425/764/748 2418/741/725 2428/772/756
f 2427/766/750 2420/744/728 2429/773/757
f 2420/744/728 2430/774/758 2431/775/759
f 2420/744/728 2417/737/721 2430/774/758
f 3123/759/743 2510/761/745 3124/770/754
f 3128/776/760 3129/777/761 3131/778/762
f 3131/778/762 3129/777/761 3134/779/763
f 2418/741/725 2426/765/749 2428/772/756
f 3251/780/764 3250/769/753 3245/736/720
f 2430/774/758 2417/737/721 2422/753/737
f 2411/731/715 3248/746/730 2434/781/765
f 3128/776/760 3126/771/755 3129/777/761
f 2514/756/740 2379/643/633 2517/782/766
f 2424/763/747 2518/783/767 2516/768/752
f 2424/763/747 2432/784/768 2518/783/767
f 2425/764/748 2432/784/768 2424/763/747
f 2425/764/748 2428/772/756 2432/784/768
f 2511/738/722 2519/785/769 2521/786/770
f 2513/754/738 2519/785/769 2511/738/722
f 3124/770/754 2520/787/771 3126/771/755
f 2510/761/745 2520/787/771 3124/770/754
f 2513/754/738 2522/788/772 2519/785/769
f 2512/748/732 2522/788/772 2513/754/738
f 2374/641/631 2514/756/740 2523/789/773
f 2514/756/740 2517/782/766 2525/790/774
f 3277/730/714 3280/735/719 3287/791/775
f 2427/766/750 2433/792/776 2426/765/749
f 3277/730/714 3251/780/764 3245/736/720
f 2420/744/728 2431/775/759 2429/773/757
f 2423/758/742 2422/753/737 2407/720/704
f 2512/748/732 2515/767/751 2526/793/777
f 2506/709/694 2523/789/773 2515/767/751
f 2374/641/631 2523/789/773 2506/709/694
f 3133/794/778 3138/795/779 3284/740/724
f 3285/751/735 3284/740/724 3288/796/780
f 3289/797/781 3285/751/735 3288/796/780
f 2433/792/776 2427/766/750 2429/773/757
f 3252/798/782 3248/746/730 3247/745/729
f 2528/799/783 2521/786/770 2519/785/769
f 3129/777/761 3126/771/755 2520/787/771
f 2522/788/772 2512/748/732 2526/793/777
f 3135/800/784 3134/779/763 3129/777/761
f 3286/762/746 3285/751/735 3289/797/781
f 2524/801/785 2516/768/752 2518/783/767
f 3277/730/714 3287/791/775 3251/780/764
f 2412/726/710 2435/802/786 2423/758/742
f 3251/780/764 3253/803/787 3250/769/753
f 3250/769/753 3254/804/788 3249/757/741
f 3247/745/729 3249/757/741 3252/798/782
f 3288/796/780 3290/805/789 3289/797/781
f 3289/797/781 3290/805/789 3286/762/746
f 2518/783/767 2432/784/768 2436/806/790
f 2432/784/768 2428/772/756 2436/806/790
f 3286/762/746 3287/791/775 3280/735/719
f 2520/787/771 3136/807/791 3129/777/761
f 2522/788/772 2529/808/792 2519/785/769
f 2530/809/793 2526/793/777 2515/767/751
f 2523/789/773 2530/809/793 2515/767/751
f 3284/740/724 3144/810/794 3288/796/780
f 2514/756/740 2525/790/774 2531/811/795
f 3288/796/780 3291/812/796 3290/805/789
f 3290/805/789 3292/813/797 3286/762/746
f 2518/783/767 2436/806/790 2524/801/785
f 2422/753/737 2423/758/742 2437/814/798
f 2423/758/742 2435/802/786 2438/815/799
f 2527/816/800 3136/807/791 2520/787/771
f 3129/777/761 3137/817/801 3135/800/784
f 2526/793/777 2532/818/802 2522/788/772
f 3134/779/763 3135/800/784 3139/819/803
f 3138/795/779 3144/810/794 3284/740/724
f 2533/820/804 2525/790/774 2535/821/805
f 2429/773/757 2439/822/806 2433/792/776
f 2519/785/769 2537/823/807 2528/799/783
f 2522/788/772 2532/818/802 2529/808/792
f 2524/801/785 2436/806/790 2443/824/808
f 2428/772/756 2426/765/749 2440/825/809
f 3293/826/810 3251/780/764 3287/791/775
f 2426/765/749 2433/792/776 2439/822/806
f 3251/780/764 3293/826/810 3253/803/787
f 3248/746/730 3252/798/782 2434/781/765
f 2536/827/811 3136/807/791 2527/816/800
f 2519/785/769 2529/808/792 2537/823/807
f 3129/777/761 3136/807/791 3137/817/801
f 2526/793/777 2530/809/793 2532/818/802
f 2524/801/785 2443/824/808 2534/828/812
f 2436/806/790 2428/772/756 2440/825/809
f 3286/762/746 3294/829/813 3287/791/775
f 2439/822/806 2429/773/757 2441/830/814
f 2431/775/759 2441/830/814 2429/773/757
f 2514/756/740 2531/811/795 2523/789/773
f 2525/790/774 2533/820/804 2531/811/795
f 3291/812/796 3288/796/780 3295/831/815
f 3291/812/796 3295/831/815 3290/805/789
f 3290/805/789 3295/831/815 3292/813/797
f 3294/829/813 3293/826/810 3287/791/775
f 2430/774/758 2442/832/816 2431/775/759
f 2422/753/737 2442/832/816 2430/774/758
f 3249/757/741 3255/833/817 3252/798/782
f 2423/758/742 2438/815/799 2437/814/798
f 2536/827/811 2539/834/818 3136/807/791
f 3137/817/801 3136/807/791 3140/835/819
f 2523/789/773 2538/836/820 2530/809/793
f 2436/806/790 2440/825/809 2443/824/808
f 3250/769/753 3253/803/787 3254/804/788
f 2431/775/759 2444/837/821 2441/830/814
f 3249/757/741 3254/804/788 3255/833/817
f 3136/807/791 2539/834/818 3140/835/819
f 2537/823/807 2529/808/792 2540/838/822
f 3147/839/823 3295/831/815 3288/796/780
f 2426/765/749 2439/822/806 2440/825/809
f 2431/775/759 2442/832/816 2444/837/821
f 2437/814/798 2442/832/816 2422/753/737
f 3137/817/801 3141/840/824 3135/800/784
f 2523/789/773 2531/811/795 2538/836/820
f 2535/821/805 2542/841/825 2533/820/804
f 2534/828/812 2443/824/808 2541/842/826
f 3286/762/746 3296/843/827 3294/829/813
f 3252/798/782 2446/844/828 2434/781/765
f 3144/810/794 3147/839/823 3288/796/780
f 3286/762/746 3292/813/797 3296/843/827
f 2441/830/814 2445/845/829 2439/822/806
f 2435/802/786 2447/846/830 2438/815/799
f 3137/817/801 3140/835/819 3141/840/824
f 3135/800/784 3142/847/831 3139/819/803
f 3139/819/803 3143/848/832 3145/849/833
f 2443/824/808 2448/850/834 2541/842/826
f 2440/825/809 2439/822/806 2445/845/829
f 2543/851/835 2540/838/822 2529/808/792
f 2543/851/835 2529/808/792 2532/818/802
f 3146/852/836 3145/849/833 3143/848/832
f 3146/852/836 3148/853/837 3145/849/833
f 2542/841/825 2531/811/795 2533/820/804
f 3147/839/823 3292/813/797 3295/831/815
f 3147/839/823 3297/854/838 3292/813/797
f 3297/854/838 3296/843/827 3292/813/797
f 2448/850/834 2443/824/808 2440/825/809
f 3257/855/839 3294/829/813 3296/843/827
f 3257/855/839 3293/826/810 3294/829/813
f 3257/855/839 3253/803/787 3293/826/810
f 3256/856/840 3255/833/817 3254/804/788
f 2539/834/818 2544/857/841 3140/835/819
f 2540/838/822 2543/851/835 2545/858/842
f 3139/819/803 3142/847/831 3143/848/832
f 3257/855/839 3258/859/843 3253/803/787
f 3258/859/843 3259/860/844 3253/803/787
f 2445/845/829 2441/830/814 2449/861/845
f 3253/803/787 3256/856/840 3254/804/788
f 2442/832/816 2437/814/798 2444/837/821
f 3260/862/846 3252/798/782 3255/833/817
f 3260/862/846 2446/844/828 3252/798/782
f 3135/800/784 3141/840/824 3142/847/831
f 2542/841/825 2546/863/847 2531/811/795
f 2542/841/825 2548/864/848 2546/863/847
f 3296/843/827 3298/865/849 3257/855/839
f 3298/865/849 3261/866/850 3257/855/839
f 2445/845/829 2450/867/851 2440/825/809
f 3258/859/843 3257/855/839 3261/866/850
f 3258/859/843 3261/866/850 3262/868/852
f 3262/868/852 3259/860/844 3258/859/843
f 3259/860/844 3256/856/840 3253/803/787
f 2441/830/814 2444/837/821 2449/861/845
f 3255/833/817 3256/856/840 3260/862/846
f 2447/846/830 2452/869/853 2438/815/799
f 2532/818/802 2549/870/854 2543/851/835
f 2532/818/802 2530/809/793 2549/870/854
f 2538/836/820 2550/871/855 2530/809/793
f 2538/836/820 2531/811/795 2550/871/855
f 3143/848/832 3149/872/856 3146/852/836
f 2531/811/795 2546/863/847 2550/871/855
f 3296/843/827 3299/873/857 3298/865/849
f 3298/865/849 3299/873/857 3261/866/850
f 3261/866/850 3263/874/858 3262/868/852
f 3259/860/844 3264/875/859 3256/856/840
f 2449/861/845 2444/837/821 2453/876/860
f 2444/837/821 2438/815/799 2454/877/861
f 2437/814/798 2438/815/799 2444/837/821
f 3150/878/862 3143/848/832 3142/847/831
f 3148/853/837 3146/852/836 3149/872/856
f 3147/839/823 3156/879/863 3297/854/838
f 3297/854/838 3156/879/863 3296/843/827
f 2448/850/834 2440/825/809 2455/880/864
f 3156/879/863 3299/873/857 3296/843/827
f 3263/874/858 3261/866/850 3299/873/857
f 2456/881/865 2445/845/829 2449/861/845
f 3263/874/858 3259/860/844 3262/868/852
f 3263/874/858 3264/875/859 3259/860/844
f 2453/876/860 2444/837/821 2454/877/861
f 3265/882/866 3256/856/840 3264/875/859
f 3265/882/866 3260/862/846 3256/856/840
f 2454/877/861 2438/815/799 2457/883/867
f 2452/869/853 2457/883/867 2438/815/799
f 3140/835/819 2544/857/841 3151/884/868
f 3151/884/868 3141/840/824 3140/835/819
f 2549/870/854 2530/809/793 2550/871/855
f 3150/878/862 3152/885/869 3143/848/832
f 3143/848/832 3152/885/869 3149/872/856
f 3265/882/866 3266/886/870 3260/862/846
f 3266/886/870 2451/887/871 3260/862/846
f 2451/887/871 2446/844/828 3260/862/846
f 3141/840/824 3150/878/862 3142/847/831
f 3153/888/872 3152/885/869 3150/878/862
f 3149/872/856 3154/889/873 3148/853/837
f 3148/853/837 3155/890/874 3157/891/875
f 2455/880/864 2440/825/809 2450/867/851
f 2445/845/829 2456/881/865 2450/867/851
f 2449/861/845 2453/876/860 2456/881/865
f 3264/875/859 3267/892/876 3265/882/866
f 2454/877/861 2458/893/877 2453/876/860
f 3266/886/870 3265/882/866 2460/894/878
f 3266/886/870 2460/894/878 2451/887/871
f 2543/851/835 2551/895/879 2545/858/842
f 2543/851/835 2549/870/854 2551/895/879
f 3151/884/868 3150/878/862 3141/840/824
f 2551/895/879 2549/870/854 2550/871/855
f 3152/885/869 3154/889/873 3149/872/856
f 2550/871/855 2546/863/847 2548/864/848
f 3263/874/858 3268/896/880 3264/875/859
f 2454/877/861 2457/883/867 2458/893/877
f 2456/881/865 2453/876/860 2459/897/881
f 3264/875/859 3268/896/880 3267/892/876
f 3267/892/876 2460/894/878 3265/882/866
f 2452/869/853 2461/898/882 2462/899/883
f 2452/869/853 2462/899/883 2457/883/867
f 3151/884/868 3158/900/884 3150/878/862
f 3150/878/862 3158/900/884 3153/888/872
f 3152/885/869 3153/888/872 3154/889/873
f 2453/876/860 2458/893/877 2459/897/881
f 2457/883/867 2462/899/883 2458/893/877
f 3151/884/868 2544/857/841 2552/901/885
f 2545/858/842 2551/895/879 2553/902/886
f 2552/901/885 3158/900/884 3151/884/868
f 2551/895/879 2554/903/887 2553/902/886
f 2550/871/855 2555/904/888 2551/895/879
f 2550/871/855 2548/864/848 2555/904/888
f 2547/905/889 2541/842/826 2556/906/890
f 3268/896/880 3165/907/891 3267/892/876
f 3153/888/872 3158/900/884 3154/889/873
f 2548/864/848 2557/908/892 2555/904/888
f 3148/853/837 3154/889/873 3155/890/874
f 3156/879/863 3162/909/893 3299/873/857
f 3263/874/858 3299/873/857 3162/909/893
f 2456/881/865 2459/897/881 2450/867/851
f 2551/895/879 2555/904/888 2554/903/887
f 2541/842/826 2448/850/834 2556/906/890
f 2450/867/851 2463/910/894 2455/880/864
f 2461/898/882 2465/911/895 2462/899/883
f 2455/880/864 2466/912/896 2448/850/834
f 2458/893/877 2462/899/883 2459/897/881
f 3158/900/884 2552/901/885 2558/913/897
f 2553/902/886 2554/903/887 2559/914/898
f 3154/889/873 3159/915/899 3155/890/874
f 2448/850/834 2466/912/896 2556/906/890
f 3263/874/858 3165/907/891 3268/896/880
f 3158/900/884 2558/913/897 3154/889/873
f 2555/904/888 2557/908/892 2469/916/900
f 2459/897/881 2462/899/883 2467/917/901
f 3179/918/902 2460/894/878 3267/892/876
f 2284/919/903 2554/903/887 2560/920/904
f 2560/920/904 2554/903/887 2555/904/888
f 3160/921/905 3157/891/875 3155/890/874
f 3162/909/893 3165/907/891 3263/874/858
f 3165/907/891 3179/918/902 3267/892/876
f 2554/903/887 2284/919/903 2559/914/898
f 2558/913/897 3161/922/906 3154/889/873
f 3161/922/906 3159/915/899 3154/889/873
f 3157/891/875 3160/921/905 3163/923/907
f 2450/867/851 2459/897/881 2463/910/894
f 2460/894/878 3179/918/902 2464/924/908
f 2466/912/896 2455/880/864 2463/910/894
f 2558/913/897 2283/925/909 3161/922/906
f 2555/904/888 2469/916/900 2560/920/904
f 2466/912/896 2468/926/910 2556/906/890
f 3155/890/874 3159/915/899 3160/921/905
f 3163/923/907 3164/927/911 3166/928/912
f 2462/899/883 2465/911/895 2467/917/901
f 2560/920/904 2286/929/913 2284/919/903
f 3161/922/906 3167/930/914 3159/915/899
f 3159/915/899 3167/930/914 3168/931/915
f 2468/926/910 2466/912/896 2470/932/916
f 3165/907/891 3173/933/917 3179/918/902
f 3179/918/902 2475/934/918 2464/924/908
f 3161/922/906 3170/935/919 3167/930/914
f 3159/915/899 3171/936/920 3160/921/905
f 3160/921/905 3172/937/921 3163/923/907
f 2467/917/901 2471/938/922 2459/897/881
f 2467/917/901 2465/911/895 2472/939/923
f 3161/922/906 2283/925/909 2289/940/924
f 2560/920/904 2561/941/925 2286/929/913
f 2560/920/904 2469/916/900 2561/941/925
f 3166/928/912 3164/927/911 3174/942/926
f 2467/917/901 2472/939/923 2471/938/922
f 3161/922/906 2289/940/924 3170/935/919
f 2282/943/927 2285/944/928 2288/945/929
f 3176/946/930 3168/931/915 3167/930/914
f 2469/916/900 2299/947/931 2561/941/925
f 2296/948/932 2561/941/925 2299/947/931
f 3164/927/911 3163/923/907 3172/937/921
f 3177/949/933 3179/918/902 3173/933/917
f 3178/950/934 2474/951/935 3180/952/902
f 2288/945/929 2285/944/928 2291/953/936
f 2291/953/936 2285/944/928 2292/954/937
f 3167/930/914 3170/935/919 3176/946/930
f 2286/929/913 2561/941/925 2293/955/938
f 2561/941/925 2296/948/932 2293/955/938
f 3168/931/915 3176/946/930 3159/915/899
f 3176/946/930 3182/956/939 3159/915/899
f 3171/936/920 3172/937/921 3160/921/905
f 3174/942/926 3164/927/911 3178/950/934
f 2287/957/940 3183/958/941 3169/959/942
f 3183/958/941 3175/960/943 3169/959/942
f 3182/956/939 3184/961/944 3159/915/899
f 2466/912/896 2463/910/894 2470/932/916
f 2459/897/881 2471/938/922 2463/910/894
f 2465/911/895 2473/962/945 2472/939/923
f 2287/957/940 2303/963/946 3183/958/941
f 2292/954/937 2294/964/947 2291/953/936
f 2468/926/910 2238/965/948 2298/966/949
f 3159/915/899 3184/961/944 3171/936/920
f 2468/926/910 2470/932/916 2238/965/948
f 3164/927/911 3185/967/950 3178/950/934
f 2292/954/937 2295/968/951 2294/964/947
f 2295/968/951 2297/969/952 2294/964/947
f 3171/936/920 3184/961/944 3186/970/953
f 3171/936/920 3186/970/953 3187/971/954
f 3171/936/920 3188/972/955 3172/937/921
f 2470/932/916 2463/910/894 2243/973/956
f 2472/939/923 2476/974/957 2471/938/922
f 3185/967/950 2474/951/935 3178/950/934
f 2473/962/945 2476/974/957 2472/939/923
f 2290/975/958 2303/963/946 2287/957/940
f 2298/966/949 2238/965/948 2236/976/959
f 3171/936/920 3187/971/954 3188/972/955
f 3172/937/921 2947/977/960 3164/927/911
f 2473/962/945 2478/978/961 2476/974/957
f 3183/958/941 2303/963/946 2954/979/962
f 2306/980/963 2302/981/946 2300/982/964
f 2291/953/936 2301/983/965 2304/984/966
f 2291/953/936 2294/964/947 2301/983/965
f 2297/969/952 2235/985/967 2294/964/947
f 3175/960/943 3189/986/968 3181/987/969
f 3164/927/911 2947/977/960 3185/967/950
f 2303/963/946 2307/988/970 2954/979/962
f 3183/958/941 2954/979/962 2952/989/971
f 2952/989/971 3175/960/943 3183/958/941
f 3182/956/939 2966/990/972 3184/961/944
f 2470/932/916 2243/973/956 2238/965/948
f 3188/972/955 3187/971/954 3172/937/921
f 2463/910/894 2471/938/922 2243/973/956
f 2471/938/922 2480/991/973 2243/973/956
f 2947/977/960 2479/992/974 3185/967/950
f 2478/978/961 2480/991/973 2476/974/957
f 3185/967/950 2479/992/974 2474/951/935
f 2952/989/971 3189/986/968 3175/960/943
f 2294/964/947 2235/985/967 2305/993/975
f 3181/987/969 3189/986/968 2964/994/976
f 3184/961/944 3187/971/954 3186/970/953
f 2476/974/957 2480/991/973 2471/938/922
f 2946/995/977 2482/996/978 2477/997/979
f 2309/998/980 2301/983/965 2310/999/981
f 2301/983/965 2311/1000/982 2310/999/981
f 2294/964/947 2311/1000/982 2301/983/965
f 2294/964/947 2305/993/975 2311/1000/982
f 2235/985/967 2237/1001/983 2240/1002/984
f 2237/1001/983 2242/1003/956 2240/1002/984
f 3184/961/944 3190/1004/985 3187/971/954
f 3190/1004/985 2949/1005/986 3187/971/954
f 2949/1005/986 3172/937/921 3187/971/954
f 2949/1005/986 2947/977/960 3172/937/921
f 2948/1006/987 2950/1007/988 2946/995/977
f 2950/1007/988 2482/996/978 2946/995/977
f 2481/1008/989 2480/991/973 2478/978/961
f 2478/978/961 2483/1009/990 2481/1008/989
f 2951/1010/991 2953/1011/992 2955/1012/993
f 2958/1013/994 3189/986/968 2952/989/971
f 2311/1000/982 2305/993/975 2313/1014/995
f 2313/1014/995 2305/993/975 2240/1002/984
f 2240/1002/984 2305/993/975 2235/985/967
f 3184/961/944 2966/990/972 3190/1004/985
f 2243/973/956 2480/991/973 2247/1015/996
f 2481/1008/989 2260/1016/997 2480/991/973
f 2481/1008/989 2483/1009/990 2260/1016/997
f 2314/1017/998 2312/1018/999 2315/1019/1000
f 3191/1020/1001 3192/1021/1002 2962/1022/1003
f 3190/1004/985 2966/990/972 2949/1005/986
f 2245/1023/1004 2243/973/956 2247/1015/996
f 2950/1007/988 2956/1024/1005 2482/996/978
f 2315/1019/1000 2366/1025/1006 2314/1017/998
f 2314/1017/998 2317/1026/1007 2312/1018/999
f 3194/1027/1008 3196/1028/1009 3192/1021/1002
f 3192/1021/1002 3196/1028/1009 3198/1029/1010
f 2951/1010/991 2957/1030/1011 2953/1011/992
f 2953/1011/992 2957/1030/1011 2959/1031/1012
f 3199/1032/1013 3200/1033/1014 2971/1034/1015
f 2311/1000/982 2318/1035/1016 2310/999/981
f 2310/999/981 2318/1035/1016 2319/1036/1017
f 2958/1013/994 3201/1037/1018 3189/986/968
f 3189/986/968 2973/1038/1019 2964/994/976
f 2243/973/956 2245/1023/1004 2241/1039/1020
f 2950/1007/988 2948/1006/987 2956/1024/1005
f 2480/991/973 2260/1016/997 2247/1015/996
f 2317/1026/1007 2320/1040/1021 2312/1018/999
f 3192/1021/1002 3198/1029/1010 2962/1022/1003
f 3199/1032/1013 2971/1034/1015 3195/1041/1022
f 3193/1042/1023 3202/1043/1024 3199/1032/1013
f 3200/1033/1014 3201/1037/1018 2971/1034/1015
f 2322/1044/1025 2323/1045/1026 2324/1046/1027
f 2324/1046/1027 2313/1014/995 2322/1044/1025
f 2311/1000/982 2313/1014/995 2318/1035/1016
f 3202/1043/1024 3200/1033/1014 3199/1032/1013
f 3202/1043/1024 3203/1047/1028 3200/1033/1014
f 3200/1033/1014 3203/1047/1028 3201/1037/1018
f 2240/1002/984 2327/1048/1029 2313/1014/995
f 3201/1037/1018 2973/1038/1019 3189/986/968
f 2244/1049/1030 2246/1050/1031 2248/1051/1032
f 2956/1024/1005 2484/1052/1033 2482/996/978
f 2485/1053/1034 2260/1016/997 2483/1009/990
f 2971/1034/1015 3197/1054/1010 3195/1041/1022
f 2316/1055/1035 2312/1018/999 2328/1056/1036
f 3195/1041/1022 3193/1042/1023 3199/1032/1013
f 2323/1045/1026 2316/1055/1035 2324/1046/1027
f 3204/1057/1037 2958/1013/994 2971/1034/1015
f 2971/1034/1015 3201/1037/1018 3204/1057/1037
f 3204/1057/1037 3201/1037/1018 2958/1013/994
f 2324/1046/1027 2319/1036/1017 2313/1014/995
f 2318/1035/1016 2313/1014/995 2319/1036/1017
f 2313/1014/995 2327/1048/1029 2322/1044/1025
f 2239/1058/1038 2250/1059/1039 2325/1060/1040
f 2948/1006/987 2960/1061/1041 2956/1024/1005
f 3048/1062/1042 3191/1020/1001 3050/1063/1043
f 3191/1020/1001 2962/1022/1003 3050/1063/1043
f 2320/1040/1021 2328/1056/1036 2312/1018/999
f 2959/1031/1012 2957/1030/1011 2963/1064/1044
f 2316/1055/1035 2328/1056/1036 2324/1046/1027
f 3202/1043/1024 2988/1065/1045 3203/1047/1028
f 3203/1047/1028 2973/1038/1019 3201/1037/1018
f 2321/1066/1046 2326/1067/1040 2253/1068/1047
f 2965/1069/1048 2967/1070/1049 2968/1071/1050
f 2948/1006/987 2970/1072/1051 2960/1061/1041
f 2366/1025/1006 2338/1073/1052 2314/1017/998
f 2317/1026/1007 2329/1074/1053 2320/1040/1021
f 2971/1034/1015 2961/1075/1054 3197/1054/1010
f 2951/1010/991 2955/1012/993 2342/1076/1055
f 2342/1076/1055 2955/1012/993 2308/1077/1056
f 2330/1078/1057 2319/1036/1017 2324/1046/1027
f 2324/1046/1027 2331/1079/1058 2330/1078/1057
f 2972/1080/1059 2959/1031/1012 2963/1064/1044
f 2319/1036/1017 2330/1078/1057 2332/1081/1060
f 2324/1046/1027 2328/1056/1036 2331/1079/1058
f 2319/1036/1017 2332/1081/1060 2310/999/981
f 3203/1047/1028 2977/1082/1061 2973/1038/1019
f 2239/1058/1038 2249/1083/1062 2250/1059/1039
f 2969/1084/1063 2949/1005/986 2966/990/972
f 2956/1024/1005 2960/1061/1041 2484/1052/1033
f 2314/1017/998 2333/1085/1064 2317/1026/1007
f 2320/1040/1021 2330/1078/1057 2331/1079/1058
f 2320/1040/1021 2331/1079/1058 2328/1056/1036
f 2957/1030/1011 3047/1086/1065 2963/1064/1044
f 2330/1078/1057 2335/1087/1066 2332/1081/1060
f 3202/1043/1024 3205/1088/1067 2988/1065/1045
f 2336/1089/1068 2337/1090/1069 2321/1066/1046
f 2988/1065/1045 2975/1091/1070 3203/1047/1028
f 3203/1047/1028 2975/1091/1070 2977/1082/1061
f 2321/1066/1046 2253/1068/1047 2336/1089/1068
f 2965/1069/1048 2974/1092/1071 2967/1070/1049
f 2239/1058/1038 2244/1049/1030 2249/1083/1062
f 2968/1071/1050 2970/1072/1051 2948/1006/987
f 2485/1053/1034 2266/1093/1072 2260/1016/997
f 2314/1017/998 2338/1073/1052 2333/1085/1064
f 3049/1094/1073 3051/1095/1074 3052/1096/1075
f 2333/1085/1064 2329/1074/1053 2317/1026/1007
f 3051/1095/1074 2963/1064/1044 3053/1097/1076
f 2330/1078/1057 2320/1040/1021 2329/1074/1053
f 2310/999/981 2335/1087/1066 2309/998/980
f 3193/1042/1023 3205/1088/1067 3202/1043/1024
f 2976/1098/1077 2974/1092/1071 2978/1099/1078
f 2250/1059/1039 2252/1100/1079 2325/1060/1040
f 2248/1051/1032 2249/1083/1062 2244/1049/1030
f 2246/1050/1031 2251/1101/1080 2248/1051/1032
f 3049/1094/1073 3052/1096/1075 3054/1102/1081
f 3047/1086/1065 3053/1097/1076 2963/1064/1044
f 2335/1087/1066 2310/999/981 2332/1081/1060
f 3205/1088/1067 3061/1103/1082 2988/1065/1045
f 2976/1098/1077 2979/1104/1083 2974/1092/1071
f 2253/1068/1047 2340/1105/1084 2336/1089/1068
f 2250/1059/1039 2249/1083/1062 2252/1100/1079
f 2367/1106/1085 2368/1107/1086 2339/1108/1087
f 3051/1095/1074 3053/1097/1076 3052/1096/1075
f 2329/1074/1053 2341/1109/1088 2330/1078/1057
f 2957/1030/1011 2980/1110/1089 3047/1086/1065
f 2957/1030/1011 2951/1010/991 2980/1110/1089
f 2951/1010/991 2342/1076/1055 2980/1110/1089
f 2343/1111/1090 2309/998/980 2335/1087/1066
f 2336/1089/1068 2344/1112/1091 2337/1090/1069
f 2336/1089/1068 2340/1105/1084 2344/1112/1091
f 2253/1068/1047 2256/1113/1092 2340/1105/1084
f 2979/1104/1083 2981/1114/1093 2974/1092/1071
f 2249/1083/1062 2254/1115/1094 2252/1100/1079
f 2974/1092/1071 2981/1114/1093 2967/1070/1049
f 2484/1052/1033 2960/1061/1041 2982/1116/1095
f 2982/1116/1095 2265/1117/1096 2484/1052/1033
f 3053/1097/1076 3055/1118/1097 3052/1096/1075
f 3053/1097/1076 3047/1086/1065 3056/1119/1098
f 2252/1100/1079 2254/1115/1094 2255/1120/1099
f 2246/1050/1031 2257/1121/1100 2251/1101/1080
f 2247/1015/996 2260/1016/997 2258/1122/1101
f 2259/1123/1102 2261/1124/1103 2257/1121/1100
f 2260/1016/997 2266/1093/1072 2262/1125/1104
f 2368/1107/1086 2347/1126/1105 2339/1108/1087
f 2333/1085/1064 2341/1109/1088 2329/1074/1053
f 2330/1078/1057 2341/1109/1088 2345/1127/1106
f 2330/1078/1057 2345/1127/1106 2335/1087/1066
f 3053/1097/1076 3056/1119/1098 3055/1118/1097
f 2981/1114/1093 2983/1128/1107 2967/1070/1049
f 3056/1119/1098 3047/1086/1065 3055/1118/1097
f 2980/1110/1089 2342/1076/1055 3058/1129/1108
f 2256/1113/1092 2346/1130/1109 2340/1105/1084
f 2254/1115/1094 2249/1083/1062 2255/1120/1099
f 2248/1051/1032 2251/1101/1080 2249/1083/1062
f 2968/1071/1050 2984/1131/1110 2970/1072/1051
f 2970/1072/1051 2985/1132/1111 2960/1061/1041
f 2960/1061/1041 2986/1133/1112 2982/1116/1095
f 2982/1116/1095 2268/1134/1113 2265/1117/1096
f 2339/1108/1087 2347/1126/1105 2334/1135/1114
f 2333/1085/1064 2348/1136/1115 2341/1109/1088
f 3052/1096/1075 3055/1118/1097 3060/1137/1116
f 2980/1110/1089 3058/1129/1108 3047/1086/1065
f 2345/1127/1106 2350/1138/1117 2335/1087/1066
f 3062/1139/1118 3063/1140/1119 2989/1141/1120
f 2968/1071/1050 2987/1142/1121 2984/1131/1110
f 2960/1061/1041 2985/1132/1111 2986/1133/1112
f 2341/1109/1088 2348/1136/1115 2345/1127/1106
f 2989/1141/1120 2990/1143/1122 2976/1098/1077
f 2990/1143/1122 2979/1104/1083 2976/1098/1077
f 2344/1112/1091 2340/1105/1084 2346/1130/1109
f 2991/1144/1123 2967/1070/1049 2983/1128/1107
f 2251/1101/1080 2257/1121/1100 2263/1145/1124
f 2970/1072/1051 2984/1131/1110 2985/1132/1111
f 2264/1146/1125 2267/1147/1126 2261/1124/1103
f 3054/1102/1081 3066/1148/1127 3057/1149/1128
f 3052/1096/1075 3060/1137/1116 3054/1102/1081
f 2347/1126/1105 2349/1150/1129 2334/1135/1114
f 3055/1118/1097 3067/1151/1130 3060/1137/1116
f 3047/1086/1065 3067/1151/1130 3055/1118/1097
f 2342/1076/1055 3068/1152/1131 3058/1129/1108
f 3065/1153/1132 3063/1140/1119 3062/1139/1118
f 2344/1112/1091 2346/1130/1109 2352/1154/1133
f 2256/1113/1092 2270/1155/1134 2346/1130/1109
f 2968/1071/1050 2967/1070/1049 2987/1142/1121
f 2992/1156/1135 2268/1134/1113 2982/1116/1095
f 2369/1157/1136 2357/1158/1137 2368/1107/1086
f 2347/1126/1105 2368/1107/1086 2357/1158/1137
f 3054/1102/1081 3060/1137/1116 3069/1159/1138
f 3047/1086/1065 3058/1129/1108 3067/1151/1130
f 2350/1138/1117 2345/1127/1106 2353/1160/1139
f 2335/1087/1066 2356/1161/1140 2343/1111/1090
f 2342/1076/1055 2355/1162/1141 3070/1163/1142
f 3063/1140/1119 2993/1164/1143 2989/1141/1120
f 2989/1141/1120 2993/1164/1143 2990/1143/1122
f 2979/1104/1083 2990/1143/1122 2994/1165/1144
f 2979/1104/1083 2994/1165/1144 2981/1114/1093
f 2981/1114/1093 2994/1165/1144 2983/1128/1107
f 2983/1128/1107 2994/1165/1144 2991/1144/1123
f 2249/1083/1062 2269/1166/1145 2255/1120/1099
f 2249/1083/1062 2271/1167/1146 2269/1166/1145
f 2249/1083/1062 2251/1101/1080 2153/1168/1147
f 2251/1101/1080 2263/1145/1124 2153/1168/1147
f 2261/1124/1103 2272/1169/1148 2257/1121/1100
f 2267/1147/1126 2272/1169/1148 2261/1124/1103
f 2982/1116/1095 2986/1133/1112 2992/1156/1135
f 2369/1157/1136 2371/1170/1149 2357/1158/1137
f 3057/1149/1128 3072/1171/1150 3059/1172/1151
f 3054/1102/1081 3069/1159/1138 3066/1148/1127
f 2348/1136/1115 2353/1160/1139 2345/1127/1106
f 3065/1153/1132 3064/1173/1152 3063/1140/1119
f 2351/1174/1153 2344/1112/1091 2352/1154/1133
f 2249/1083/1062 2153/1168/1147 2271/1167/1146
f 2987/1142/1121 2995/1175/1154 2984/1131/1110
f 2153/1168/1147 2263/1145/1124 2273/1176/1155
f 2984/1131/1110 2996/1177/1156 2985/1132/1111
f 3066/1148/1127 3072/1171/1150 3057/1149/1128
f 2357/1158/1137 2358/1178/1157 2347/1126/1105
f 2347/1126/1105 2358/1178/1157 2349/1150/1129
f 2349/1150/1129 2358/1178/1157 2359/1179/1158
f 3067/1151/1130 3058/1129/1108 3075/1180/1159
f 2350/1138/1117 2356/1161/1140 2335/1087/1066
f 3064/1173/1152 3076/1181/1160 3063/1140/1119
f 3059/1172/1151 3072/1171/1150 3071/1182/1161
f 2360/1183/1162 2358/1178/1157 2357/1158/1137
f 2351/1174/1153 2137/1184/1163 2361/1185/1164
f 3063/1140/1119 3076/1181/1160 2993/1164/1143
f 2352/1154/1133 2144/1186/1165 2351/1174/1153
f 2994/1165/1144 2990/1143/1122 2997/1187/1166
f 2991/1144/1123 2994/1165/1144 2997/1187/1166
f 2991/1144/1123 2998/1188/1167 2967/1070/1049
f 2967/1070/1049 2998/1188/1167 2987/1142/1121
f 2987/1142/1121 2998/1188/1167 2995/1175/1154
f 2267/1147/1126 2162/1189/1168 2272/1169/1148
f 2357/1158/1137 2371/1170/1149 2360/1183/1162
f 2371/1170/1149 2370/1190/1169 2142/1191/1170
f 3066/1148/1127 3078/1192/1171 3072/1171/1150
f 3066/1148/1127 3069/1159/1138 3078/1192/1171
f 3060/1137/1116 3067/1151/1130 3069/1159/1138
f 2350/1138/1117 2353/1160/1139 2356/1161/1140
f 2342/1076/1055 3070/1163/1142 3068/1152/1131
f 2274/1193/1172 2269/1166/1145 2158/1194/1173
f 2269/1166/1145 2271/1167/1146 2158/1194/1173
f 2257/1121/1100 2272/1169/1148 1722/1195/1174
f 2371/1170/1149 2190/1196/1175 2360/1183/1162
f 3069/1159/1138 3081/1197/1176 3078/1192/1171
f 2358/1178/1157 2360/1183/1162 2186/1198/1177
f 2349/1150/1129 2362/1199/1178 2354/1200/1179
f 2358/1178/1157 2189/1201/1180 2359/1179/1158
f 3058/1129/1108 3068/1152/1131 3075/1180/1159
f 2349/1150/1129 2359/1179/1158 2362/1199/1178
f 3082/1202/1181 3083/1203/1182 3076/1181/1160
f 2352/1154/1133 2363/1204/1183 2144/1186/1165
f 2352/1154/1133 2346/1130/1109 2363/1204/1183
f 2270/1155/1134 2275/1205/1184 2346/1130/1109
f 2257/1121/1100 2173/1206/1185 2263/1145/1124
f 2257/1121/1100 1722/1195/1174 2173/1206/1185
f 3072/1171/1150 3084/1207/1186 3071/1182/1161
f 3071/1182/1161 3084/1207/1186 3074/1208/1187
f 2371/1170/1149 2142/1191/1170 2190/1196/1175
f 2370/1190/1169 2372/1209/1188 2142/1191/1170
f 2358/1178/1157 2186/1198/1177 2189/1201/1180
f 3069/1159/1138 3067/1151/1130 3075/1180/1159
f 3077/1210/1189 3082/1202/1181 3076/1181/1160
f 2361/1185/1164 2137/1184/1163 2139/1211/1190
f 3076/1181/1160 3083/1203/1182 2993/1164/1143
f 2351/1174/1153 2144/1186/1165 2137/1184/1163
f 2993/1164/1143 3085/1212/1191 2990/1143/1122
f 3085/1212/1191 2999/1213/1192 2990/1143/1122
f 2990/1143/1122 2999/1213/1192 2997/1187/1166
f 2985/1132/1111 2093/1214/1193 2986/1133/1112
f 2992/1156/1135 3000/1215/1194 2268/1134/1113
f 3073/1216/1195 3086/1217/1196 3079/1218/1197
f 2359/1179/1158 2189/1201/1180 2192/1219/1198
f 2359/1179/1158 2192/1219/1198 2362/1199/1178
f 2353/1160/1139 2198/1220/1199 2356/1161/1140
f 3077/1210/1189 3079/1218/1197 3088/1221/1200
f 2140/1222/1201 2372/1209/1188 2361/1185/1164
f 3070/1163/1142 2355/1162/1141 2364/1223/1202
f 3077/1210/1189 3088/1221/1200 3082/1202/1181
f 3083/1203/1182 3085/1212/1191 2993/1164/1143
f 2346/1130/1109 2275/1205/1184 2277/1224/1203
f 3072/1171/1150 3090/1225/1204 3084/1207/1186
f 3078/1192/1171 3090/1225/1204 3072/1171/1150
f 2190/1196/1175 2187/1226/1205 2360/1183/1162
f 2360/1183/1162 2187/1226/1205 2186/1198/1177
f 2142/1191/1170 2372/1209/1188 2140/1222/1201
f 3069/1159/1138 3075/1180/1159 3081/1197/1176
f 3086/1217/1196 3088/1221/1200 3079/1218/1197
f 2362/1199/1178 2192/1219/1198 2354/1200/1179
f 2143/1227/1206 2140/1222/1201 2361/1185/1164
f 2356/1161/1140 2198/1220/1199 2365/1228/1207
f 2361/1185/1164 2139/1211/1190 2143/1227/1206
f 3088/1221/1200 3091/1229/1208 3082/1202/1181
f 3082/1202/1181 3091/1229/1208 3083/1203/1182
f 2137/1184/1163 2144/1186/1165 2138/1230/1209
f 2346/1130/1109 2146/1231/1210 2363/1204/1183
f 2346/1130/1109 2277/1224/1203 2146/1231/1210
f 2274/1193/1172 2158/1194/1173 2276/1232/1211
f 2997/1187/1166 3001/1233/1212 2991/1144/1123
f 2995/1175/1154 2996/1177/1156 2984/1131/1110
f 3078/1192/1171 3093/1234/1213 3090/1225/1204
f 3078/1192/1171 3081/1197/1176 3093/1234/1213
f 3074/1208/1187 3084/1207/1186 3087/1235/1214
f 2192/1219/1198 2195/1236/1215 2354/1200/1179
f 2137/1184/1163 2138/1230/1209 2139/1211/1190
f 2999/1213/1192 3001/1233/1212 2997/1187/1166
f 2271/1167/1146 2153/1168/1147 2158/1194/1173
f 2991/1144/1123 3002/1237/1216 2998/1188/1167
f 2263/1145/1124 2173/1206/1185 2273/1176/1155
f 2985/1132/1111 2996/1177/1156 2093/1214/1193
f 2268/1134/1113 3000/1215/1194 2279/1238/1217
f 2186/1198/1177 2187/1226/1205 2188/1239/1218
f 2186/1198/1177 2188/1239/1218 2189/1201/1180
f 2190/1196/1175 2142/1191/1170 2187/1226/1205
f 3084/1207/1186 3090/1225/1204 3087/1235/1214
f 2140/1222/1201 2141/1240/1219 2142/1191/1170
f 2140/1222/1201 2143/1227/1206 2141/1240/1219
f 3068/1152/1131 2364/1223/1202 3075/1180/1159
f 2353/1160/1139 2193/1241/1220 2198/1220/1199
f 3068/1152/1131 3070/1163/1142 2364/1223/1202
f 2143/1227/1206 2139/1211/1190 2141/1240/1219
f 2144/1186/1165 2145/1242/1221 2138/1230/1209
f 2144/1186/1165 2363/1204/1183 2145/1242/1221
f 2363/1204/1183 2146/1231/1210 2145/1242/1221
f 3085/1212/1191 3094/1243/1222 2999/1213/1192
f 2986/1133/1112 2093/1214/1193 2992/1156/1135
f 3089/1244/1204 3095/1245/1223 3096/1246/1224
f 3092/1247/1225 3095/1245/1223 3089/1244/1204
f 3092/1247/1225 3080/1248/1226 3095/1245/1223
f 2189/1201/1180 2191/1249/1227 2192/1219/1198
f 3089/1244/1204 3096/1246/1224 3086/1217/1196
f 3086/1217/1196 3096/1246/1224 3091/1229/1208
f 2195/1236/1215 2194/1250/1228 2354/1200/1179
f 3086/1217/1196 3091/1229/1208 3088/1221/1200
f 3091/1229/1208 3094/1243/1222 3083/1203/1182
f 3083/1203/1182 3094/1243/1222 3085/1212/1191
f 2146/1231/1210 2147/1251/1229 2145/1242/1221
f 2146/1231/1210 2277/1224/1203 2150/1252/1230
f 3001/1233/1212 3002/1237/1216 2991/1144/1123
f 2158/1194/1173 2153/1168/1147 2154/1253/1231
f 3080/1248/1226 3097/1254/1232 3095/1245/1223
f 2189/1201/1180 2188/1239/1218 2191/1249/1227
f 2142/1191/1170 2151/1255/1233 2187/1226/1205
f 2142/1191/1170 2141/1240/1219 2151/1255/1233
f 3091/1229/1208 3098/1256/1234 3094/1243/1222
f 3001/1233/1212 3003/1257/1235 3002/1237/1216
f 2188/1239/1218 2187/1226/1205 2151/1255/1233
f 3096/1246/1224 3095/1245/1223 3099/1258/1236
f 3096/1246/1224 3099/1258/1236 3091/1229/1208
f 3075/1180/1159 2364/1223/1202 3100/1259/1237
f 2194/1250/1228 2195/1236/1215 2196/1260/1238
f 3099/1258/1236 3101/1261/1239 3091/1229/1208
f 2194/1250/1228 2196/1260/1238 2199/1262/1240
f 2141/1240/1219 2139/1211/1190 2148/1263/1241
f 2139/1211/1190 2138/1230/1209 2148/1263/1241
f 3101/1261/1239 3098/1256/1234 3091/1229/1208
f 3098/1256/1234 3008/1264/1242 3094/1243/1222
f 2146/1231/1210 2150/1252/1230 2147/1251/1229
f 2158/1194/1173 2149/1265/1243 2276/1232/1211
f 3002/1237/1216 3004/1266/1244 2998/1188/1167
f 2192/1219/1198 2191/1249/1227 2200/1267/1245
f 2141/1240/1219 2148/1263/1241 2151/1255/1233
f 2197/1268/1246 2203/1269/1247 2364/1223/1202
f 2147/1251/1229 2152/1270/1248 2145/1242/1221
f 3008/1264/1242 2999/1213/1192 3094/1243/1222
f 2153/1168/1147 1728/1271/1249 2154/1253/1231
f 2273/1176/1155 1728/1271/1249 2153/1168/1147
f 2996/1177/1156 2083/1272/1250 2093/1214/1193
f 2992/1156/1135 2093/1214/1193 3000/1215/1194
f 2278/1273/1251 2162/1189/1168 2267/1147/1126
f 3080/1248/1226 3102/1274/1252 3097/1254/1232
f 2151/1255/1233 2201/1275/1253 2188/1239/1218
f 2157/1276/1254 2201/1275/1253 2151/1255/1233
f 2151/1255/1233 2148/1263/1241 2157/1276/1254
f 2192/1219/1198 2200/1267/1245 2195/1236/1215
f 2364/1223/1202 3104/1277/1255 3100/1259/1237
f 2195/1236/1215 2200/1267/1245 2202/1278/1256
f 2195/1236/1215 2202/1278/1256 2196/1260/1238
f 2364/1223/1202 3105/1279/1257 3104/1277/1255
f 2364/1223/1202 2203/1269/1247 3105/1279/1257
f 2204/1280/1258 2199/1262/1240 2196/1260/1238
f 2148/1263/1241 2138/1230/1209 2155/1281/1259
f 2155/1281/1259 2138/1230/1209 2156/1282/1260
f 3101/1261/1239 3008/1264/1242 3098/1256/1234
f 2138/1230/1209 2145/1242/1221 2156/1282/1260
f 3006/1283/1261 3007/1284/1262 3008/1264/1242
f 3008/1264/1242 3007/1284/1262 2999/1213/1192
f 3007/1284/1262 3001/1233/1212 2999/1213/1192
f 2998/1188/1167 3004/1266/1244 2995/1175/1154
f 2273/1176/1155 2173/1206/1185 1728/1271/1249
f 3000/1215/1194 2281/1285/1263 2279/1238/1217
f 1487/1286/1264 2162/1189/1168 2278/1273/1251
f 3081/1197/1176 3075/1180/1159 3103/1287/1265
f 3095/1245/1223 3097/1254/1232 3099/1258/1236
f 3106/1288/1266 3105/1279/1257 2205/1289/1267
f 3106/1288/1266 3104/1277/1255 3105/1279/1257
f 2206/1290/1268 2208/1291/1269 2210/1292/1270
f 2157/1276/1254 2148/1263/1241 2155/1281/1259
f 2205/1289/1267 3105/1279/1257 2207/1293/1271
f 3105/1279/1257 2203/1269/1247 2207/1293/1271
f 2196/1260/1238 2202/1278/1256 2208/1291/1269
f 2196/1260/1238 2208/1291/1269 2204/1280/1258
f 3101/1261/1239 3006/1283/1261 3008/1264/1242
f 3009/1294/1272 3003/1257/1235 3001/1233/1212
f 2158/1194/1173 2154/1253/1231 2149/1265/1243
f 1722/1195/1174 2272/1169/1148 2162/1189/1168
f 1487/1286/1264 2278/1273/1251 2280/1295/1273
f 2166/1296/1274 2162/1189/1168 1487/1286/1264
f 3107/1297/1275 3097/1254/1232 3102/1274/1252
f 3103/1287/1265 3075/1180/1159 3100/1259/1237
f 2205/1289/1267 3108/1298/1276 3106/1288/1266
f 2209/1299/1277 3108/1298/1276 2205/1289/1267
f 3109/1300/1278 3100/1259/1237 3104/1277/1255
f 2210/1292/1270 2208/1291/1269 2211/1301/1279
f 2202/1278/1256 2211/1301/1279 2208/1291/1269
f 3099/1258/1236 3006/1283/1261 3101/1261/1239
f 3010/1302/1280 3007/1284/1262 3006/1283/1261
f 2152/1270/1248 2147/1251/1229 2160/1303/1281
f 3011/1304/1282 3001/1233/1212 3007/1284/1262
f 2147/1251/1229 2150/1252/1230 2160/1303/1281
f 2995/1175/1154 2083/1272/1250 2996/1177/1156
f 2093/1214/1193 3005/1305/1283 3000/1215/1194
f 3000/1215/1194 3005/1305/1283 2281/1285/1263
f 2188/1239/1218 2212/1306/1284 2191/1249/1227
f 3110/1307/1285 3106/1288/1266 3108/1298/1276
f 2188/1239/1218 2201/1275/1253 2212/1306/1284
f 3109/1300/1278 3104/1277/1255 3106/1288/1266
f 2200/1267/1245 2211/1301/1279 2202/1278/1256
f 3012/1308/1286 3006/1283/1261 3099/1258/1236
f 2156/1282/1260 2145/1242/1221 2161/1309/1287
f 3011/1304/1282 3009/1294/1272 3001/1233/1212
f 2162/1189/1168 1493/1310/1288 1722/1195/1174
f 2281/1285/1263 1902/1311/1289 1488/1312/1290
f 3005/1305/1283 1902/1311/1289 2281/1285/1263
f 3005/1305/1283 1899/1313/1291 1902/1311/1289
f 2209/1299/1277 2214/1314/1292 3108/1298/1276
f 2157/1276/1254 2155/1281/1259 2163/1315/1293
f 2155/1281/1259 2156/1282/1260 2161/1309/1287
f 3006/1283/1261 3012/1308/1286 3010/1302/1280
f 2145/1242/1221 2164/1316/1294 2161/1309/1287
f 2145/1242/1221 2152/1270/1248 2164/1316/1294
f 3010/1302/1280 3011/1304/1282 3007/1284/1262
f 3011/1304/1282 3013/1317/1295 3009/1294/1272
f 3009/1294/1272 3013/1317/1295 3003/1257/1235
f 2149/1265/1243 2154/1253/1231 2165/1318/1296
f 2162/1189/1168 2166/1296/1274 1493/1310/1288
f 3109/1300/1278 3111/1319/1297 3100/1259/1237
f 2200/1267/1245 2213/1320/1298 2211/1301/1279
f 2191/1249/1227 2213/1320/1298 2200/1267/1245
f 3099/1258/1236 3097/1254/1232 3012/1308/1286
f 2159/1321/1281 2149/1265/1243 2165/1318/1296
f 3108/1298/1276 2214/1314/1292 3112/1322/1299
f 2215/1323/1300 2210/1292/1270 2216/1324/1301
f 2211/1301/1279 2216/1324/1301 2210/1292/1270
f 3100/1259/1237 3111/1319/1297 3103/1287/1265
f 3110/1307/1285 3111/1319/1297 3106/1288/1266
f 2201/1275/1253 2157/1276/1254 2212/1306/1284
f 3106/1288/1266 3111/1319/1297 3109/1300/1278
f 2155/1281/1259 2167/1325/1302 2163/1315/1293
f 2155/1281/1259 2161/1309/1287 2167/1325/1302
f 3012/1308/1286 3014/1326/1303 3010/1302/1280
f 3010/1302/1280 3015/1327/1304 3011/1304/1282
f 2164/1316/1294 2152/1270/1248 2168/1328/1305
f 3011/1304/1282 3016/1329/1306 3013/1317/1295
f 3003/1257/1235 3017/1330/1307 3002/1237/1216
f 2093/1214/1193 2088/1331/1308 3005/1305/1283
f 1487/1286/1264 1493/1310/1288 2166/1296/1274
f 3108/1298/1276 3112/1322/1299 3113/1332/1309
f 2211/1301/1279 2217/1333/1310 2216/1324/1301
f 2212/1306/1284 2157/1276/1254 2218/1334/1311
f 2211/1301/1279 2213/1320/1298 2217/1333/1310
f 2163/1315/1293 2218/1334/1311 2157/1276/1254
f 2160/1303/1281 2170/1335/1312 2152/1270/1248
f 3003/1257/1235 3013/1317/1295 3017/1330/1307
f 2085/1336/1313 2083/1272/1250 2995/1175/1154
f 3005/1305/1283 2088/1331/1308 1899/1313/1291
f 1486/1337/1314 1489/1338/1315 1492/1339/1316
f 3108/1298/1276 3113/1332/1309 3110/1307/1285
f 3111/1319/1297 3110/1307/1285 3103/1287/1265
f 3107/1297/1275 3102/1274/1252 3114/1340/1317
f 2213/1320/1298 2191/1249/1227 2219/1341/1318
f 3107/1297/1275 3020/1342/1319 3097/1254/1232
f 3097/1254/1232 3020/1342/1319 3012/1308/1286
f 2218/1334/1311 2163/1315/1293 2171/1343/1320
f 2167/1325/1302 2171/1343/1320 2163/1315/1293
f 2161/1309/1287 2164/1316/1294 2172/1344/1321
f 3010/1302/1280 3014/1326/1303 3015/1327/1304
f 2159/1321/1281 2165/1318/1296 2169/1345/1312
f 3002/1237/1216 3017/1330/1307 2101/1346/1322
f 2995/1175/1154 3004/1266/1244 2085/1336/1313
f 2216/1324/1301 2217/1333/1310 2220/1347/1323
f 2212/1306/1284 2219/1341/1318 2191/1249/1227
f 2212/1306/1284 2218/1334/1311 2219/1341/1318
f 2219/1341/1318 2217/1333/1310 2213/1320/1298
f 3107/1297/1275 3114/1340/1317 3020/1342/1319
f 3012/1308/1286 3018/1348/1324 3014/1326/1303
f 3014/1326/1303 3019/1349/1325 3015/1327/1304
f 3015/1327/1304 3019/1349/1325 3011/1304/1282
f 3019/1349/1325 3016/1329/1306 3011/1304/1282
f 2173/1206/1185 1725/1350/1326 1728/1271/1249
f 2214/1314/1292 2221/1351/1327 3112/1322/1299
f 2216/1324/1301 2222/1352/1328 2215/1323/1300
f 3113/1332/1309 3115/1353/1329 3110/1307/1285
f 3103/1287/1265 3110/1307/1285 3117/1354/1330
f 2217/1333/1310 2219/1341/1318 2223/1355/1331
f 3012/1308/1286 3020/1342/1319 3021/1356/1332
f 3012/1308/1286 3021/1356/1332 3018/1348/1324
f 3014/1326/1303 3018/1348/1324 3022/1357/1333
f 2167/1325/1302 2161/1309/1287 2174/1358/1334
f 2161/1309/1287 2172/1344/1321 2174/1358/1334
f 3014/1326/1303 3022/1357/1333 3019/1349/1325
f 2164/1316/1294 2168/1328/1305 2172/1344/1321
f 3013/1317/1295 3016/1329/1306 3017/1330/1307
f 2093/1214/1193 2090/1359/1335 2088/1331/1308
f 1494/1360/1336 1499/1361/1337 1723/1362/1174
f 1902/1311/1289 1497/1363/1338 1488/1312/1290
f 1486/1337/1314 1495/1364/1339 1489/1338/1315
f 3112/1322/1299 2221/1351/1327 3118/1365/1340
f 3112/1322/1299 3118/1365/1340 3113/1332/1309
f 3113/1332/1309 3118/1365/1340 3115/1353/1329
f 3102/1274/1252 3116/1366/1341 3114/1340/1317
f 3021/1356/1332 3020/1342/1319 3018/1348/1324
f 3018/1348/1324 3023/1367/1342 3022/1357/1333
f 2168/1328/1305 2175/1368/1343 2172/1344/1321
f 2154/1253/1231 1744/1369/1344 2165/1318/1296
f 2101/1346/1322 2103/1370/1345 3002/1237/1216
f 3002/1237/1216 2103/1370/1345 3004/1266/1244
f 2082/1371/1346 2084/1372/1347 2086/1373/1348
f 2173/1206/1185 1722/1195/1174 1725/1350/1326
f 2087/1374/1349 2089/1375/1350 2091/1376/1351
f 2087/1374/1349 2091/1376/1351 1898/1377/1352
f 1492/1339/1316 1489/1338/1315 1498/1378/1353
f 3117/1354/1330 3110/1307/1285 3120/1379/1354
f 2223/1355/1331 2219/1341/1318 2224/1380/1355
f 2218/1334/1311 2178/1381/1356 2219/1341/1318
f 2218/1334/1311 2171/1343/1320 2178/1381/1356
f 2171/1343/1320 2167/1325/1302 2176/1382/1357
f 2174/1358/1334 2177/1383/1358 2167/1325/1302
f 3023/1367/1342 3024/1384/1359 3022/1357/1333
f 3022/1357/1333 3024/1384/1359 3019/1349/1325
f 3016/1329/1306 3025/1385/1360 3017/1330/1307
f 2092/1386/1361 2094/1387/1362 2089/1375/1350
f 1900/1388/1363 1901/1389/1364 1903/1390/1365
f 2221/1351/1327 2228/1391/1366 3118/1365/1340
f 2216/1324/1301 2220/1347/1323 2225/1392/1367
f 2219/1341/1318 2226/1393/1368 2224/1380/1355
f 2217/1333/1310 2223/1355/1331 2224/1380/1355
f 2171/1343/1320 2176/1382/1357 2178/1381/1356
f 3018/1348/1324 3020/1342/1319 3023/1367/1342
f 2177/1383/1358 2174/1358/1334 2179/1394/1369
f 2172/1344/1321 2179/1394/1369 2174/1358/1334
f 3024/1384/1359 3026/1395/1370 3019/1349/1325
f 2172/1344/1321 2175/1368/1343 2179/1394/1369
f 3019/1349/1325 3026/1395/1370 3016/1329/1306
f 2152/1270/1248 2170/1335/1312 2168/1328/1305
f 2083/1272/1250 2095/1396/1371 2093/1214/1193
f 1723/1362/1174 1724/1397/1372 1726/1398/1373
f 1723/1362/1174 1499/1361/1337 1724/1397/1372
f 2094/1387/1362 2091/1376/1351 2089/1375/1350
f 2216/1324/1301 2225/1392/1367 2222/1352/1328
f 3118/1365/1340 3121/1399/1374 3115/1353/1329
f 3115/1353/1329 3120/1379/1354 3110/1307/1285
f 2224/1380/1355 2220/1347/1323 2217/1333/1310
f 3023/1367/1342 3027/1400/1375 3024/1384/1359
f 3027/1400/1375 3028/1401/1376 3024/1384/1359
f 3016/1329/1306 3026/1395/1370 3029/1402/1377
f 2175/1368/1343 2168/1328/1305 2180/1403/1378
f 3016/1329/1306 3029/1402/1377 3025/1385/1360
f 3017/1330/1307 3030/1404/1379 2101/1346/1322
f 2154/1253/1231 1731/1405/1380 1744/1369/1344
f 2154/1253/1231 1728/1271/1249 1731/1405/1380
f 2082/1371/1346 2086/1373/1348 2094/1387/1362
f 2094/1387/1362 2096/1406/1381 2091/1376/1351
f 2091/1376/1351 1905/1407/1382 1898/1377/1352
f 3114/1340/1317 3119/1408/1354 3035/1409/1383
f 2219/1341/1318 2178/1381/1356 2226/1393/1368
f 3114/1340/1317 3035/1409/1383 3020/1342/1319
f 3114/1340/1317 3116/1366/1341 3119/1408/1354
f 3020/1342/1319 3031/1410/1384 3023/1367/1342
f 2167/1325/1302 2181/1411/1385 2176/1382/1357
f 3023/1367/1342 3031/1410/1384 3027/1400/1375
f 2167/1325/1302 2177/1383/1358 2181/1411/1385
f 2168/1328/1305 1737/1412/1386 2180/1403/1378
f 2168/1328/1305 2170/1335/1312 1737/1412/1386
f 2169/1345/1312 2165/1318/1296 1740/1413/1387
f 2106/1414/1388 3004/1266/1244 2103/1370/1345
f 2106/1414/1388 2085/1336/1313 3004/1266/1244
f 2084/1372/1347 2094/1387/1362 2086/1373/1348
f 2084/1372/1347 2096/1406/1381 2094/1387/1362
f 1496/1415/1339 1903/1390/1365 1901/1389/1364
f 1500/1416/1389 1489/1338/1315 1495/1364/1339
f 3032/1417/1390 3027/1400/1375 3033/1418/1391
f 3027/1400/1375 3034/1419/1392 3028/1401/1376
f 1750/1420/1393 2179/1394/1369 2175/1368/1343
f 1754/1421/1394 2175/1368/1343 2180/1403/1378
f 1750/1420/1393 2175/1368/1343 1754/1421/1394
f 3017/1330/1307 3025/1385/1360 3030/1404/1379
f 1499/1361/1337 1503/1422/1395 1724/1397/1372
f 1503/1422/1395 1499/1361/1337 1491/1423/1396
f 3118/1365/1340 2228/1391/1366 3121/1399/1374
f 3020/1342/1319 3035/1409/1383 3036/1424/1397
f 3031/1410/1384 3020/1342/1319 3036/1424/1397
f 3027/1400/1375 3031/1410/1384 3037/1425/1398
f 3033/1418/1391 3027/1400/1375 3037/1425/1398
f 3038/1426/1399 3027/1400/1375 3032/1417/1390
f 3028/1401/1376 3039/1427/1400 3024/1384/1359
f 2180/1403/1378 1737/1412/1386 1754/1421/1394
f 2091/1376/1351 2096/1406/1381 1905/1407/1382
f 2226/1393/1368 2227/1428/1401 2224/1380/1355
f 2176/1382/1357 2182/1429/1402 2178/1381/1356
f 3038/1426/1399 3034/1419/1392 3027/1400/1375
f 3039/1427/1400 3026/1395/1370 3024/1384/1359
f 2170/1335/1312 1742/1430/1403 1737/1412/1386
f 2165/1318/1296 1744/1369/1344 1740/1413/1387
f 3030/1404/1379 2098/1431/1404 2101/1346/1322
f 1726/1398/1373 1724/1397/1372 1727/1432/1405
f 1900/1388/1363 1904/1433/1406 1901/1389/1364
f 1496/1415/1339 1901/1389/1364 1507/1434/1407
f 2222/1352/1328 2225/1392/1367 2229/1435/1408
f 2224/1380/1355 2227/1428/1401 2220/1347/1323
f 3119/1408/1354 1986/1436/1409 3035/1409/1383
f 2178/1381/1356 2182/1429/1402 2226/1393/1368
f 3030/1404/1379 3025/1385/1360 2110/1437/1410
f 2097/1438/1411 2099/1439/1412 2100/1440/1413
f 2100/1440/1413 2099/1439/1412 2102/1441/1414
f 1729/1442/1415 1730/1443/1416 1732/1444/1417
f 1729/1442/1415 1726/1398/1373 1730/1443/1416
f 1900/1388/1363 1906/1445/1382 1904/1433/1406
f 2220/1347/1323 2230/1446/1418 2225/1392/1367
f 2220/1347/1323 2227/1428/1401 2230/1446/1418
f 3036/1424/1397 3041/1447/1419 3031/1410/1384
f 3039/1427/1400 3029/1402/1377 3026/1395/1370
f 1726/1398/1373 1733/1448/1420 1730/1443/1416
f 1727/1432/1405 1733/1448/1420 1726/1398/1373
f 2096/1406/1381 2084/1372/1347 2104/1449/1421
f 1502/1450/1422 1490/1451/1423 1504/1452/1424
f 3121/1399/1374 2228/1391/1366 1981/1453/1425
f 3031/1410/1384 3041/1447/1419 3037/1425/1398
f 3029/1402/1377 2114/1454/1426 3025/1385/1360
f 3025/1385/1360 2114/1454/1426 2110/1437/1410
f 1754/1421/1394 1737/1412/1386 1735/1455/1427
f 3030/1404/1379 2110/1437/1410 2098/1431/1404
f 2105/1456/1428 2107/1457/1429 2084/1372/1347
f 2096/1406/1381 2104/1449/1421 1905/1407/1382
f 1495/1364/1339 1506/1458/1430 1500/1416/1389
f 3115/1353/1329 3046/1459/1431 3120/1379/1354
f 2227/1428/1401 2231/1460/1432 2230/1446/1418
f 2226/1393/1368 1660/1461/1433 2227/1428/1401
f 3037/1425/1398 3041/1447/1419 3042/1462/1434
f 3040/1463/1435 3029/1402/1377 3039/1427/1400
f 1754/1421/1394 1752/1464/1436 1750/1420/1393
f 1734/1465/1437 1736/1466/1438 1738/1467/1439
f 1736/1466/1438 1741/1468/1440 1738/1467/1439
f 1745/1469/1441 1747/1470/1442 1743/1471/1387
f 1745/1469/1441 1732/1444/1417 1747/1470/1442
f 2102/1441/1414 2107/1457/1429 2105/1456/1428
f 2107/1457/1429 2108/1472/1443 2084/1372/1347
f 2084/1372/1347 2108/1472/1443 2104/1449/1421
f 2225/1392/1367 2232/1473/1444 2229/1435/1408
f 2228/1391/1366 1993/1474/1445 1981/1453/1425
f 2225/1392/1367 2230/1446/1418 2233/1475/1446
f 3121/1399/1374 1981/1453/1425 3115/1353/1329
f 3115/1353/1329 1981/1453/1425 3046/1459/1431
f 2183/1476/1447 2182/1429/1402 2176/1382/1357
f 2109/1477/1448 2111/1478/1449 2112/1479/1450
f 2109/1477/1448 2112/1479/1450 2097/1438/1411
f 1503/1422/1395 1505/1480/1451 1724/1397/1372
f 1901/1389/1364 1511/1481/1452 1507/1434/1407
f 1508/1482/1453 1509/1483/1454 1501/1484/1455
f 2225/1392/1367 2233/1475/1446 2234/1485/1456
f 3042/1462/1434 3041/1447/1419 3043/1486/1457
f 3035/1409/1383 1986/1436/1409 3036/1424/1397
f 1660/1461/1433 2231/1460/1432 2227/1428/1401
f 3120/1379/1354 3046/1459/1431 1987/1487/1458
f 3040/1463/1435 2120/1488/1459 3029/1402/1377
f 2109/1477/1448 2113/1489/1460 2115/1490/1461
f 1732/1444/1417 1730/1443/1416 1747/1470/1442
f 2099/1439/1412 2116/1491/1462 2102/1441/1414
f 2116/1491/1462 2107/1457/1429 2102/1441/1414
f 1730/1443/1416 1733/1448/1420 1748/1492/1463
f 1733/1448/1420 1727/1432/1405 1749/1493/1464
f 2225/1392/1367 2234/1485/1456 2232/1473/1444
f 2230/1446/1418 1687/1494/1465 2233/1475/1446
f 3041/1447/1419 3044/1495/1466 3043/1486/1457
f 2226/1393/1368 2182/1429/1402 1660/1461/1433
f 3044/1495/1466 3041/1447/1419 3045/1496/1467
f 3029/1402/1377 2120/1488/1459 2119/1497/1468
f 1753/1498/1469 1734/1465/1437 1751/1499/1470
f 1738/1467/1439 1741/1468/1440 1746/1500/1471
f 2108/1472/1443 2107/1457/1429 2117/1501/1472
f 1906/1445/1382 1908/1502/1473 1904/1433/1406
f 1501/1484/1455 1504/1452/1424 1490/1451/1423
f 1904/1433/1406 1909/1503/1474 1901/1389/1364
f 3036/1424/1397 1986/1436/1409 2045/1504/1475
f 3036/1424/1397 2045/1504/1475 3041/1447/1419
f 2182/1429/1402 2184/1505/1476 1655/1506/1477
f 2183/1476/1447 2184/1505/1476 2182/1429/1402
f 2114/1454/1426 3029/1402/1377 2119/1497/1468
f 2111/1478/1449 2109/1477/1448 2115/1490/1461
f 1756/1507/1478 1739/1508/1479 1747/1470/1442
f 1756/1507/1478 1747/1470/1442 1757/1509/1480
f 1747/1470/1442 1730/1443/1416 1757/1509/1480
f 1748/1492/1463 1757/1509/1480 1730/1443/1416
f 2099/1439/1412 2118/1510/1481 2116/1491/1462
f 1727/1432/1405 1724/1397/1372 1531/1511/1482
f 1531/1511/1482 1724/1397/1372 1516/1512/1483
f 2104/1449/1421 1907/1513/1484 1905/1407/1382
f 1509/1483/1454 1504/1452/1424 1501/1484/1455
f 1511/1481/1452 1901/1389/1364 1909/1503/1474
f 1510/1514/1485 1509/1483/1454 1508/1482/1453
f 1687/1494/1465 2230/1446/1418 2231/1460/1432
f 2185/1515/1486 2182/1429/1402 1655/1506/1477
f 2045/1504/1475 3045/1496/1467 3041/1447/1419
f 2029/1516/1487 2121/1517/1488 2113/1489/1460
f 2115/1490/1461 2122/1518/1489 2111/1478/1449
f 2111/1478/1449 2122/1518/1489 2112/1479/1450
f 2112/1479/1450 2123/1519/1490 2097/1438/1411
f 2097/1438/1411 2123/1519/1490 2099/1439/1412
f 2099/1439/1412 2123/1519/1490 2118/1510/1481
f 1748/1492/1463 1733/1448/1420 1758/1520/1491
f 2107/1457/1429 2116/1491/1462 2117/1501/1472
f 2117/1501/1472 2104/1449/1421 2108/1472/1443
f 1908/1502/1473 1910/1521/1492 1904/1433/1406
f 1911/1522/1493 1909/1503/1474 1904/1433/1406
f 1512/1523/1494 1510/1514/1485 1508/1482/1453
f 2229/1435/1408 2232/1473/1444 1679/1524/1495
f 2228/1391/1366 1678/1525/1496 1993/1474/1445
f 1981/1453/1425 1984/1526/1497 3046/1459/1431
f 2113/1489/1460 2121/1517/1488 2115/1490/1461
f 2115/1490/1461 2124/1527/1498 2122/1518/1489
f 1755/1528/1478 1759/1529/1499 1738/1467/1439
f 1756/1507/1478 1757/1509/1480 1761/1530/1500
f 1904/1433/1406 1910/1521/1492 1911/1522/1493
f 1504/1452/1424 1509/1483/1454 1513/1531/1501
f 2234/1485/1456 1666/1532/1502 2232/1473/1444
f 2182/1429/1402 2185/1515/1486 1660/1461/1433
f 3045/1496/1467 2036/1533/1503 3044/1495/1466
f 2045/1504/1475 2036/1533/1503 3045/1496/1467
f 1751/1499/1470 1734/1465/1437 1762/1534/1504
f 1738/1467/1439 1759/1529/1499 1734/1465/1437
f 2112/1479/1450 2122/1518/1489 2123/1519/1490
f 2122/1518/1489 2118/1510/1481 2123/1519/1490
f 2118/1510/1481 2125/1535/1505 2116/1491/1462
f 2116/1491/1462 2126/1536/1506 2117/1501/1472
f 1733/1448/1420 1749/1493/1464 1758/1520/1491
f 1727/1432/1405 1531/1511/1482 1749/1493/1464
f 1724/1397/1372 1505/1480/1451 1516/1512/1483
f 1509/1483/1454 1510/1514/1485 1514/1537/1507
f 2233/1475/1446 1687/1494/1465 1690/1538/1508
f 2231/1460/1432 1660/1461/1433 1663/1539/1509
f 1734/1465/1437 1759/1529/1499 1762/1534/1504
f 1759/1529/1499 1755/1528/1478 1764/1540/1510
f 1748/1492/1463 1766/1541/1511 1757/1509/1480
f 2116/1491/1462 2125/1535/1505 2126/1536/1506
f 2104/1449/1421 1912/1542/1512 1907/1513/1484
f 1515/1543/1513 1504/1452/1424 1517/1544/1514
f 1509/1483/1454 1514/1537/1507 1513/1531/1501
f 2233/1475/1446 1666/1532/1502 2234/1485/1456
f 2185/1515/1486 1658/1545/1515 1660/1461/1433
f 2231/1460/1432 1663/1539/1509 1670/1546/1516
f 1751/1499/1470 1762/1534/1504 1763/1547/1517
f 1755/1528/1478 1760/1548/1518 1764/1540/1510
f 1748/1492/1463 1758/1520/1491 1766/1541/1511
f 1909/1503/1474 1911/1522/1493 1519/1549/1519
f 1512/1523/1494 1520/1550/1520 1510/1514/1485
f 2232/1473/1444 1666/1532/1502 1679/1524/1495
f 3044/1495/1466 2033/1551/1521 3043/1486/1457
f 1980/1552/1522 1982/1553/1523 1983/1554/1524
f 3044/1495/1466 2036/1533/1503 2033/1551/1521
f 2039/1555/1525 2121/1517/1488 2029/1516/1487
f 2121/1517/1488 2124/1527/1498 2115/1490/1461
f 1761/1530/1500 1757/1509/1480 1766/1541/1511
f 2104/1449/1421 2117/1501/1472 1912/1542/1512
f 1531/1511/1482 1516/1512/1483 1518/1556/1526
f 1511/1481/1452 1909/1503/1474 1519/1549/1519
f 1510/1514/1485 1521/1557/1527 1514/1537/1507
f 1666/1532/1502 1681/1558/1528 1679/1524/1495
f 2233/1475/1446 1668/1559/1529 1666/1532/1502
f 2045/1504/1475 1986/1436/1409 1989/1560/1530
f 3046/1459/1431 1984/1526/1497 1987/1487/1458
f 2034/1561/1531 2037/1562/1532 2038/1563/1533
f 1659/1564/1534 1661/1565/1535 1662/1566/1536
f 2031/1567/1537 2040/1568/1538 2030/1569/1539
f 2039/1555/1525 2127/1570/1540 2121/1517/1488
f 1762/1534/1504 1767/1571/1541 1763/1547/1517
f 1764/1540/1510 1760/1548/1518 1765/1572/1542
f 1764/1540/1510 1765/1572/1542 1759/1529/1499
f 2122/1518/1489 2128/1573/1543 2118/1510/1481
f 2118/1510/1481 2128/1573/1543 2125/1535/1505
f 1513/1531/1501 1517/1544/1514 1504/1452/1424
f 1520/1550/1520 1521/1557/1527 1510/1514/1485
f 2233/1475/1446 1690/1538/1508 1668/1559/1529
f 2231/1460/1432 1670/1546/1516 1687/1494/1465
f 1659/1564/1534 1657/1574/1544 1661/1565/1535
f 2037/1562/1532 2041/1575/1545 2038/1563/1533
f 2032/1576/1546 2042/1577/1547 2031/1567/1537
f 2127/1570/1540 2056/1578/1548 2121/1517/1488
f 2121/1517/1488 2056/1578/1548 2124/1527/1498
f 1759/1529/1499 1767/1571/1541 1762/1534/1504
f 2124/1527/1498 2129/1579/1549 2122/1518/1489
f 1908/1502/1473 1913/1580/1550 1914/1581/1551
f 1911/1522/1493 1525/1582/1552 1519/1549/1519
f 1521/1557/1527 1522/1583/1553 1514/1537/1507
f 1514/1537/1507 1522/1583/1553 1513/1531/1501
f 1993/1474/1445 1678/1525/1496 1676/1584/1554
f 1664/1585/1555 1665/1586/1556 1667/1587/1529
f 1985/1588/1557 1983/1554/1524 1988/1589/1558
f 2034/1561/1531 2038/1563/1533 2043/1590/1559
f 2044/1591/1560 1988/1589/1558 2035/1592/1561
f 1662/1566/1536 1661/1565/1535 1669/1593/1562
f 1657/1574/1544 1672/1594/1563 1661/1565/1535
f 2037/1562/1532 2046/1595/1564 2041/1575/1545
f 2047/1596/1565 2048/1597/1566 2049/1598/1567
f 2049/1598/1567 2048/1597/1566 2050/1599/1568
f 2050/1599/1568 2048/1597/1566 2051/1600/1569
f 2050/1599/1568 2051/1600/1569 2052/1601/1570
f 2052/1601/1570 2042/1577/1547 2032/1576/1546
f 2051/1600/1569 2042/1577/1547 2052/1601/1570
f 2040/1568/1538 2031/1567/1537 2042/1577/1547
f 2039/1555/1525 2056/1578/1548 2127/1570/1540
f 1767/1571/1541 1759/1529/1499 1769/1602/1571
f 1769/1602/1571 1759/1529/1499 1765/1572/1542
f 2129/1579/1549 2128/1573/1543 2122/1518/1489
f 1766/1541/1511 1758/1520/1491 1771/1603/1572
f 1772/1604/1573 1758/1520/1491 1749/1493/1464
f 1749/1493/1464 1531/1511/1482 1772/1604/1573
f 1524/1605/1574 1520/1550/1520 1526/1606/1575
f 1524/1605/1574 1521/1557/1527 1520/1550/1520
f 1990/1607/1576 1983/1554/1524 1991/1608/1577
f 2041/1575/1545 2047/1596/1565 2043/1590/1559
f 2046/1595/1564 2047/1596/1565 2041/1575/1545
f 2048/1597/1566 2047/1596/1565 2046/1595/1564
f 2049/1598/1567 2050/1599/1568 2052/1601/1570
f 1768/1609/1578 1763/1547/1517 1773/1610/1579
f 1763/1547/1517 1774/1611/1580 1773/1610/1579
f 1774/1611/1580 1763/1547/1517 1767/1571/1541
f 2056/1578/1548 2130/1612/1581 2124/1527/1498
f 1524/1605/1574 1522/1583/1553 1521/1557/1527
f 1675/1613/1582 1677/1614/1583 1680/1615/1584
f 1680/1615/1584 1665/1586/1556 1682/1616/1585
f 1682/1616/1585 1665/1586/1556 1664/1585/1555
f 1982/1553/1523 1991/1608/1577 1983/1554/1524
f 1988/1589/1558 1983/1554/1524 1990/1607/1576
f 1656/1617/1586 1683/1618/1587 1671/1619/1588
f 2038/1563/1533 2041/1575/1545 2043/1590/1559
f 1685/1620/1589 1683/1618/1587 1656/1617/1586
f 1656/1617/1586 1673/1621/1590 1685/1620/1589
f 1580/1622/1591 1693/1623/1592 1673/1621/1590
f 2052/1601/1570 2053/1624/1593 2049/1598/1567
f 1581/1625/1594 1775/1626/1595 1694/1627/1596
f 1775/1626/1595 1773/1610/1579 1694/1627/1596
f 1775/1626/1595 1768/1609/1578 1773/1610/1579
f 2051/1600/1569 2055/1628/1597 2042/1577/1547
f 2042/1577/1547 2055/1628/1597 2040/1568/1538
f 2054/1629/1598 2056/1578/1548 2039/1555/1525
f 1773/1610/1579 1774/1611/1580 1776/1630/1599
f 1774/1611/1580 1767/1571/1541 1776/1630/1599
f 1767/1571/1541 1769/1602/1571 1777/1631/1600
f 2124/1527/1498 2130/1612/1581 2129/1579/1549
f 1524/1605/1574 1528/1632/1601 1522/1583/1553
f 1522/1583/1553 1529/1633/1602 1513/1531/1501
f 1992/1634/1603 1674/1635/1582 1994/1636/1604
f 1686/1637/1465 1688/1638/1605 1689/1639/1606
f 1990/1607/1576 1995/1640/1607 1988/1589/1558
f 1991/1608/1577 1995/1640/1607 1990/1607/1576
f 1669/1593/1562 1661/1565/1535 1691/1641/1608
f 1685/1620/1589 1692/1642/1609 1683/1618/1587
f 2037/1562/1532 2058/1643/1610 2046/1595/1564
f 2047/1596/1565 2049/1598/1567 2043/1590/1559
f 2051/1600/1569 2046/1595/1564 2055/1628/1597
f 2048/1597/1566 2046/1595/1564 2051/1600/1569
f 1673/1621/1590 1693/1623/1592 1695/1644/1611
f 1694/1627/1596 1773/1610/1579 1778/1645/1612
f 1773/1610/1579 1776/1630/1599 1778/1645/1612
f 1767/1571/1541 1777/1631/1600 1776/1630/1599
f 2128/1573/1543 2129/1579/1549 2125/1535/1505
f 2117/1501/1472 1917/1646/1613 1912/1542/1512
f 1530/1647/1614 1517/1544/1514 1532/1648/1615
f 1911/1522/1493 1910/1521/1492 1915/1649/1616
f 1911/1522/1493 1915/1649/1616 1916/1650/1617
f 1911/1522/1493 1916/1650/1617 1525/1582/1552
f 1669/1593/1562 1691/1641/1608 1686/1637/1465
f 1995/1640/1607 1996/1651/1618 1988/1589/1558
f 1995/1640/1607 1991/1608/1577 1996/1651/1618
f 1988/1589/1558 2057/1652/1610 2035/1592/1561
f 1685/1620/1589 1696/1653/1619 1692/1642/1609
f 2046/1595/1564 2058/1643/1610 2001/1654/1620
f 1673/1621/1590 1696/1653/1619 1685/1620/1589
f 1673/1621/1590 1695/1644/1611 1696/1653/1619
f 2053/1624/1593 2043/1590/1559 2049/1598/1567
f 1695/1644/1611 1693/1623/1592 1697/1655/1621
f 1694/1627/1596 1778/1645/1612 1698/1656/1622
f 2054/1629/1598 2059/1657/1623 2056/1578/1548
f 1777/1631/1600 1769/1602/1571 1779/1658/1624
f 1908/1502/1473 1914/1581/1551 1910/1521/1492
f 1992/1634/1603 1982/1553/1523 1980/1552/1522
f 1996/1651/1618 1997/1659/1625 1988/1589/1558
f 1996/1651/1618 1982/1553/1523 1997/1659/1625
f 1982/1553/1523 1998/1660/1626 1991/1608/1577
f 1691/1641/1608 1699/1661/1627 1686/1637/1465
f 1982/1553/1523 1996/1651/1618 1998/1660/1626
f 1991/1608/1577 1998/1660/1626 1996/1651/1618
f 1988/1589/1558 1997/1659/1625 2057/1652/1610
f 1661/1565/1535 1672/1594/1563 1691/1641/1608
f 1672/1594/1563 1684/1662/1628 1700/1663/1629
f 1696/1653/1619 1701/1664/1630 1692/1642/1609
f 1696/1653/1619 1695/1644/1611 1701/1664/1630
f 1697/1655/1621 1702/1665/1631 1695/1644/1611
f 1776/1630/1599 1698/1656/1622 1778/1645/1612
f 2056/1578/1548 2059/1657/1623 2130/1612/1581
f 2117/1501/1472 2126/1536/1506 1917/1646/1613
f 1913/1580/1550 1918/1666/1632 1914/1581/1551
f 1525/1582/1552 1919/1667/1633 1527/1668/1634
f 1525/1582/1552 1527/1668/1634 1523/1669/1635
f 1522/1583/1553 1534/1670/1636 1529/1633/1602
f 1680/1615/1584 1682/1616/1585 1675/1613/1582
f 1664/1585/1555 1667/1587/1529 1704/1671/1637
f 1997/1659/1625 2000/1672/1620 2057/1652/1610
f 1692/1642/1609 1701/1664/1630 1683/1618/1587
f 1695/1644/1611 1702/1665/1631 1701/1664/1630
f 1776/1630/1599 1703/1673/1638 1698/1656/1622
f 2060/1674/1639 2059/1657/1623 2054/1629/1598
f 1769/1602/1571 1765/1572/1542 1779/1658/1624
f 1765/1572/1542 1770/1675/1640 1779/1658/1624
f 1664/1585/1555 1704/1671/1637 1682/1616/1585
f 1997/1659/1625 1982/1553/1523 1999/1676/1641
f 1997/1659/1625 1999/1676/1641 2000/1672/1620
f 1672/1594/1563 1700/1663/1629 1691/1641/1608
f 1776/1630/1599 1777/1631/1600 1703/1673/1638
f 2129/1579/1549 2131/1677/1642 2125/1535/1505
f 2125/1535/1505 2131/1677/1642 2126/1536/1506
f 1910/1521/1492 1914/1581/1551 1915/1649/1616
f 1513/1531/1501 1535/1678/1643 1517/1544/1514
f 1916/1650/1617 1919/1667/1633 1525/1582/1552
f 1667/1587/1529 1682/1616/1585 1704/1671/1637
f 1667/1587/1529 1689/1639/1606 1682/1616/1585
f 1684/1662/1628 1705/1679/1644 1700/1663/1629
f 2060/1674/1639 2061/1680/1645 2059/1657/1623
f 1779/1658/1624 1770/1675/1640 1780/1681/1646
f 1771/1603/1572 1758/1520/1491 1782/1682/1647
f 1758/1520/1491 1772/1604/1573 1782/1682/1647
f 1531/1511/1482 1533/1683/1648 1772/1604/1573
f 1920/1684/1649 1914/1581/1551 1918/1666/1632
f 2002/1685/1650 1992/1634/1603 1994/1636/1604
f 1688/1638/1605 1686/1637/1465 1706/1686/1651
f 1706/1686/1651 1686/1637/1465 1699/1661/1627
f 1683/1618/1587 1701/1664/1630 1582/1687/1652
f 1582/1687/1652 1701/1664/1630 1584/1688/1653
f 1584/1688/1653 1701/1664/1630 1702/1665/1631
f 1914/1581/1551 1916/1650/1617 1915/1649/1616
f 1916/1650/1617 1921/1689/1654 1919/1667/1633
f 1674/1635/1582 1711/1690/1655 1994/1636/1604
f 1999/1676/1641 2003/1691/1656 2000/1672/1620
f 1691/1641/1608 1700/1663/1629 1699/1661/1627
f 1684/1662/1628 1583/1692/1657 1705/1679/1644
f 2001/1654/1620 2064/1693/1658 2046/1595/1564
f 2046/1595/1564 2064/1693/1658 2055/1628/1597
f 2059/1657/1623 2066/1694/1659 2130/1612/1581
f 1777/1631/1600 1779/1658/1624 1784/1695/1660
f 2130/1612/1581 2132/1696/1661 2129/1579/1549
f 1532/1648/1615 1536/1697/1662 1537/1698/1663
f 1532/1648/1615 1517/1544/1514 1536/1697/1662
f 1513/1531/1501 1529/1633/1602 1535/1678/1643
f 1982/1553/1523 1992/1634/1603 2002/1685/1650
f 1689/1639/1606 1688/1638/1605 1707/1699/1664
f 1999/1676/1641 1982/1553/1523 2004/1700/1665
f 1702/1665/1631 1586/1701/1666 1584/1688/1653
f 2060/1674/1639 2054/1629/1598 2065/1702/1667
f 1702/1665/1631 1783/1703/1668 1586/1701/1666
f 1703/1673/1638 1777/1631/1600 1784/1695/1660
f 2059/1657/1623 2061/1680/1645 2066/1694/1659
f 1780/1681/1646 1784/1695/1660 1779/1658/1624
f 2130/1612/1581 2066/1694/1659 2132/1696/1661
f 1770/1675/1640 1781/1704/1669 1780/1681/1646
f 2126/1536/1506 2133/1705/1670 1917/1646/1613
f 1914/1581/1551 1922/1706/1671 1916/1650/1617
f 1916/1650/1617 1922/1706/1671 1921/1689/1654
f 1919/1667/1633 1923/1707/1672 1527/1668/1634
f 1682/1616/1585 1689/1639/1606 1707/1699/1664
f 2005/1708/1673 2006/1709/1674 1982/1553/1523
f 1699/1661/1627 1700/1663/1629 1706/1686/1651
f 1705/1679/1644 1583/1692/1657 1700/1663/1629
f 2054/1629/1598 2063/1710/1675 2065/1702/1667
f 2132/1696/1661 2134/1711/1676 2129/1579/1549
f 2129/1579/1549 2134/1711/1676 2131/1677/1642
f 1772/1604/1573 1533/1683/1648 1539/1712/1677
f 1517/1544/1514 1535/1678/1643 1536/1697/1662
f 1919/1667/1633 1921/1689/1654 1923/1707/1672
f 1528/1632/1601 1534/1670/1636 1522/1583/1553
f 1982/1553/1523 2002/1685/1650 2005/1708/1673
f 1700/1663/1629 1583/1692/1657 1708/1713/1678
f 1780/1681/1646 1786/1714/1679 1784/1695/1660
f 1781/1704/1669 1786/1714/1679 1780/1681/1646
f 2131/1677/1642 2133/1705/1670 2126/1536/1506
f 1914/1581/1551 1924/1715/1680 1922/1706/1671
f 1923/1707/1672 1541/1716/1681 1527/1668/1634
f 1529/1633/1602 1534/1670/1636 1535/1678/1643
f 1711/1690/1655 2002/1685/1650 1994/1636/1604
f 1700/1663/1629 1709/1717/1682 1706/1686/1651
f 2000/1672/1620 2011/1718/1683 2062/1719/1684
f 2131/1677/1642 2135/1720/1685 2133/1705/1670
f 2133/1705/1670 1925/1721/1686 1917/1646/1613
f 1532/1648/1615 1537/1698/1663 1538/1722/1687
f 1918/1666/1632 1926/1723/1688 1920/1684/1649
f 1534/1670/1636 1540/1724/1689 1535/1678/1643
f 1542/1725/1690 1534/1670/1636 1528/1632/1601
f 1688/1638/1605 1706/1686/1651 1710/1726/1691
f 2004/1700/1665 2003/1691/1656 1999/1676/1641
f 2006/1709/1674 2007/1727/1692 1982/1553/1523
f 2000/1672/1620 2003/1691/1656 2011/1718/1683
f 2060/1674/1639 2065/1702/1667 2061/1680/1645
f 2134/1711/1676 2135/1720/1685 2131/1677/1642
f 1772/1604/1573 1539/1712/1677 1782/1682/1647
f 1921/1689/1654 1927/1728/1693 1928/1729/1694
f 1921/1689/1654 1928/1729/1694 1923/1707/1672
f 1682/1616/1585 1712/1730/1695 1675/1613/1582
f 1700/1663/1629 1708/1713/1678 1709/1717/1682
f 1593/1731/1696 1708/1713/1678 1583/1692/1657
f 1582/1687/1652 1584/1688/1653 1585/1732/1697
f 1584/1688/1653 1586/1701/1666 1587/1733/1698
f 1586/1701/1666 1588/1734/1699 1587/1733/1698
f 1586/1701/1666 1783/1703/1668 1588/1734/1699
f 2061/1680/1645 2067/1735/1700 2066/1694/1659
f 1785/1736/1701 1788/1737/1702 1783/1703/1668
f 1924/1715/1680 1914/1581/1551 1920/1684/1649
f 1922/1706/1671 1929/1738/1703 1921/1689/1654
f 1927/1728/1693 1921/1689/1654 1929/1738/1703
f 1542/1725/1690 1540/1724/1689 1534/1670/1636
f 1709/1717/1682 1710/1726/1691 1706/1686/1651
f 2007/1727/1692 2006/1709/1674 2005/1708/1673
f 2067/1735/1700 2132/1696/1661 2066/1694/1659
f 2134/1711/1676 2132/1696/1661 2067/1735/1700
f 1924/1715/1680 1930/1739/1704 1922/1706/1671
f 1536/1697/1662 1535/1678/1643 1543/1740/1705
f 1927/1728/1693 1929/1738/1703 1928/1729/1694
f 1928/1729/1694 1541/1716/1681 1923/1707/1672
f 1542/1725/1690 1544/1741/1706 1540/1724/1689
f 1709/1717/1682 1708/1713/1678 1629/1742/1707
f 2011/1718/1683 2068/1743/1708 2062/1719/1684
f 1593/1731/1696 1583/1692/1657 1590/1744/1709
f 1582/1687/1652 1585/1732/1697 1589/1745/1710
f 1584/1688/1653 1587/1733/1698 1585/1732/1697
f 1782/1682/1647 1539/1712/1677 1412/1746/1711
f 1920/1684/1649 1930/1739/1704 1924/1715/1680
f 1543/1740/1705 1545/1747/1712 1536/1697/1662
f 1546/1748/1713 1543/1740/1705 1540/1724/1689
f 1540/1724/1689 1543/1740/1705 1535/1678/1643
f 1682/1616/1585 1707/1699/1664 1713/1749/1714
f 1688/1638/1605 1710/1726/1691 1707/1699/1664
f 2007/1727/1692 2004/1700/1665 1982/1553/1523
f 2063/1710/1675 2070/1750/1715 2065/1702/1667
f 2062/1719/1684 2068/1743/1708 2069/1751/1716
f 1588/1734/1699 1591/1752/1717 1587/1733/1698
f 2065/1702/1667 2071/1753/1718 2061/1680/1645
f 1588/1734/1699 1783/1703/1668 1592/1754/1719
f 2061/1680/1645 2071/1753/1718 2067/1735/1700
f 1537/1698/1663 1536/1697/1662 1547/1755/1720
f 1536/1697/1662 1545/1747/1712 1547/1755/1720
f 1931/1756/1721 1929/1738/1703 1922/1706/1671
f 1929/1738/1703 1932/1757/1722 1933/1758/1723
f 1929/1738/1703 1933/1758/1723 1928/1729/1694
f 1544/1741/1706 1546/1748/1713 1540/1724/1689
f 1928/1729/1694 1933/1758/1723 1541/1716/1681
f 1708/1713/1678 1595/1759/1724 1629/1742/1707
f 2004/1700/1665 2008/1760/1725 2003/1691/1656
f 2070/1750/1715 2071/1753/1718 2065/1702/1667
f 1588/1734/1699 1592/1754/1719 1591/1752/1717
f 1785/1736/1701 1789/1761/1726 1788/1737/1702
f 2134/1711/1676 2136/1762/1727 2135/1720/1685
f 1785/1736/1701 1410/1763/1728 1789/1761/1726
f 1787/1764/1729 1782/1682/1647 1412/1746/1711
f 1537/1698/1663 1547/1755/1720 1538/1722/1687
f 1922/1706/1671 1930/1739/1704 1931/1756/1721
f 1712/1730/1695 1682/1616/1585 1713/1749/1714
f 1709/1717/1682 1714/1765/1730 1710/1726/1691
f 2007/1727/1692 2009/1766/1731 2004/1700/1665
f 2005/1708/1673 2009/1766/1731 2007/1727/1692
f 1708/1713/1678 1593/1731/1696 1595/1759/1724
f 2011/1718/1683 2072/1767/1732 2068/1743/1708
f 2068/1743/1708 2072/1767/1732 2069/1751/1716
f 1587/1733/1698 1591/1752/1717 1585/1732/1697
f 2070/1750/1715 2074/1768/1733 2071/1753/1718
f 2134/1711/1676 2067/1735/1700 2136/1762/1727
f 1410/1763/1728 1790/1769/1734 1789/1761/1726
f 2135/1720/1685 2136/1762/1727 1937/1770/1735
f 1926/1723/1688 1934/1771/1736 1920/1684/1649
f 1930/1739/1704 1935/1772/1737 1931/1756/1721
f 1931/1756/1721 1936/1773/1738 1929/1738/1703
f 1709/1717/1682 1629/1742/1707 1714/1765/1730
f 2005/1708/1673 2010/1774/1739 2009/1766/1731
f 1593/1731/1696 1594/1775/1740 1595/1759/1724
f 2011/1718/1683 2003/1691/1656 2012/1776/1741
f 1593/1731/1696 1596/1777/1742 1594/1775/1740
f 1597/1778/1743 1598/1779/1744 1599/1780/1745
f 1597/1778/1743 1601/1781/1746 1598/1779/1744
f 1589/1745/1710 1585/1732/1697 1602/1782/1747
f 1783/1703/1668 1788/1737/1702 1592/1754/1719
f 1937/1770/1735 2133/1705/1670 2135/1720/1685
f 1935/1772/1737 1936/1773/1738 1931/1756/1721
f 1711/1690/1655 1715/1783/1748 2002/1685/1650
f 2002/1685/1650 2013/1784/1749 2005/1708/1673
f 1595/1759/1724 1594/1775/1740 1603/1785/1750
f 2008/1760/1725 2012/1776/1741 2003/1691/1656
f 1589/1745/1710 1602/1782/1747 1604/1786/1751
f 1604/1786/1751 1602/1782/1747 1601/1781/1746
f 1593/1731/1696 1590/1744/1709 1596/1777/1742
f 1601/1781/1746 1573/1787/1752 1598/1779/1744
f 1601/1781/1746 1602/1782/1747 1606/1788/1753
f 2075/1789/1754 2069/1751/1716 2072/1767/1732
f 2069/1751/1716 2076/1790/1755 2073/1791/1756
f 2067/1735/1700 2079/1792/1757 2136/1762/1727
f 1789/1761/1726 1790/1769/1734 1788/1737/1702
f 2133/1705/1670 1937/1770/1735 1925/1721/1686
f 1926/1723/1688 1938/1793/1758 1934/1771/1736
f 1920/1684/1649 1939/1794/1759 1930/1739/1704
f 1936/1773/1738 1940/1795/1760 1932/1757/1722
f 1936/1773/1738 1932/1757/1722 1929/1738/1703
f 1933/1758/1723 1941/1796/1761 1541/1716/1681
f 1715/1783/1748 2013/1784/1749 2002/1685/1650
f 2005/1708/1673 2013/1784/1749 2010/1774/1739
f 1605/1797/1762 1596/1777/1742 1590/1744/1709
f 1604/1786/1751 1601/1781/1746 1607/1798/1763
f 1597/1778/1743 1607/1798/1763 1601/1781/1746
f 1598/1779/1744 1573/1787/1752 1599/1780/1745
f 1601/1781/1746 1606/1788/1753 1573/1787/1752
f 1585/1732/1697 1608/1799/1764 1602/1782/1747
f 1591/1752/1717 1608/1799/1764 1585/1732/1697
f 1609/1800/1765 1608/1799/1764 1591/1752/1717
f 2074/1768/1733 2078/1801/1766 2071/1753/1718
f 2136/1762/1727 2025/1802/1767 1937/1770/1735
f 1930/1739/1704 1942/1803/1768 1935/1772/1737
f 1545/1747/1712 1543/1740/1705 1548/1804/1769
f 1546/1748/1713 1544/1741/1706 1549/1805/1770
f 1551/1806/1771 1549/1805/1770 1542/1725/1690
f 1542/1725/1690 1549/1805/1770 1544/1741/1706
f 1712/1730/1695 1713/1749/1714 1716/1807/1772
f 1710/1726/1691 1717/1808/1773 1707/1699/1664
f 1710/1726/1691 1620/1809/1774 1717/1808/1773
f 1710/1726/1691 1714/1765/1730 1620/1809/1774
f 1600/1810/1775 1559/1811/1776 1611/1812/1777
f 1599/1780/1745 1610/1813/1778 1597/1778/1743
f 1606/1788/1753 1578/1814/1779 1573/1787/1752
f 2069/1751/1716 2075/1789/1754 2076/1790/1755
f 1602/1782/1747 1561/1815/1780 1606/1788/1753
f 1608/1799/1764 1561/1815/1780 1602/1782/1747
f 2073/1791/1756 2076/1790/1755 2077/1816/1781
f 2078/1801/1766 2022/1817/1782 2071/1753/1718
f 2079/1792/1757 2081/1818/1783 2136/1762/1727
f 1934/1771/1736 1939/1794/1759 1920/1684/1649
f 1545/1747/1712 1548/1804/1769 1547/1755/1720
f 1935/1772/1737 1942/1803/1768 1940/1795/1760
f 1935/1772/1737 1940/1795/1760 1936/1773/1738
f 1546/1748/1713 1552/1819/1784 1543/1740/1705
f 1715/1783/1748 1719/1820/1785 2013/1784/1749
f 2009/1766/1731 2010/1774/1739 2014/1821/1786
f 2013/1784/1749 2015/1822/1787 2010/1774/1739
f 2010/1774/1739 2015/1822/1787 2014/1821/1786
f 1618/1823/1788 1620/1809/1774 1714/1765/1730
f 1714/1765/1730 1621/1824/1789 1618/1823/1788
f 1605/1797/1762 1613/1825/1790 1596/1777/1742
f 1604/1786/1751 1607/1798/1763 1612/1826/1791
f 1573/1787/1752 1558/1827/1792 1599/1780/1745
f 1610/1813/1778 1607/1798/1763 1597/1778/1743
f 1591/1752/1717 1592/1754/1719 1609/1800/1765
f 1788/1737/1702 1615/1828/1793 1592/1754/1719
f 2081/1818/1783 2024/1829/1794 2136/1762/1727
f 2136/1762/1727 2024/1829/1794 2025/1802/1767
f 1538/1722/1687 1547/1755/1720 1411/1830/1795
f 1943/1831/1796 1934/1771/1736 1938/1793/1758
f 1939/1794/1759 1942/1803/1768 1930/1739/1704
f 1543/1740/1705 1552/1819/1784 1553/1832/1797
f 1941/1796/1761 1944/1833/1798 1541/1716/1681
f 1707/1699/1664 1718/1834/1799 1713/1749/1714
f 1707/1699/1664 1717/1808/1773 1718/1834/1799
f 2013/1784/1749 1719/1820/1785 2015/1822/1787
f 1714/1765/1730 1629/1742/1707 1621/1824/1789
f 2008/1760/1725 2004/1700/1665 2016/1835/1800
f 1596/1777/1742 1613/1825/1790 1614/1836/1801
f 2008/1760/1725 2016/1835/1800 2012/1776/1741
f 1607/1798/1763 1610/1813/1778 1612/1826/1791
f 1596/1777/1742 1614/1836/1801 1594/1775/1740
f 1608/1799/1764 1562/1837/1802 1561/1815/1780
f 1608/1799/1764 1609/1800/1765 1562/1837/1802
f 1609/1800/1765 1592/1754/1719 1615/1828/1793
f 2067/1735/1700 1976/1838/1803 2079/1792/1757
f 1933/1758/1723 1932/1757/1722 1941/1796/1761
f 1541/1716/1681 1944/1833/1798 1550/1839/1804
f 1713/1749/1714 1718/1834/1799 1716/1807/1772
f 1718/1834/1799 1717/1808/1773 1620/1809/1774
f 1574/1840/1805 1560/1841/1806 1559/1811/1807
f 1594/1775/1740 1616/1842/1808 1603/1785/1750
f 1574/1840/1805 1576/1843/1809 1560/1841/1806
f 1575/1844/1810 1579/1845/1811 1577/1846/1812
f 1609/1800/1765 1615/1828/1793 1617/1847/1813
f 2071/1753/1718 2080/1848/1814 2067/1735/1700
f 1548/1804/1769 1554/1849/1815 1547/1755/1720
f 1939/1794/1759 1945/1850/1816 1942/1803/1768
f 1940/1795/1760 1946/1851/1817 1932/1757/1722
f 1932/1757/1722 1944/1833/1798 1941/1796/1761
f 1718/1834/1799 1720/1852/1818 1716/1807/1772
f 1719/1820/1785 1636/1853/1819 2015/1822/1787
f 1718/1834/1799 1620/1809/1774 1721/1854/1820
f 1594/1775/1740 1614/1836/1801 1616/1842/1808
f 1618/1823/1788 1619/1855/1821 1620/1809/1774
f 1618/1823/1788 1621/1824/1789 1619/1855/1821
f 2076/1790/1755 1951/1856/1822 2077/1816/1781
f 2077/1816/1781 1951/1856/1822 1955/1857/1823
f 2078/1801/1766 1956/1858/1824 2022/1817/1782
f 2080/1848/1814 2071/1753/1718 2022/1817/1782
f 2080/1848/1814 1976/1838/1803 2067/1735/1700
f 1628/1859/1825 1615/1828/1793 1788/1737/1702
f 1632/1860/1826 1788/1737/1702 1790/1769/1734
f 1790/1769/1734 1410/1763/1728 1632/1860/1826
f 1943/1831/1796 1939/1794/1759 1934/1771/1736
f 1554/1849/1815 1548/1804/1769 1555/1861/1827
f 1942/1803/1768 1945/1850/1816 1940/1795/1760
f 1553/1832/1797 1548/1804/1769 1543/1740/1705
f 1555/1861/1827 1548/1804/1769 1553/1832/1797
f 1546/1748/1713 1549/1805/1770 1552/1819/1784
f 1254/1862/1828 1550/1839/1804 1944/1833/1798
f 1626/1863/1829 1720/1852/1818 1718/1834/1799
f 1718/1834/1799 1721/1854/1820 1626/1863/1829
f 2017/1864/1830 2009/1766/1731 2014/1821/1786
f 2017/1864/1830 2004/1700/1665 2009/1766/1731
f 2018/1865/1831 2012/1776/1741 2016/1835/1800
f 1788/1737/1702 1633/1866/1832 1628/1859/1825
f 2024/1829/1794 2081/1818/1783 2079/1792/1757
f 1411/1830/1795 1547/1755/1720 1416/1867/1833
f 1549/1805/1770 1195/1868/1834 1552/1819/1784
f 1614/1836/1801 1622/1869/1835 1616/1842/1808
f 1629/1742/1707 1630/1870/1836 1621/1824/1789
f 1595/1759/1724 1623/1871/1837 1624/1872/1838
f 1595/1759/1724 1624/1872/1838 1629/1742/1707
f 2016/1835/1800 2019/1873/1839 2018/1865/1831
f 1562/1837/1802 1609/1800/1765 1563/1874/1840
f 2025/1802/1767 1846/1875/1841 1937/1770/1735
f 1938/1793/1758 1847/1876/1842 1943/1831/1796
f 1932/1757/1722 1254/1862/1828 1944/1833/1798
f 1549/1805/1770 1191/1877/1843 1195/1868/1834
f 1551/1806/1771 1201/1878/1844 1549/1805/1770
f 1719/1820/1785 1625/1879/1845 1636/1853/1819
f 1620/1809/1774 1626/1863/1829 1721/1854/1820
f 2004/1700/1665 2021/1880/1846 2016/1835/1800
f 2004/1700/1665 2017/1864/1830 2021/1880/1846
f 1620/1809/1774 1619/1855/1821 1626/1863/1829
f 1595/1759/1724 1603/1785/1750 1623/1871/1837
f 1603/1785/1750 1616/1842/1808 1627/1881/1847
f 1952/1882/1848 1954/1883/1849 1957/1884/1850
f 1615/1828/1793 1628/1859/1825 1617/1847/1813
f 1788/1737/1702 1632/1860/1826 1633/1866/1832
f 1632/1860/1826 1410/1763/1728 1414/1885/1851
f 1939/1794/1759 1943/1831/1796 1947/1886/1852
f 1554/1849/1815 1555/1861/1827 1547/1755/1720
f 1945/1850/1816 1947/1886/1852 1940/1795/1760
f 1946/1851/1817 1260/1887/1853 1932/1757/1722
f 1552/1819/1784 1195/1868/1834 1207/1888/1854
f 1191/1877/1843 1549/1805/1770 1197/1889/1855
f 1603/1785/1750 1627/1881/1847 1623/1871/1837
f 1616/1842/1808 1622/1869/1835 1627/1881/1847
f 1629/1742/1707 1624/1872/1838 1630/1870/1836
f 2018/1865/1831 2019/1873/1839 2020/1890/1856
f 1956/1858/1824 1953/1891/1857 2022/1817/1782
f 1609/1800/1765 1617/1847/1813 1564/1892/1858
f 1628/1859/1825 1631/1893/1859 1617/1847/1813
f 1632/1860/1826 1422/1894/1860 1633/1866/1832
f 1940/1795/1760 1948/1895/1861 1946/1851/1817
f 1552/1819/1784 1207/1888/1854 1553/1832/1797
f 1932/1757/1722 1260/1887/1853 1254/1862/1828
f 1550/1839/1804 1254/1862/1828 1200/1896/1862
f 2014/1821/1786 2015/1822/1787 2023/1897/1863
f 2015/1822/1787 1636/1853/1819 2023/1897/1863
f 2022/1817/1782 1953/1891/1857 1962/1898/1864
f 1609/1800/1765 1564/1892/1858 1563/1874/1840
f 2022/1817/1782 1962/1898/1864 2080/1848/1814
f 2080/1848/1814 1962/1898/1864 1976/1838/1803
f 1628/1859/1825 1633/1866/1832 1631/1893/1859
f 2079/1792/1757 1976/1838/1803 2024/1829/1794
f 1632/1860/1826 1418/1899/1865 1422/1894/1860
f 1632/1860/1826 1414/1885/1851 1418/1899/1865
f 1547/1755/1720 1555/1861/1827 1416/1867/1833
f 1946/1851/1817 1948/1895/1861 1260/1887/1853
f 1260/1887/1853 1256/1900/1866 1254/1862/1828
f 1190/1901/1867 1192/1902/1868 1194/1903/1869
f 1199/1904/1870 1253/1905/1871 1202/1906/1872
f 1196/1907/1873 1198/1908/1874 1190/1901/1867
f 1549/1805/1770 1201/1878/1844 1197/1889/1855
f 2019/1873/1839 1965/1909/1875 2020/1890/1856
f 1976/1838/1803 1963/1910/1876 2024/1829/1794
f 2024/1829/1794 1963/1910/1876 2025/1802/1767
f 2025/1802/1767 1963/1910/1876 1844/1911/1877
f 2025/1802/1767 1844/1911/1877 1846/1875/1841
f 1943/1831/1796 1847/1876/1842 1793/1912/1878
f 1939/1794/1759 1947/1886/1852 1945/1850/1816
f 1947/1886/1852 1949/1913/1879 1940/1795/1760
f 1553/1832/1797 1556/1914/1880 1555/1861/1827
f 1940/1795/1760 1949/1913/1879 1948/1895/1861
f 1199/1904/1870 1198/1908/1874 1196/1907/1873
f 1626/1863/1829 1635/1915/1881 1637/1916/1882
f 1638/1917/1883 1635/1915/1881 1626/1863/1829
f 1626/1863/1829 1639/1918/1884 1638/1917/1883
f 1619/1855/1821 1639/1918/1884 1626/1863/1829
f 2020/1890/1856 1965/1909/1875 1958/1919/1885
f 1621/1824/1789 1640/1920/1886 1619/1855/1821
f 1845/1921/1887 1791/1922/1888 1847/1876/1842
f 1411/1830/1795 1413/1923/1889 1415/1924/1890
f 1416/1867/1833 1413/1923/1889 1411/1830/1795
f 1943/1831/1796 1793/1912/1878 1947/1886/1852
f 1202/1906/1872 1198/1908/1874 1199/1904/1870
f 1623/1871/1837 1627/1881/1847 1641/1925/1891
f 2014/1821/1786 2026/1926/1892 2017/1864/1830
f 1623/1871/1837 1641/1925/1891 1624/1872/1838
f 1624/1872/1838 1641/1925/1891 1642/1927/1893
f 1953/1891/1857 1960/1928/1894 1962/1898/1864
f 1631/1893/1859 1633/1866/1832 1643/1929/1895
f 1643/1929/1895 1633/1866/1832 1422/1894/1860
f 1963/1910/1876 1860/1930/1896 1844/1911/1877
f 1949/1913/1879 1950/1931/1897 1948/1895/1861
f 1553/1832/1797 1207/1888/1854 1556/1914/1880
f 1260/1887/1853 1948/1895/1861 1950/1931/1897
f 2027/1932/1898 2021/1880/1846 2017/1864/1830
f 2021/1880/1846 2019/1873/1839 2016/1835/1800
f 1641/1925/1891 1627/1881/1847 1568/1933/1899
f 1968/1934/1900 2019/1873/1839 2021/1880/1846
f 1640/1920/1886 1639/1918/1884 1619/1855/1821
f 1645/1935/1901 1621/1824/1789 1630/1870/1836
f 1630/1870/1836 1624/1872/1838 1645/1935/1901
f 1968/1934/1900 1965/1909/1875 2019/1873/1839
f 1965/1909/1875 1964/1936/1902 1958/1919/1885
f 1952/1882/1848 1966/1937/1903 1954/1883/1849
f 1966/1937/1903 1967/1938/1904 1954/1883/1849
f 1954/1883/1849 1967/1938/1904 1961/1939/1905
f 1856/1940/1906 1963/1910/1876 1976/1838/1803
f 1556/1914/1880 1207/1888/1854 1557/1941/1907
f 1207/1888/1854 1195/1868/1834 1193/1942/1908
f 1202/1906/1872 1253/1905/1871 1255/1943/1909
f 1198/1908/1874 1192/1902/1868 1190/1901/1867
f 1638/1917/1883 1639/1918/1884 1646/1944/1910
f 2023/1897/1863 2028/1945/1911 2014/1821/1786
f 2014/1821/1786 2028/1945/1911 2026/1926/1892
f 1645/1935/1901 1640/1920/1886 1621/1824/1789
f 1645/1935/1901 1624/1872/1838 1642/1927/1893
f 1968/1934/1900 1969/1946/1912 1965/1909/1875
f 1964/1936/1902 1970/1947/1913 1971/1948/1914
f 1965/1909/1875 1970/1947/1913 1964/1936/1902
f 1971/1948/1914 1970/1947/1913 1959/1949/1915
f 1972/1950/1916 1961/1939/1905 1967/1938/1904
f 1970/1947/1913 1973/1951/1917 1959/1949/1915
f 1974/1952/1917 1962/1898/1864 1960/1928/1894
f 1643/1929/1895 1566/1953/1918 1631/1893/1859
f 1962/1898/1864 1975/1954/1919 1976/1838/1803
f 1975/1954/1919 1856/1940/1906 1976/1838/1803
f 1422/1894/1860 1418/1899/1865 1420/1955/1920
f 1791/1922/1888 1793/1912/1878 1847/1876/1842
f 1413/1923/1889 1416/1867/1833 1417/1956/1921
f 1202/1906/1872 1203/1957/1922 1198/1908/1874
f 1636/1853/1819 1883/1958/1923 2023/1897/1863
f 2021/1880/1846 2027/1932/1898 1968/1934/1900
f 1568/1933/1899 1647/1959/1924 1641/1925/1891
f 1965/1909/1875 1969/1946/1912 1970/1947/1913
f 1974/1952/1917 1975/1954/1919 1962/1898/1864
f 1419/1960/1925 1415/1924/1890 1413/1923/1889
f 1947/1886/1852 1794/1961/1926 1949/1913/1879
f 1636/1853/1819 1634/1962/1927 1883/1958/1923
f 2017/1864/1830 1978/1963/1928 2027/1932/1898
f 2026/1926/1892 1978/1963/1928 2017/1864/1830
f 1568/1933/1899 1569/1964/1929 1647/1959/1924
f 1640/1920/1886 1648/1965/1930 1639/1918/1884
f 1641/1925/1891 1647/1959/1924 1649/1966/1931
f 1969/1946/1912 1973/1951/1917 1970/1947/1913
f 1570/1967/1932 1565/1968/1933 1567/1969/1934
f 1570/1967/1932 1567/1969/1934 1572/1970/1935
f 1567/1969/1934 1644/1971/1936 1650/1972/1937
f 1643/1929/1895 1422/1894/1860 1427/1973/1938
f 1963/1910/1876 1856/1940/1906 1860/1930/1896
f 1860/1930/1896 1862/1974/1939 1844/1911/1877
f 1419/1960/1925 1413/1923/1889 1421/1975/1920
f 1555/1861/1827 1556/1914/1880 1416/1867/1833
f 1793/1912/1878 1794/1961/1926 1947/1886/1852
f 1949/1913/1879 1794/1961/1926 1950/1931/1897
f 1198/1908/1874 1203/1957/1922 1192/1902/1868
f 1646/1944/1910 1463/1976/1940 1638/1917/1883
f 1649/1966/1931 1642/1927/1893 1641/1925/1891
f 1647/1959/1924 1572/1970/1935 1649/1966/1931
f 1647/1959/1924 1569/1964/1929 1572/1970/1935
f 1571/1977/1941 1572/1970/1935 1569/1964/1929
f 1571/1977/1941 1565/1968/1933 1572/1970/1935
f 1570/1967/1932 1572/1970/1935 1565/1968/1933
f 1572/1970/1935 1567/1969/1934 1650/1972/1937
f 1202/1906/1872 1255/1943/1909 1257/1978/1942
f 1202/1906/1872 1209/1979/1943 1203/1957/1922
f 1639/1918/1884 1648/1965/1930 1454/1980/1944
f 1645/1935/1901 1651/1981/1945 1640/1920/1886
f 1640/1920/1886 1651/1981/1945 1648/1965/1930
f 1423/1982/1860 1421/1975/1920 1426/1983/1946
f 1255/1943/1909 1258/1984/1947 1257/1978/1942
f 1978/1963/1928 1968/1934/1900 2027/1932/1898
f 1642/1927/1893 1652/1985/1948 1645/1935/1901
f 1642/1927/1893 1649/1966/1931 1652/1985/1948
f 1572/1970/1935 1650/1972/1937 1649/1966/1931
f 1650/1972/1937 1429/1986/1949 1653/1987/1950
f 1650/1972/1937 1644/1971/1936 1429/1986/1949
f 1975/1954/1919 1850/1988/1951 1856/1940/1906
f 1850/1988/1951 1854/1989/1952 1856/1940/1906
f 1427/1973/1938 1422/1894/1860 1424/1990/1953
f 1556/1914/1880 1357/1991/1954 1416/1867/1833
f 1556/1914/1880 1557/1941/1907 1357/1991/1954
f 1255/1943/1909 1259/1992/1955 1258/1984/1947
f 1639/1918/1884 1454/1980/1944 1646/1944/1910
f 2028/1945/1911 1978/1963/1928 2026/1926/1892
f 1652/1985/1948 1649/1966/1931 1650/1972/1937
f 1429/1986/1949 1431/1993/1956 1653/1987/1950
f 1428/1994/1957 1425/1995/1958 1430/1996/1959
f 1791/1922/1888 1792/1997/1960 1793/1912/1878
f 1794/1961/1926 1795/1998/1961 1950/1931/1897
f 1207/1888/1854 1205/1999/1962 1557/1941/1907
f 1192/1902/1868 1204/2000/1963 1206/2001/1854
f 1202/1906/1872 1257/1978/1942 1209/1979/1943
f 1635/1915/1881 1638/1917/1883 1463/1976/1940
f 1651/1981/1945 1645/1935/1901 1654/2002/1964
f 1645/1935/1901 1652/1985/1948 1654/2002/1964
f 1969/1946/1912 1977/2003/1965 1973/1951/1917
f 1974/1952/1917 1850/1988/1951 1975/1954/1919
f 1856/1940/1906 1858/2004/1966 1860/1930/1896
f 1416/1867/1833 1357/1991/1954 1432/2005/1967
f 1794/1961/1926 1793/1912/1878 1795/1998/1961
f 1950/1931/1897 1273/2006/1968 1260/1887/1853
f 1208/2007/1969 1203/1957/1922 1209/1979/1943
f 1650/1972/1937 1654/2002/1964 1652/1985/1948
f 1650/1972/1937 1653/1987/1950 1438/2008/1970
f 1431/1993/1956 1438/2008/1970 1653/1987/1950
f 1413/1923/1889 1417/1956/1921 1361/2009/1971
f 1416/1867/1833 1432/2005/1967 1417/1956/1921
f 1793/1912/1878 1796/2010/1972 1795/1998/1961
f 1259/1992/1955 1261/2011/1973 1258/1984/1947
f 2023/1897/1863 1867/2012/1974 2028/1945/1911
f 2028/1945/1911 1867/2012/1974 1978/1963/1928
f 1651/1981/1945 1440/2013/1975 1648/1965/1930
f 1848/2014/1976 1851/2015/1977 1853/2016/1978
f 1855/2017/1979 1853/2016/1978 1857/2018/1966
f 1859/2019/1980 1857/2018/1966 1861/2020/1981
f 1421/1975/1920 1413/1923/1889 1367/2021/1982
f 1361/2009/1971 1367/2021/1982 1413/1923/1889
f 1557/1941/1907 1360/2022/1983 1358/2023/1984
f 1883/1958/1923 1876/2024/1985 2023/1897/1863
f 1968/1934/1900 1978/1963/1928 1879/2025/1986
f 1879/2025/1986 1978/1963/1928 1867/2012/1974
f 1968/1934/1900 1979/2026/1987 1969/1946/1912
f 1979/2026/1987 1977/2003/1965 1969/1946/1912
f 1651/1981/1945 1654/2002/1964 1440/2013/1975
f 1654/2002/1964 1650/1972/1937 1440/2013/1975
f 1430/1996/1959 1425/1995/1958 1433/2027/1988
f 1853/2016/1978 1851/2015/1977 1857/2018/1966
f 1421/1975/1920 1435/2028/1989 1426/1983/1946
f 1421/1975/1920 1367/2021/1982 1435/2028/1989
f 1845/1921/1887 1863/2029/1990 1791/1922/1888
f 1557/1941/1907 1358/2023/1984 1357/1991/1954
f 1950/1931/1897 1795/1998/1961 1273/2006/1968
f 1205/1999/1962 1360/2022/1983 1557/1941/1907
f 1273/2006/1968 1262/2030/1991 1260/1887/1853
f 1209/1979/1943 1257/1978/1942 1263/2031/1992
f 1209/1979/1943 1263/2031/1992 1264/2032/1993
f 1208/2007/1969 1210/2033/1994 1203/1957/1922
f 1203/1957/1922 1210/2033/1994 1192/1902/1868
f 1634/1962/1927 1461/2034/1995 1883/1958/1923
f 2023/1897/1863 1876/2024/1985 1867/2012/1974
f 1440/2013/1975 1443/2035/1996 1648/1965/1930
f 1650/1972/1937 1438/2008/1970 1440/2013/1975
f 1973/1951/1917 1872/2036/1997 1849/2037/1998
f 1973/1951/1917 1977/2003/1965 1872/2036/1997
f 1849/2037/1998 1872/2036/1997 1852/2038/1999
f 1431/1993/1956 1434/2039/2000 1438/2008/1970
f 1433/2027/1988 1425/1995/1958 1436/2040/2001
f 1192/1902/1868 1211/2041/2002 1204/2000/1963
f 1968/1934/1900 1879/2025/1986 1979/2026/1987
f 1867/2012/1974 1865/2042/2003 1879/2025/1986
f 1864/2043/2004 1866/2044/2005 1868/2045/2006
f 1443/2035/1996 1450/2046/2007 1648/1965/1930
f 1437/2047/2008 1433/2027/1988 1439/2048/2009
f 1851/2015/1977 1869/2049/2010 1870/2050/2011
f 1863/2029/1990 1800/2051/2012 1791/1922/1888
f 1209/1979/1943 1264/2032/1993 1212/2052/2013
f 1209/1979/1943 1212/2052/2013 1208/2007/1969
f 1648/1965/1930 1450/2046/2007 1454/1980/1944
f 1439/2048/2009 1441/2053/2014 1442/2054/2015
f 1441/2053/2014 1439/2048/2009 1444/2055/2016
f 1439/2048/2009 1433/2027/1988 1444/2055/2016
f 1871/2056/2017 1869/2049/2010 1851/2015/1977
f 1869/2049/2010 1873/2057/2018 1870/2050/2011
f 1870/2050/2011 1874/2058/2019 1851/2015/1977
f 1851/2015/1977 1874/2058/2019 1857/2018/1966
f 1425/1995/1958 1445/2059/2020 1444/2055/2016
f 1444/2055/2016 1445/2059/2020 1446/2060/2021
f 1445/2059/2020 1425/1995/1958 1446/2060/2021
f 1857/2018/1966 1799/2061/2022 1861/2020/1981
f 1792/1997/1960 1797/2062/2023 1793/1912/1878
f 1192/1902/1868 1210/2033/1994 1211/2041/2002
f 1257/1978/1942 1265/2063/2024 1263/2031/1992
f 1875/2064/2025 1868/2045/2006 1877/2065/2026
f 1879/2025/1986 1880/2066/2027 1979/2026/1987
f 1875/2064/2025 1864/2043/2004 1868/2045/2006
f 1979/2026/1987 1880/2066/2027 1977/2003/1965
f 1977/2003/1965 1880/2066/2027 1872/2036/1997
f 1878/2067/2028 1866/2044/2005 1881/2068/2029
f 1882/2069/2030 1871/2056/2017 1881/2068/2029
f 1871/2056/2017 1882/2069/2030 1869/2049/2010
f 1869/2049/2010 1882/2069/2030 1873/2057/2018
f 1444/2055/2016 1433/2027/1988 1436/2040/2001
f 1425/1995/1958 1447/2070/2031 1446/2060/2021
f 1798/2071/2032 1792/1997/1960 1791/1922/1888
f 1448/2072/2033 1432/2005/1967 1357/1991/1954
f 1266/2073/2034 1257/1978/1942 1258/1984/1947
f 1267/2074/2035 1264/2032/1993 1263/2031/1992
f 1264/2032/1993 1267/2074/2035 1268/2075/2036
f 1213/2076/2037 1210/2033/1994 1208/2007/1969
f 1214/2077/2038 1208/2007/1969 1212/2052/2013
f 1269/2078/2039 1220/2079/2040 1217/2080/2041
f 1877/2065/2026 1884/2081/2042 1462/2082/2043
f 1463/1976/1940 1646/1944/1910 1452/2083/2044
f 1452/2083/2044 1646/1944/1910 1454/1980/1944
f 1449/2084/2045 1451/2085/2046 1453/2086/2047
f 1864/2043/2004 1875/2064/2025 1866/2044/2005
f 1449/2084/2045 1442/2054/2015 1455/2087/2048
f 1881/2068/2029 1885/2088/2049 1882/2069/2030
f 1442/2054/2015 1441/2053/2014 1455/2087/2048
f 1441/2053/2014 1444/2055/2016 1456/2089/2050
f 1882/2069/2030 1885/2088/2049 1873/2057/2018
f 1873/2057/2018 1885/2088/2049 1870/2050/2011
f 1436/2040/2001 1425/1995/1958 1444/2055/2016
f 1874/2058/2019 1886/2090/2051 1857/2018/1966
f 1446/2060/2021 1447/2070/2031 1444/2055/2016
f 1426/1983/1946 1435/2028/1989 1367/2021/1982
f 1417/1956/1921 1432/2005/1967 1448/2072/2033
f 1357/1991/1954 1358/2023/1984 1359/2091/2052
f 1795/1998/1961 1275/2092/2053 1273/2006/1968
f 1211/2041/2002 1210/2033/1994 1215/2093/2054
f 1266/2073/2034 1265/2063/2024 1257/1978/1942
f 1265/2063/2024 1267/2074/2035 1263/2031/1992
f 1265/2063/2024 1268/2075/2036 1267/2074/2035
f 1215/2093/2054 1210/2033/1994 1213/2076/2037
f 1214/2077/2038 1213/2076/2037 1208/2007/1969
f 1216/2094/2055 1217/2080/2041 1218/2095/2056
f 1270/2096/2057 1217/2080/2041 1216/2094/2055
f 1217/2080/2041 1219/2097/2058 1218/2095/2056
f 1219/2097/2058 1217/2080/2041 1220/2079/2040
f 1219/2097/2058 1220/2079/2040 1221/2098/2059
f 1269/2078/2039 1271/2099/2060 1222/2100/2061
f 1269/2078/2039 1222/2100/2061 1220/2079/2040
f 1220/2079/2040 1222/2100/2061 1221/2098/2059
f 1462/2082/2043 1459/2101/2062 1877/2065/2026
f 1459/2101/2062 1875/2064/2025 1877/2065/2026
f 1866/2044/2005 1887/2102/2063 1881/2068/2029
f 1881/2068/2029 1887/2102/2063 1885/2088/2049
f 1888/2103/2064 1874/2058/2019 1870/2050/2011
f 1874/2058/2019 1889/2104/2065 1886/2090/2051
f 1425/1995/1958 1366/2105/2066 1457/2106/2067
f 1800/2051/2012 1798/2071/2032 1791/1922/1888
f 1448/2072/2033 1357/1991/1954 1359/2091/2052
f 1360/2022/1983 1205/1999/1962 1358/2023/1984
f 1272/2107/2068 1274/2108/2069 1261/2011/1973
f 1258/1984/1947 1261/2011/1973 1276/2109/2070
f 1258/1984/1947 1276/2109/2070 1266/2073/2034
f 1265/2063/2024 1266/2073/2034 1277/2110/2071
f 1265/2063/2024 1277/2110/2071 1268/2075/2036
f 1268/2075/2036 1277/2110/2071 1278/2111/2072
f 1268/2075/2036 1279/2112/2073 1232/2113/2074
f 1268/2075/2036 1232/2113/2074 1264/2032/1993
f 1212/2052/2013 1223/2114/2075 1214/2077/2038
f 1223/2114/2075 1218/2095/2056 1224/2115/2076
f 1280/2116/2077 1270/2096/2057 1216/2094/2055
f 1216/2094/2055 1218/2095/2056 1223/2114/2075
f 1224/2115/2076 1218/2095/2056 1225/2117/2078
f 1217/2080/2041 1270/2096/2057 1269/2078/2039
f 1219/2097/2058 1226/2118/2079 1218/2095/2056
f 1218/2095/2056 1226/2118/2079 1225/2117/2078
f 1226/2118/2079 1219/2097/2058 1227/2119/2080
f 1270/2096/2057 1271/2099/2060 1269/2078/2039
f 1219/2097/2058 1221/2098/2059 1228/2120/2081
f 1271/2099/2060 1281/2121/2082 1229/2122/2083
f 1271/2099/2060 1229/2122/2083 1222/2100/2061
f 1222/2100/2061 1229/2122/2083 1221/2098/2059
f 1451/2085/2046 1449/2084/2045 1455/2087/2048
f 1885/2088/2049 1890/2123/2084 1870/2050/2011
f 1425/1995/1958 1457/2106/2067 1447/2070/2031
f 1367/2021/1982 1361/2009/1971 1363/2124/2085
f 1211/2041/2002 1215/2093/2054 1230/2125/2086
f 1278/2111/2072 1279/2112/2073 1268/2075/2036
f 1214/2077/2038 1223/2114/2075 1231/2126/2087
f 1216/2094/2055 1232/2113/2074 1279/2112/2073
f 1264/2032/1993 1232/2113/2074 1212/2052/2013
f 1232/2113/2074 1223/2114/2075 1212/2052/2013
f 1216/2094/2055 1279/2112/2073 1278/2111/2072
f 1216/2094/2055 1278/2111/2072 1280/2116/2077
f 1224/2115/2076 1231/2126/2087 1223/2114/2075
f 1232/2113/2074 1216/2094/2055 1223/2114/2075
f 1231/2126/2087 1224/2115/2076 1233/2127/2088
f 1224/2115/2076 1234/2128/2089 1233/2127/2088
f 1280/2116/2077 1282/2129/2090 1270/2096/2057
f 1228/2120/2081 1227/2119/2080 1219/2097/2058
f 1270/2096/2057 1283/2130/2091 1281/2121/2082
f 1228/2120/2081 1221/2098/2059 1235/2131/2092
f 1270/2096/2057 1281/2121/2082 1271/2099/2060
f 1236/2132/2093 1235/2131/2092 1221/2098/2059
f 1235/2131/2092 1236/2132/2093 1237/2133/2094
f 1221/2098/2059 1229/2122/2083 1236/2132/2093
f 1229/2122/2083 1238/2134/2095 1236/2132/2093
f 1229/2122/2083 1239/2135/2096 1238/2134/2095
f 1458/2136/2097 1460/2137/2098 1464/2138/2099
f 1460/2137/2098 1451/2085/2046 1464/2138/2099
f 1459/2101/2062 1469/2139/2100 1875/2064/2025
f 1866/2044/2005 1875/2064/2025 1887/2102/2063
f 1885/2088/2049 1891/2140/2101 1890/2123/2084
f 1890/2123/2084 1888/2103/2064 1870/2050/2011
f 1888/2103/2064 1891/2140/2101 1874/2058/2019
f 1457/2106/2067 1466/2141/2102 1447/2070/2031
f 1797/2062/2023 1796/2010/1972 1793/1912/1878
f 1215/2093/2054 1240/2142/2103 1230/2125/2086
f 1213/2076/2037 1231/2126/2087 1215/2093/2054
f 1213/2076/2037 1214/2077/2038 1231/2126/2087
f 1278/2111/2072 1284/2143/2104 1280/2116/2077
f 1284/2143/2104 1282/2129/2090 1280/2116/2077
f 1224/2115/2076 1225/2117/2078 1234/2128/2089
f 1234/2128/2089 1225/2117/2078 1241/2144/2105
f 1225/2117/2078 1226/2118/2079 1241/2144/2105
f 1282/2129/2090 1283/2130/2091 1270/2096/2057
f 1282/2129/2090 1285/2145/2106 1283/2130/2091
f 1226/2118/2079 1227/2119/2080 1242/2146/2107
f 1228/2120/2081 1242/2146/2107 1227/2119/2080
f 1235/2131/2092 1237/2133/2094 1228/2120/2081
f 1229/2122/2083 1243/2147/2108 1239/2135/2096
f 1451/2085/2046 1467/2148/2109 1464/2138/2099
f 1465/2149/2110 1469/2139/2100 1459/2101/2062
f 1464/2138/2099 1467/2148/2109 1468/2150/2111
f 1451/2085/2046 1455/2087/2048 1467/2148/2109
f 1455/2087/2048 1441/2053/2014 1470/2151/2112
f 1885/2088/2049 1887/2102/2063 1891/2140/2101
f 1441/2053/2014 1456/2089/2050 1470/2151/2112
f 1890/2123/2084 1891/2140/2101 1888/2103/2064
f 1874/2058/2019 1891/2140/2101 1889/2104/2065
f 1444/2055/2016 1447/2070/2031 1466/2141/2102
f 1889/2104/2065 1892/2152/2113 1886/2090/2051
f 1457/2106/2067 1471/2153/2114 1466/2141/2102
f 1204/2000/1963 1211/2041/2002 1244/2154/2115
f 1261/2011/1973 1286/2155/2116 1276/2109/2070
f 1230/2125/2086 1244/2154/2115 1211/2041/2002
f 1266/2073/2034 1276/2109/2070 1277/2110/2071
f 1230/2125/2086 1240/2142/2103 1245/2156/2117
f 1240/2142/2103 1215/2093/2054 1246/2157/2118
f 1215/2093/2054 1231/2126/2087 1246/2157/2118
f 1284/2143/2104 1287/2158/2119 1288/2159/2120
f 1278/2111/2072 1287/2158/2119 1284/2143/2104
f 1233/2127/2088 1247/2160/2121 1231/2126/2087
f 1236/2132/2093 1238/2134/2095 1237/2133/2094
f 1281/2121/2082 532/2161/2122 1229/2122/2083
f 1875/2064/2025 1469/2139/2100 1893/2162/2123
f 1467/2148/2109 1472/2163/2124 1468/2150/2111
f 1467/2148/2109 1470/2151/2112 1472/2163/2124
f 1875/2064/2025 1893/2162/2123 1887/2102/2063
f 1467/2148/2109 1455/2087/2048 1470/2151/2112
f 1887/2102/2063 1894/2164/2125 1891/2140/2101
f 1456/2089/2050 1444/2055/2016 1474/2165/2126
f 1889/2104/2065 1804/2166/2127 1892/2152/2113
f 1857/2018/1966 1886/2090/2051 1799/2061/2022
f 1457/2106/2067 1366/2105/2066 1471/2153/2114
f 1417/1956/1921 1448/2072/2033 1361/2009/1971
f 1448/2072/2033 1359/2091/2052 1361/2009/1971
f 1205/1999/1962 1108/2167/2128 1358/2023/1984
f 1274/2108/2069 1289/2168/2129 1261/2011/1973
f 1261/2011/1973 1289/2168/2129 1286/2155/2116
f 1276/2109/2070 1286/2155/2116 1287/2158/2119
f 1230/2125/2086 1245/2156/2117 1244/2154/2115
f 1287/2158/2119 1277/2110/2071 1276/2109/2070
f 1277/2110/2071 1287/2158/2119 1278/2111/2072
f 1290/2169/2130 1284/2143/2104 1288/2159/2120
f 1284/2143/2104 1290/2169/2130 1282/2129/2090
f 1242/2146/2107 1228/2120/2081 1099/2170/2131
f 1228/2120/2081 1237/2133/2094 1099/2170/2131
f 1285/2145/2106 1291/2171/2132 1283/2130/2091
f 1283/2130/2091 1291/2171/2132 1281/2121/2082
f 1237/2133/2094 1090/2172/2133 1092/2173/2134
f 1237/2133/2094 1238/2134/2095 1090/2172/2133
f 1281/2121/2082 1291/2171/2132 532/2161/2122
f 1239/2135/2096 1248/2174/2135 1238/2134/2095
f 1229/2122/2083 532/2161/2122 1243/2147/2108
f 1239/2135/2096 1243/2147/2108 1248/2174/2135
f 1469/2139/2100 1473/2175/2136 1893/2162/2123
f 1893/2162/2123 1894/2164/2125 1887/2102/2063
f 1470/2151/2112 1456/2089/2050 1474/2165/2126
f 1444/2055/2016 1475/2176/2137 1474/2165/2126
f 1889/2104/2065 1891/2140/2101 1804/2166/2127
f 1466/2141/2102 1475/2176/2137 1444/2055/2016
f 1892/2152/2113 1799/2061/2022 1886/2090/2051
f 1798/2071/2032 1800/2051/2012 1802/2177/2138
f 1792/1997/1960 1798/2071/2032 1797/2062/2023
f 1240/2142/2103 1249/2178/2139 1245/2156/2117
f 1240/2142/2103 1246/2157/2118 1249/2178/2139
f 1231/2126/2087 1250/2179/2140 1246/2157/2118
f 1247/2160/2121 1250/2179/2140 1231/2126/2087
f 1247/2160/2121 1233/2127/2088 1102/2180/2141
f 1233/2127/2088 1234/2128/2089 1102/2180/2141
f 1234/2128/2089 1104/2181/2142 1102/2180/2141
f 1290/2169/2130 1292/2182/2143 1282/2129/2090
f 1234/2128/2089 1241/2144/2105 1104/2181/2142
f 1242/2146/2107 1099/2170/2131 1226/2118/2079
f 1291/2171/2132 1293/2183/2144 1294/2184/2145
f 1804/2166/2127 1799/2061/2022 1892/2152/2113
f 1475/2176/2137 1466/2141/2102 1471/2153/2114
f 1358/2023/1984 1110/2185/2146 1359/2091/2052
f 1795/1998/1961 1796/2010/1972 1275/2092/2053
f 1275/2092/2053 1796/2010/1972 1305/2186/2147
f 1204/2000/1963 1244/2154/2115 1107/2187/2148
f 1286/2155/2116 1289/2168/2129 1287/2158/2119
f 1245/2156/2117 1251/2188/2149 1244/2154/2115
f 1245/2156/2117 1096/2189/2150 1251/2188/2149
f 1245/2156/2117 1249/2178/2139 1096/2189/2150
f 1288/2159/2120 1287/2158/2119 1295/2190/2151
f 1296/2191/2152 1290/2169/2130 1288/2159/2120
f 1247/2160/2121 1246/2157/2118 1250/2179/2140
f 1247/2160/2121 1249/2178/2139 1246/2157/2118
f 1249/2178/2139 1247/2160/2121 1102/2180/2141
f 1241/2144/2105 1226/2118/2079 1104/2181/2142
f 1226/2118/2079 1099/2170/2131 1104/2181/2142
f 1292/2182/2143 1297/2192/2153 1282/2129/2090
f 1291/2171/2132 1285/2145/2106 1293/2183/2144
f 1238/2134/2095 1091/2193/2154 1090/2172/2133
f 1291/2171/2132 1298/2194/2155 532/2161/2122
f 532/2161/2122 539/2195/2156 1243/2147/2108
f 1473/2175/2136 1477/2196/2157 1893/2162/2123
f 1893/2162/2123 1895/2197/2158 1894/2164/2125
f 1472/2163/2124 1470/2151/2112 1476/2198/2159
f 1470/2151/2112 1474/2165/2126 1478/2199/2160
f 1798/2071/2032 1803/2200/2161 1797/2062/2023
f 1361/2009/1971 1359/2091/2052 1362/2201/2162
f 1358/2023/1984 1108/2167/2128 1110/2185/2146
f 1274/2108/2069 1302/2202/2163 1289/2168/2129
f 1289/2168/2129 1299/2203/2164 1287/2158/2119
f 1251/2188/2149 1096/2189/2150 1093/2204/2165
f 1300/2205/2166 1296/2191/2152 1288/2159/2120
f 1297/2192/2153 1301/2206/2167 1282/2129/2090
f 1282/2129/2090 1301/2206/2167 1285/2145/2106
f 1301/2206/2167 1293/2183/2144 1285/2145/2106
f 1099/2170/2131 1237/2133/2094 1092/2173/2134
f 1294/2184/2145 1298/2194/2155 1291/2171/2132
f 1238/2134/2095 1248/2174/2135 1105/2207/2168
f 1893/2162/2123 1477/2196/2157 1895/2197/2158
f 1470/2151/2112 1478/2199/2160 1476/2198/2159
f 1894/2164/2125 1896/2208/2169 1891/2140/2101
f 1891/2140/2101 1896/2208/2169 1804/2166/2127
f 1804/2166/2127 1805/2209/2170 1799/2061/2022
f 1359/2091/2052 1110/2185/2146 1362/2201/2162
f 1274/2108/2069 1303/2210/2171 1302/2202/2163
f 1299/2203/2164 1295/2190/2151 1287/2158/2119
f 1296/2191/2152 1292/2182/2143 1290/2169/2130
f 1090/2172/2133 1091/2193/2154 1092/2173/2134
f 1105/2207/2168 1091/2193/2154 1238/2134/2095
f 1243/2147/2108 154/2211/2172 1248/2174/2135
f 1477/2196/2157 1897/2212/2173 1895/2197/2158
f 1474/2165/2126 1475/2176/2137 1478/2199/2160
f 1366/2105/2066 1364/2213/2174 1471/2153/2114
f 1363/2124/2085 1365/2214/2175 1367/2021/1982
f 1798/2071/2032 1802/2177/2138 1803/2200/2161
f 1274/2108/2069 1304/2215/2176 1303/2210/2171
f 1244/2154/2115 1251/2188/2149 1107/2187/2148
f 1302/2202/2163 1299/2203/2164 1289/2168/2129
f 1093/2204/2165 1095/2216/2177 1251/2188/2149
f 1093/2204/2165 1094/2217/2178 1095/2216/2177
f 1288/2159/2120 1295/2190/2151 1300/2205/2166
f 1096/2189/2150 1097/2218/2179 1098/2219/2180
f 1093/2204/2165 1096/2189/2150 1098/2219/2180
f 1096/2189/2150 1249/2178/2139 1252/2220/2181
f 1096/2189/2150 1252/2220/2181 1097/2218/2179
f 1102/2180/2141 1097/2218/2179 1249/2178/2139
f 1099/2170/2131 1092/2173/2134 1100/2221/2182
f 1105/2207/2168 1248/2174/2135 154/2211/2172
f 1894/2164/2125 1895/2197/2158 1896/2208/2169
f 1478/2199/2160 1475/2176/2137 1479/2222/2183
f 1475/2176/2137 1471/2153/2114 1373/2223/2184
f 1361/2009/1971 1362/2201/2162 1363/2124/2085
f 1803/2200/2161 1796/2010/1972 1797/2062/2023
f 1362/2201/2162 1110/2185/2146 1369/2224/2185
f 1107/2187/2148 1251/2188/2149 1095/2216/2177
f 1101/2225/2186 1094/2217/2178 1093/2204/2165
f 1093/2204/2165 1098/2219/2180 1101/2225/2186
f 1300/2205/2166 1295/2190/2151 1299/2203/2164
f 1300/2205/2166 1307/2226/2187 1296/2191/2152
f 1252/2220/2181 1249/2178/2139 1097/2218/2179
f 1102/2180/2141 1103/2227/2188 1097/2218/2179
f 1102/2180/2141 1104/2181/2142 1103/2227/2188
f 1099/2170/2131 1100/2221/2182 1104/2181/2142
f 1294/2184/2145 542/2228/2189 1298/2194/2155
f 1105/2207/2168 1106/2229/2190 1091/2193/2154
f 1895/2197/2158 1897/2212/2173 1896/2208/2169
f 1476/2198/2159 1478/2199/2160 1479/2222/2183
f 1897/2212/2173 1480/2230/2191 1896/2208/2169
f 1480/2230/2191 1806/2231/2192 1896/2208/2169
f 1804/2166/2127 1896/2208/2169 1806/2231/2192
f 1479/2222/2183 1475/2176/2137 1373/2223/2184
f 1799/2061/2022 1805/2209/2170 1801/2232/2193
f 1303/2210/2171 1299/2203/2164 1302/2202/2163
f 1107/2187/2148 1095/2216/2177 1109/2233/2194
f 1307/2226/2187 1300/2205/2166 1308/2234/2195
f 1097/2218/2179 1103/2227/2188 1111/2235/2196
f 1296/2191/2152 1309/2236/2197 1292/2182/2143
f 1104/2181/2142 1112/2237/2198 1103/2227/2188
f 1310/2238/2199 1301/2206/2167 1297/2192/2153
f 1301/2206/2167 1294/2184/2145 1293/2183/2144
f 1897/2212/2173 1477/2196/2157 1480/2230/2191
f 1476/2198/2159 1479/2222/2183 1481/2239/2200
f 1805/2209/2170 1804/2166/2127 1806/2231/2192
f 1471/2153/2114 1364/2213/2174 1373/2223/2184
f 1802/2177/2138 1808/2240/2201 1803/2200/2161
f 1363/2124/2085 1362/2201/2162 1371/2241/2202
f 1362/2201/2162 1369/2224/2185 1371/2241/2202
f 1311/2242/2203 1299/2203/2164 1303/2210/2171
f 1109/2233/2194 1095/2216/2177 1113/2243/2204
f 1311/2242/2203 1313/2244/2205 1300/2205/2166
f 1311/2242/2203 1300/2205/2166 1299/2203/2164
f 1101/2225/2186 1098/2219/2180 1114/2245/2206
f 1313/2244/2205 1308/2234/2195 1300/2205/2166
f 1098/2219/2180 1097/2218/2179 1116/2246/2207
f 1308/2234/2195 1314/2247/2208 1307/2226/2187
f 1314/2247/2208 1296/2191/2152 1307/2226/2187
f 1296/2191/2152 1314/2247/2208 1309/2236/2197
f 1111/2235/2196 1103/2227/2188 1117/2248/2209
f 1103/2227/2188 1112/2237/2198 1118/2249/2210
f 1104/2181/2142 1100/2221/2182 1112/2237/2198
f 1309/2236/2197 1297/2192/2153 1292/2182/2143
f 1309/2236/2197 1310/2238/2199 1297/2192/2153
f 1091/2193/2154 1119/2250/2211 1092/2173/2134
f 1298/2194/2155 533/2251/2212 532/2161/2122
f 154/2211/2172 152/2252/2213 1105/2207/2168
f 532/2161/2122 536/2253/2214 539/2195/2156
f 1243/2147/2108 155/2254/2215 154/2211/2172
f 1805/2209/2170 1806/2231/2192 1810/2255/2216
f 1801/2232/2193 1811/2256/2217 1807/2257/2218
f 1796/2010/1972 1803/2200/2161 1813/2258/2219
f 1813/2258/2219 1305/2186/2147 1796/2010/1972
f 1304/2215/2176 1311/2242/2203 1303/2210/2171
f 1101/2225/2186 1114/2245/2206 1113/2243/2204
f 1113/2243/2204 1095/2216/2177 1094/2217/2178
f 1094/2217/2178 1101/2225/2186 1113/2243/2204
f 1114/2245/2206 1098/2219/2180 1120/2259/2220
f 1098/2219/2180 1116/2246/2207 1121/2260/2221
f 1111/2235/2196 1116/2246/2207 1097/2218/2179
f 1111/2235/2196 1117/2248/2209 1122/2261/2222
f 1310/2238/2199 1315/2262/2223 1301/2206/2167
f 1315/2262/2223 1294/2184/2145 1301/2206/2167
f 1092/2173/2134 1119/2250/2211 1100/2221/2182
f 1294/2184/2145 546/2263/2224 542/2228/2189
f 531/2264/2225 534/2265/2226 537/2266/2227
f 152/2252/2213 160/2267/2228 1105/2207/2168
f 1243/2147/2108 539/2195/2156 155/2254/2215
f 1480/2230/2191 1482/2268/2229 1806/2231/2192
f 1481/2239/2200 1479/2222/2183 1483/2269/2230
f 1810/2255/2216 1815/2270/2231 1805/2209/2170
f 1815/2270/2231 1801/2232/2193 1805/2209/2170
f 1110/2185/2146 1129/2271/2232 1369/2224/2185
f 1814/2272/2219 1312/2273/2233 1306/2274/2234
f 1316/2275/2235 1313/2244/2205 1311/2242/2203
f 1113/2243/2204 1114/2245/2206 1123/2276/2236
f 1120/2259/2220 1098/2219/2180 1121/2260/2221
f 1318/2277/2237 1308/2234/2195 1313/2244/2205
f 1117/2248/2209 1118/2249/2210 1122/2261/2222
f 1103/2227/2188 1118/2249/2210 1117/2248/2209
f 1112/2237/2198 1100/2221/2182 1124/2278/2238
f 160/2267/2228 1106/2229/2190 1105/2207/2168
f 1806/2231/2192 1482/2268/2229 1810/2255/2216
f 1483/2269/2230 1479/2222/2183 1373/2223/2184
f 1816/2279/2239 1803/2200/2161 1808/2240/2201
f 1365/2214/2175 1363/2124/2085 1371/2241/2202
f 1317/2280/2240 1312/2273/2233 1814/2272/2219
f 1113/2243/2204 1123/2276/2236 1109/2233/2194
f 1125/2281/2241 1116/2246/2207 1111/2235/2196
f 1125/2281/2241 1111/2235/2196 1126/2282/2242
f 1111/2235/2196 1122/2261/2222 1126/2282/2242
f 1122/2261/2222 1118/2249/2210 1127/2283/2243
f 546/2263/2224 1294/2184/2145 1319/2284/2244
f 542/2228/2189 533/2251/2212 1298/2194/2155
f 537/2266/2227 156/2285/2245 538/2286/2246
f 1482/2268/2229 1815/2270/2231 1810/2255/2216
f 1373/2223/2184 1376/2287/2247 1483/2269/2230
f 1815/2270/2231 1811/2256/2217 1801/2232/2193
f 1370/2288/2248 1368/2289/2249 1132/2290/2250
f 1817/2291/2251 1317/2280/2240 1814/2272/2219
f 1128/2292/2232 1109/2233/2194 1123/2276/2236
f 1320/2293/2252 1313/2244/2205 1316/2275/2235
f 1121/2260/2221 1116/2246/2207 1125/2281/2241
f 1321/2294/2253 1308/2234/2195 1318/2277/2237
f 1125/2281/2241 1126/2282/2242 1130/2295/2254
f 1315/2262/2223 1319/2284/2244 1294/2184/2145
f 1482/2268/2229 1484/2296/2255 1815/2270/2231
f 1364/2213/2174 1372/2297/2256 1373/2223/2184
f 1365/2214/2175 1371/2241/2202 1375/2298/2257
f 1816/2279/2239 1818/2299/2258 1803/2200/2161
f 1803/2200/2161 1818/2299/2258 1813/2258/2219
f 1819/2300/2258 1317/2280/2240 1817/2291/2251
f 1819/2300/2258 1817/2291/2251 1814/2272/2219
f 1369/2224/2185 1129/2271/2232 1133/2301/2259
f 1114/2245/2206 1128/2292/2232 1123/2276/2236
f 1129/2271/2232 1115/2302/2260 1133/2301/2259
f 1131/2303/2261 1114/2245/2206 1134/2304/2262
f 1114/2245/2206 1120/2259/2220 1134/2304/2262
f 1313/2244/2205 1322/2305/2263 1318/2277/2237
f 1308/2234/2195 1321/2294/2253 1314/2247/2208
f 1091/2193/2154 1042/2306/2264 1119/2250/2211
f 1091/2193/2154 1106/2229/2190 1042/2306/2264
f 152/2252/2213 154/2211/2172 155/2254/2215
f 1483/2269/2230 1376/2287/2247 1485/2307/2265
f 1320/2293/2252 1323/2308/2266 1313/2244/2205
f 1313/2244/2205 1323/2308/2266 1322/2305/2263
f 1321/2294/2253 1324/2309/2267 1314/2247/2208
f 1126/2282/2242 1122/2261/2222 1130/2295/2254
f 1122/2261/2222 1135/2310/2268 1130/2295/2254
f 1122/2261/2222 1127/2283/2243 1135/2310/2268
f 1314/2247/2208 1325/2311/2269 1309/2236/2197
f 1112/2237/2198 1124/2278/2238 1118/2249/2210
f 1100/2221/2182 1119/2250/2211 1124/2278/2238
f 1815/2270/2231 1484/2296/2255 1811/2256/2217
f 1376/2287/2247 1373/2223/2184 1377/2312/2270
f 1372/2297/2256 1377/2312/2270 1373/2223/2184
f 1372/2297/2256 1364/2213/2174 1374/2313/2271
f 1370/2288/2248 1132/2290/2250 1378/2314/2272
f 1120/2259/2220 1136/2315/2273 1137/2316/2274
f 1318/2277/2237 1322/2305/2263 1321/2294/2253
f 1120/2259/2220 1121/2260/2221 1136/2315/2273
f 1125/2281/2241 1136/2315/2273 1121/2260/2221
f 1125/2281/2241 1138/2317/2275 1136/2315/2273
f 1125/2281/2241 1130/2295/2254 1138/2317/2275
f 1130/2295/2254 1135/2310/2268 1138/2317/2275
f 1127/2283/2243 1118/2249/2210 1139/2318/2276
f 1325/2311/2269 1326/2319/2277 1309/2236/2197
f 1118/2249/2210 1124/2278/2238 1139/2318/2276
f 1484/2296/2255 1820/2320/2278 1811/2256/2217
f 1809/2321/2279 1812/2322/2280 1823/2323/2281
f 1374/2313/2271 1370/2288/2248 1379/2324/2282
f 1819/2300/2258 1824/2325/2283 1317/2280/2240
f 1316/2275/2235 1327/2326/2284 1320/2293/2252
f 1327/2326/2284 1323/2308/2266 1320/2293/2252
f 1134/2304/2262 1120/2259/2220 1137/2316/2274
f 1324/2309/2267 1325/2311/2269 1314/2247/2208
f 1127/2283/2243 1139/2318/2276 1135/2310/2268
f 1309/2236/2197 1326/2319/2277 1310/2238/2199
f 1326/2319/2277 1315/2262/2223 1310/2238/2199
f 546/2263/2224 540/2327/2285 542/2228/2189
f 1485/2307/2265 1376/2287/2247 1382/2328/2286
f 1484/2296/2255 1381/2329/2287 1825/2330/2288
f 1484/2296/2255 1825/2330/2288 1820/2320/2278
f 1822/2331/2289 1816/2279/2239 1808/2240/2201
f 1370/2288/2248 1378/2314/2272 1379/2324/2282
f 1379/2324/2282 1378/2314/2272 1380/2332/2290
f 1822/2331/2289 1818/2299/2258 1816/2279/2239
f 1824/2325/2283 1328/2333/2291 1317/2280/2240
f 1137/2316/2274 1136/2315/2273 1140/2334/2292
f 1141/2335/2293 1140/2334/2292 1136/2315/2273
f 1136/2315/2273 1138/2317/2275 1141/2335/2293
f 1138/2317/2275 1135/2310/2268 1142/2336/2294
f 1142/2336/2294 1135/2310/2268 1139/2318/2276
f 1143/2337/2295 1139/2318/2276 1124/2278/2238
f 1329/2338/2296 1315/2262/2223 1326/2319/2277
f 1376/2287/2247 1377/2312/2270 1382/2328/2286
f 1826/2339/2297 1827/2340/2298 1821/2341/2299
f 1374/2313/2271 1379/2324/2282 1372/2297/2256
f 1819/2300/2258 1828/2342/2300 1824/2325/2283
f 1330/2343/2301 1321/2294/2253 1322/2305/2263
f 1324/2309/2267 1331/2344/2302 1325/2311/2269
f 541/2345/2303 535/2346/2226 543/2347/2304
f 160/2267/2228 165/2348/2305 1106/2229/2190
f 152/2252/2213 158/2349/2306 160/2267/2228
f 153/2350/2307 157/2351/2308 159/2352/2306
f 1821/2341/2299 1827/2340/2298 1829/2353/2309
f 1812/2322/2280 1829/2353/2309 1823/2323/2281
f 1821/2341/2299 1829/2353/2309 1812/2322/2280
f 1823/2323/2281 1828/2342/2300 1819/2300/2258
f 1132/2290/2250 1384/2354/2310 1378/2314/2272
f 1323/2308/2266 1330/2343/2301 1322/2305/2263
f 1321/2294/2253 1330/2343/2301 1324/2309/2267
f 1324/2309/2267 1330/2343/2301 1331/2344/2302
f 1138/2317/2275 1142/2336/2294 1144/2355/2311
f 1315/2262/2223 1332/2356/2312 1319/2284/2244
f 1124/2278/2238 1119/2250/2211 1143/2337/2295
f 1319/2284/2244 557/2357/2313 546/2263/2224
f 1042/2306/2264 1044/2358/2314 1119/2250/2211
f 534/2265/2226 544/2359/2315 537/2266/2227
f 537/2266/2227 545/2360/2316 156/2285/2245
f 1826/2339/2297 1383/2361/2317 1827/2340/2298
f 1382/2328/2286 1377/2312/2270 1391/2362/2318
f 1378/2314/2272 1384/2354/2310 1380/2332/2290
f 1132/2290/2250 1146/2363/2319 1384/2354/2310
f 1131/2303/2261 1134/2304/2262 1145/2364/2320
f 1134/2304/2262 1147/2365/2321 1145/2364/2320
f 1134/2304/2262 1137/2316/2274 1147/2365/2321
f 1137/2316/2274 1140/2334/2292 1148/2366/2322
f 1140/2334/2292 1144/2355/2311 1148/2366/2322
f 1140/2334/2292 1141/2335/2293 1144/2355/2311
f 1141/2335/2293 1138/2317/2275 1144/2355/2311
f 1139/2318/2276 1149/2367/2323 1142/2336/2294
f 547/2368/2324 549/2369/2325 541/2345/2303
f 1042/2306/2264 1106/2229/2190 165/2348/2305
f 160/2267/2228 158/2349/2306 165/2348/2305
f 156/2285/2245 550/2370/2326 161/2371/2327
f 157/2351/2308 162/2372/2327 159/2352/2306
f 1379/2324/2282 1380/2332/2290 1385/2373/2328
f 1824/2325/2283 1335/2374/2329 1328/2333/2291
f 1137/2316/2274 1148/2366/2322 1147/2365/2321
f 1323/2308/2266 1327/2326/2284 1330/2343/2301
f 1329/2338/2296 1332/2356/2312 1315/2262/2223
f 1332/2356/2312 557/2357/2313 1319/2284/2244
f 546/2263/2224 557/2357/2313 548/2375/2330
f 1383/2361/2317 1392/2376/2318 1827/2340/2298
f 1829/2353/2309 1830/2377/2331 1823/2323/2281
f 1327/2326/2284 1333/2378/2332 1330/2343/2301
f 1148/2366/2322 1144/2355/2311 1150/2379/2333
f 1119/2250/2211 1044/2358/2314 1143/2337/2295
f 1042/2306/2264 1043/2380/2334 1044/2358/2314
f 534/2265/2226 551/2381/2335 544/2359/2315
f 1827/2340/2298 1831/2382/2336 1829/2353/2309
f 1829/2353/2309 1831/2382/2336 1830/2377/2331
f 1828/2342/2300 1832/2383/2337 1824/2325/2283
f 1384/2354/2310 1146/2363/2319 1157/2384/2338
f 1832/2383/2337 1335/2374/2329 1824/2325/2283
f 1334/2385/2339 1336/2386/2340 1327/2326/2284
f 1147/2365/2321 1148/2366/2322 1150/2379/2333
f 1330/2343/2301 1333/2378/2332 1337/2387/2341
f 535/2346/2226 541/2345/2303 552/2388/2342
f 162/2372/2327 163/2389/2343 159/2352/2306
f 1392/2376/2318 1831/2382/2336 1827/2340/2298
f 1386/2390/2344 1379/2324/2282 1385/2373/2328
f 1830/2377/2331 1833/2391/2345 1823/2323/2281
f 1833/2391/2345 1828/2342/2300 1823/2323/2281
f 1387/2392/2346 1385/2373/2328 1380/2332/2290
f 1387/2392/2346 1380/2332/2290 1388/2393/2347
f 1388/2393/2347 1380/2332/2290 1384/2354/2310
f 1833/2391/2345 1832/2383/2337 1828/2342/2300
f 1336/2386/2340 1333/2378/2332 1327/2326/2284
f 1151/2394/2348 1147/2365/2321 1150/2379/2333
f 1151/2394/2348 1150/2379/2333 1152/2395/2349
f 1153/2396/2350 1144/2355/2311 1142/2336/2294
f 1142/2336/2294 1149/2367/2323 1153/2396/2350
f 1325/2311/2269 1338/2397/2351 1326/2319/2277
f 1154/2398/2352 1139/2318/2276 1155/2399/2353
f 1154/2398/2352 1149/2367/2323 1139/2318/2276
f 1326/2319/2277 1338/2397/2351 1329/2338/2296
f 1042/2306/2264 165/2348/2305 1043/2380/2334
f 164/2400/2354 166/2401/2355 159/2352/2306
f 544/2359/2315 545/2360/2316 537/2266/2227
f 545/2360/2316 550/2370/2326 156/2285/2245
f 1377/2312/2270 1389/2402/2356 1391/2362/2318
f 1377/2312/2270 1372/2297/2256 1389/2402/2356
f 1372/2297/2256 1379/2324/2282 1389/2402/2356
f 1386/2390/2344 1385/2373/2328 1387/2392/2346
f 1145/2364/2320 1147/2365/2321 1151/2394/2348
f 1331/2344/2302 1339/2403/2357 1325/2311/2269
f 1139/2318/2276 1143/2337/2295 1155/2399/2353
f 549/2369/2325 553/2404/2358 541/2345/2303
f 1392/2376/2318 1396/2405/2359 1831/2382/2336
f 1379/2324/2282 1386/2390/2344 1389/2402/2356
f 1830/2377/2331 1834/2406/2360 1833/2391/2345
f 1388/2393/2347 1393/2407/2361 1387/2392/2346
f 1384/2354/2310 1393/2407/2361 1388/2393/2347
f 1384/2354/2310 1157/2384/2338 1393/2407/2361
f 1145/2364/2320 1151/2394/2348 1156/2408/2362
f 1334/2385/2339 1340/2409/2363 1336/2386/2340
f 1330/2343/2301 1341/2410/2364 1331/2344/2302
f 1331/2344/2302 1341/2410/2364 1339/2403/2357
f 1325/2311/2269 1339/2403/2357 1338/2397/2351
f 1143/2337/2295 1044/2358/2314 1047/2411/2365
f 1334/2385/2339 1342/2412/2366 1340/2409/2363
f 541/2345/2303 553/2404/2358 552/2388/2342
f 1831/2382/2336 1834/2406/2360 1830/2377/2331
f 1387/2392/2346 1394/2413/2367 1386/2390/2344
f 1335/2374/2329 1832/2383/2337 1343/2414/2368
f 1336/2386/2340 1340/2409/2363 1337/2387/2341
f 1336/2386/2340 1337/2387/2341 1333/2378/2332
f 1150/2379/2333 1144/2355/2311 1158/2415/2369
f 1155/2399/2353 1143/2337/2295 1050/2416/2370
f 1143/2337/2295 1047/2411/2365 1050/2416/2370
f 166/2401/2355 164/2400/2354 168/2417/2371
f 1831/2382/2336 1835/2418/2372 1834/2406/2360
f 1389/2402/2356 1395/2419/2359 1391/2362/2318
f 1833/2391/2345 1343/2414/2368 1832/2383/2337
f 1157/2384/2338 1160/2420/2373 1393/2407/2361
f 1150/2379/2333 1158/2415/2369 1152/2395/2349
f 1337/2387/2341 1344/2421/2374 1330/2343/2301
f 1330/2343/2301 1344/2421/2374 1341/2410/2364
f 1345/2422/2375 1332/2356/2312 1329/2338/2296
f 1044/2358/2314 1043/2380/2334 1045/2423/2376
f 1044/2358/2314 1045/2423/2376 1046/2424/2377
f 1043/2380/2334 165/2348/2305 1045/2423/2376
f 549/2369/2325 554/2425/2378 553/2404/2358
f 159/2352/2306 163/2389/2343 164/2400/2354
f 555/2426/2379 545/2360/2316 544/2359/2315
f 1835/2418/2372 1831/2382/2336 1396/2405/2359
f 1159/2427/2380 1156/2408/2362 1151/2394/2348
f 1342/2412/2366 1337/2387/2341 1340/2409/2363
f 1161/2428/2381 1151/2394/2348 1152/2395/2349
f 1144/2355/2311 1153/2396/2350 1158/2415/2369
f 1162/2429/2382 1153/2396/2350 1149/2367/2323
f 1339/2403/2357 1346/2430/2383 1338/2397/2351
f 1345/2422/2375 557/2357/2313 1332/2356/2312
f 1047/2411/2365 1044/2358/2314 1048/2431/2384
f 1048/2431/2384 1044/2358/2314 1046/2424/2377
f 551/2381/2335 555/2426/2379 544/2359/2315
f 556/2432/2385 161/2371/2327 550/2370/2326
f 1387/2392/2346 1397/2433/2386 1394/2413/2367
f 1387/2392/2346 1393/2407/2361 1397/2433/2386
f 1151/2394/2348 1161/2428/2381 1159/2427/2380
f 1347/2434/2387 1337/2387/2341 1342/2412/2366
f 1158/2415/2369 1153/2396/2350 1163/2435/2388
f 554/2425/2378 549/2369/2325 558/2436/2389
f 1396/2405/2359 1400/2437/2390 1835/2418/2372
f 1835/2418/2372 1836/2438/2391 1834/2406/2360
f 1386/2390/2344 1394/2413/2367 1389/2402/2356
f 1393/2407/2361 1168/2439/2392 1398/2440/2393
f 1393/2407/2361 1160/2420/2373 1168/2439/2392
f 1152/2395/2349 1164/2441/2394 1161/2428/2381
f 1149/2367/2323 1154/2398/2352 1162/2429/2382
f 1155/2399/2353 1050/2416/2370 1154/2398/2352
f 1338/2397/2351 1345/2422/2375 1329/2338/2296
f 1047/2411/2365 1049/2442/2395 1050/2416/2370
f 165/2348/2305 167/2443/2396 1045/2423/2376
f 545/2360/2316 559/2444/2397 550/2370/2326
f 1835/2418/2372 1400/2437/2390 1836/2438/2391
f 1834/2406/2360 1836/2438/2391 1833/2391/2345
f 1837/2445/2398 1343/2414/2368 1833/2391/2345
f 1393/2407/2361 1398/2440/2393 1397/2433/2386
f 1337/2387/2341 1347/2434/2387 976/2446/2399
f 1344/2421/2374 1337/2387/2341 1349/2447/2400
f 1153/2396/2350 1162/2429/2382 1165/2448/2401
f 1346/2430/2383 1350/2449/2402 1338/2397/2351
f 1047/2411/2365 1048/2431/2384 1049/2442/2395
f 1345/2422/2375 1351/2450/2403 557/2357/2313
f 163/2389/2343 169/2451/2404 164/2400/2354
f 555/2426/2379 559/2444/2397 545/2360/2316
f 1389/2402/2356 1399/2452/2405 1395/2419/2359
f 1833/2391/2345 1836/2438/2391 1837/2445/2398
f 1343/2414/2368 1837/2445/2398 1348/2453/2406
f 1159/2427/2380 1166/2454/2407 1167/2455/2408
f 1161/2428/2381 1166/2454/2407 1159/2427/2380
f 1152/2395/2349 1158/2415/2369 1164/2441/2394
f 976/2446/2399 1349/2447/2400 1337/2387/2341
f 1344/2421/2374 1349/2447/2400 1341/2410/2364
f 1154/2398/2352 1058/2456/2409 1162/2429/2382
f 1346/2430/2383 1352/2457/2410 1350/2449/2402
f 1046/2424/2377 1045/2423/2376 1051/2458/2411
f 1161/2428/2381 1164/2441/2394 1166/2454/2407
f 1350/2449/2402 1345/2422/2375 1338/2397/2351
f 1050/2416/2370 1049/2442/2395 1052/2459/2412
f 1051/2458/2411 1045/2423/2376 172/2460/2413
f 168/2417/2371 164/2400/2354 169/2451/2404
f 559/2444/2397 556/2432/2385 550/2370/2326
f 1404/2461/2414 1400/2437/2390 1390/2462/2415
f 1836/2438/2391 1400/2437/2390 1404/2461/2414
f 1397/2433/2386 1398/2440/2393 1172/2463/2416
f 1398/2440/2393 1168/2439/2392 1172/2463/2416
f 1166/2454/2407 1164/2441/2394 1169/2464/2417
f 1169/2464/2417 1164/2441/2394 1158/2415/2369
f 1153/2396/2350 1165/2448/2401 1163/2435/2388
f 1341/2410/2364 1346/2430/2383 1339/2403/2357
f 161/2371/2327 556/2432/2385 175/2465/2418
f 1394/2413/2367 1397/2433/2386 1389/2402/2356
f 1836/2438/2391 1838/2466/2419 1837/2445/2398
f 1836/2438/2391 1839/2467/2420 1838/2466/2419
f 1397/2433/2386 1172/2463/2416 1401/2468/2421
f 1167/2455/2408 1170/2469/2422 1171/2470/2423
f 1167/2455/2408 1166/2454/2407 1170/2469/2422
f 1158/2415/2369 1173/2471/2424 1169/2464/2417
f 1050/2416/2370 1054/2472/2425 1154/2398/2352
f 553/2404/2358 560/2473/2426 552/2388/2342
f 1836/2438/2391 1404/2461/2414 1406/2474/2427
f 1389/2402/2356 1402/2475/2428 1403/2476/2414
f 1389/2402/2356 1397/2433/2386 1402/2475/2428
f 1838/2466/2419 1840/2477/2429 1837/2445/2398
f 1837/2445/2398 1354/2478/2430 1348/2453/2406
f 1349/2447/2400 973/2479/2431 1341/2410/2364
f 1154/2398/2352 1054/2472/2425 1058/2456/2409
f 1050/2416/2370 1052/2459/2412 1054/2472/2425
f 1045/2423/2376 167/2443/2396 172/2460/2413
f 554/2425/2378 560/2473/2426 553/2404/2358
f 551/2381/2335 561/2480/2432 555/2426/2379
f 168/2417/2371 169/2451/2404 170/2481/2433
f 1403/2476/2414 1402/2475/2428 1405/2482/2427
f 1406/2474/2427 1839/2467/2420 1836/2438/2391
f 940/2483/2434 1354/2478/2430 1837/2445/2398
f 1166/2454/2407 1169/2464/2417 1170/2469/2422
f 1049/2442/2395 1053/2484/2435 1052/2459/2412
f 1345/2422/2375 444/2485/2436 1351/2450/2403
f 444/2485/2436 557/2357/2313 1351/2450/2403
f 1046/2424/2377 1051/2458/2411 1048/2431/2384
f 552/2388/2342 560/2473/2426 562/2486/2432
f 1397/2433/2386 1401/2468/2421 1402/2475/2428
f 1347/2434/2387 1353/2487/2437 967/2488/2438
f 1169/2464/2417 1174/2489/2439 1170/2469/2422
f 1347/2434/2387 967/2488/2438 976/2446/2399
f 1169/2464/2417 1173/2471/2424 1174/2489/2439
f 1163/2435/2388 1173/2471/2424 1158/2415/2369
f 1341/2410/2364 971/2490/2440 1346/2430/2383
f 1052/2459/2412 1053/2484/2435 1054/2472/2425
f 1350/2449/2402 1355/2491/2441 1345/2422/2375
f 445/2492/2442 563/2493/2443 558/2436/2389
f 558/2436/2389 563/2493/2443 554/2425/2378
f 168/2417/2371 171/2494/2444 173/2495/2445
f 162/2372/2327 174/2496/2446 163/2389/2343
f 163/2389/2343 174/2496/2446 169/2451/2404
f 1172/2463/2416 1177/2497/2447 1401/2468/2421
f 1837/2445/2398 1840/2477/2429 940/2483/2434
f 1170/2469/2422 1175/2498/2448 1171/2470/2423
f 1163/2435/2388 1165/2448/2401 1173/2471/2424
f 1341/2410/2364 973/2479/2431 971/2490/2440
f 1165/2448/2401 1162/2429/2382 1058/2456/2409
f 1350/2449/2402 1352/2457/2410 1355/2491/2441
f 1355/2491/2441 1356/2499/2449 1345/2422/2375
f 1345/2422/2375 1356/2499/2449 444/2485/2436
f 1405/2482/2427 1402/2475/2428 1407/2500/2450
f 1838/2466/2419 1839/2467/2420 1841/2501/2451
f 1841/2501/2451 1842/2502/2452 1838/2466/2419
f 1838/2466/2419 1842/2502/2452 1840/2477/2429
f 1176/2503/2447 1171/2470/2423 1175/2498/2448
f 971/2490/2440 1352/2457/2410 1346/2430/2383
f 554/2425/2378 450/2504/2453 560/2473/2426
f 170/2481/2433 171/2494/2444 168/2417/2371
f 555/2426/2379 561/2480/2432 564/2505/2454
f 1842/2502/2452 1843/2506/2455 1840/2477/2429
f 1841/2501/2451 1843/2506/2455 1842/2502/2452
f 1174/2489/2439 1178/2507/2456 1170/2469/2422
f 1352/2457/2410 982/2508/2457 1355/2491/2441
f 1054/2472/2425 1053/2484/2435 1055/2509/2458
f 162/2372/2327 176/2510/2418 174/2496/2446
f 1406/2474/2427 1409/2511/2459 1839/2467/2420
f 1402/2475/2428 1401/2468/2421 1407/2500/2450
f 1401/2468/2421 1177/2497/2447 1182/2512/2460
f 1840/2477/2429 942/2513/2461 940/2483/2434
f 1170/2469/2422 1178/2507/2456 1175/2498/2448
f 1051/2458/2411 1056/2514/2462 1048/2431/2384
f 1405/2482/2427 1407/2500/2450 1408/2515/2463
f 1839/2467/2420 1409/2511/2459 1841/2501/2451
f 1401/2468/2421 697/2516/2464 1407/2500/2450
f 1353/2487/2437 938/2517/2465 967/2488/2438
f 1178/2507/2456 1174/2489/2439 1179/2518/2466
f 976/2446/2399 967/2488/2438 969/2519/2467
f 1165/2448/2401 1058/2456/2409 1180/2520/2468
f 1049/2442/2395 1048/2431/2384 1053/2484/2435
f 554/2425/2378 563/2493/2443 442/2521/2469
f 554/2425/2378 442/2521/2469 450/2504/2453
f 556/2432/2385 565/2522/2470 175/2465/2418
f 1840/2477/2429 1841/2501/2451 942/2513/2461
f 1843/2506/2455 1841/2501/2451 1840/2477/2429
f 1401/2468/2421 1182/2512/2460 697/2516/2464
f 1181/2523/2471 1176/2503/2447 569/2524/2472
f 1179/2518/2466 1174/2489/2439 1183/2525/2473
f 1174/2489/2439 1184/2526/2474 1183/2525/2473
f 1173/2471/2424 1184/2526/2474 1174/2489/2439
f 1173/2471/2424 1165/2448/2401 1184/2526/2474
f 1180/2520/2468 1058/2456/2409 1067/2527/2475
f 172/2460/2413 1056/2514/2462 1051/2458/2411
f 174/2496/2446 177/2528/2476 169/2451/2404
f 169/2451/2404 177/2528/2476 170/2481/2433
f 564/2505/2454 566/2529/2477 555/2426/2379
f 555/2426/2379 566/2529/2477 559/2444/2397
f 1407/2500/2450 697/2516/2464 1408/2515/2463
f 1178/2507/2456 1179/2518/2466 1175/2498/2448
f 968/2530/2478 939/2531/2434 970/2532/2479
f 1349/2447/2400 976/2446/2399 979/2533/2480
f 1349/2447/2400 979/2533/2480 973/2479/2431
f 1165/2448/2401 1180/2520/2468 1184/2526/2474
f 972/2534/2440 974/2535/2431 975/2536/2481
f 1054/2472/2425 1057/2537/2482 1058/2456/2409
f 1352/2457/2410 971/2490/2440 982/2508/2457
f 171/2494/2444 170/2481/2433 178/2538/2483
f 1409/2511/2459 942/2513/2461 1841/2501/2451
f 1181/2523/2471 569/2524/2472 696/2539/2484
f 1355/2491/2441 458/2540/2485 1356/2499/2449
f 1053/2484/2435 1059/2541/2486 1055/2509/2458
f 1048/2431/2384 1056/2514/2462 1060/2542/2487
f 1175/2498/2448 1179/2518/2466 1185/2543/2488
f 977/2544/2399 970/2532/2479 978/2545/2489
f 977/2544/2399 978/2545/2489 980/2546/2480
f 1180/2520/2468 1067/2527/2475 1184/2526/2474
f 1054/2472/2425 1055/2509/2458 1059/2541/2486
f 1048/2431/2384 1060/2542/2487 1053/2484/2435
f 171/2494/2444 178/2538/2483 173/2495/2445
f 559/2444/2397 565/2522/2470 556/2432/2385
f 176/2510/2418 181/2547/2490 174/2496/2446
f 1183/2525/2473 1186/2548/2491 1179/2518/2466
f 974/2535/2431 980/2546/2480 975/2536/2481
f 1058/2456/2409 1057/2537/2482 1067/2527/2475
f 1355/2491/2441 982/2508/2457 458/2540/2485
f 1054/2472/2425 1059/2541/2486 1061/2549/2492
f 563/2493/2443 440/2550/2493 442/2521/2469
f 170/2481/2433 177/2528/2476 182/2551/2494
f 939/2531/2434 981/2552/2495 970/2532/2479
f 1179/2518/2466 1186/2548/2491 1185/2543/2488
f 975/2536/2481 983/2553/2496 972/2534/2440
f 563/2493/2443 445/2492/2442 440/2550/2493
f 172/2460/2413 186/2554/2497 1056/2514/2462
f 173/2495/2445 178/2538/2483 184/2555/2498
f 175/2465/2418 565/2522/2470 180/2556/2499
f 939/2531/2434 941/2557/2500 943/2558/2501
f 1176/2503/2447 1175/2498/2448 569/2524/2472
f 1184/2526/2474 1067/2527/2475 1187/2559/2502
f 1054/2472/2425 1061/2549/2492 1057/2537/2482
f 1053/2484/2435 1062/2560/2503 1059/2541/2486
f 1060/2542/2487 1062/2560/2503 1053/2484/2435
f 560/2473/2426 450/2504/2453 562/2486/2432
f 559/2444/2397 566/2529/2477 565/2522/2470
f 939/2531/2434 943/2558/2501 981/2552/2495
f 978/2545/2489 970/2532/2479 981/2552/2495
f 1186/2548/2491 1183/2525/2473 1188/2561/2504
f 1356/2499/2449 446/2562/2505 444/2485/2436
f 172/2460/2413 183/2563/2506 186/2554/2497
f 562/2486/2432 450/2504/2453 453/2564/2507
f 181/2547/2490 177/2528/2476 174/2496/2446
f 1409/2511/2459 702/2565/2508 942/2513/2461
f 458/2540/2485 446/2562/2505 1356/2499/2449
f 561/2480/2432 452/2566/2509 564/2505/2454
f 564/2505/2454 567/2567/2510 566/2529/2477
f 697/2516/2464 701/2568/2511 1408/2515/2463
f 698/2569/2512 570/2570/2472 700/2571/2513
f 1175/2498/2448 1185/2543/2488 569/2524/2472
f 1186/2548/2491 1188/2561/2504 1185/2543/2488
f 1183/2525/2473 1184/2526/2474 1188/2561/2504
f 1059/2541/2486 1063/2572/2514 1061/2549/2492
f 1056/2514/2462 186/2554/2497 1060/2542/2487
f 440/2550/2493 441/2573/2515 442/2521/2469
f 442/2521/2469 441/2573/2515 450/2504/2453
f 564/2505/2454 452/2566/2509 567/2567/2510
f 566/2529/2477 567/2567/2510 568/2574/2516
f 566/2529/2477 568/2574/2516 565/2522/2470
f 568/2574/2516 180/2556/2499 565/2522/2470
f 1189/2575/2517 1184/2526/2474 1187/2559/2502
f 975/2536/2481 984/2576/2518 983/2553/2496
f 1063/2572/2514 1059/2541/2486 1062/2560/2503
f 443/2577/2519 440/2550/2493 445/2492/2442
f 451/2578/2520 453/2564/2507 450/2504/2453
f 1188/2561/2504 1184/2526/2474 1189/2575/2517
f 978/2545/2489 985/2579/2521 980/2546/2480
f 570/2570/2472 572/2580/2522 700/2571/2513
f 981/2552/2495 943/2558/2501 986/2581/2523
f 447/2582/2524 448/2583/2525 445/2492/2442
f 445/2492/2442 448/2583/2525 443/2577/2519
f 1060/2542/2487 1064/2584/2526 1062/2560/2503
f 981/2552/2495 986/2581/2523 978/2545/2489
f 443/2577/2519 449/2585/2527 440/2550/2493
f 1060/2542/2487 186/2554/2497 1064/2584/2526
f 170/2481/2433 182/2551/2494 178/2538/2483
f 452/2566/2509 456/2586/2528 567/2567/2510
f 1188/2561/2504 573/2587/2529 1185/2543/2488
f 978/2545/2489 987/2588/2530 985/2579/2521
f 980/2546/2480 985/2579/2521 975/2536/2481
f 1057/2537/2482 1061/2549/2492 1065/2589/2531
f 982/2508/2457 988/2590/2532 458/2540/2485
f 186/2554/2497 183/2563/2506 187/2591/2533
f 568/2574/2516 193/2592/2534 180/2556/2499
f 1185/2543/2488 573/2587/2529 569/2524/2472
f 575/2593/2535 1189/2575/2517 1187/2559/2502
f 1187/2559/2502 1067/2527/2475 1068/2594/2536
f 983/2553/2496 984/2576/2518 989/2595/2537
f 1063/2572/2514 1062/2560/2503 1066/2596/2538
f 450/2504/2453 441/2573/2515 451/2578/2520
f 179/2597/2539 190/2598/2540 185/2599/2541
f 177/2528/2476 191/2600/2542 192/2601/2543
f 177/2528/2476 192/2601/2543 182/2551/2494
f 181/2547/2490 194/2602/2544 177/2528/2476
f 570/2570/2472 571/2603/2545 572/2580/2522
f 1067/2527/2475 1057/2537/2482 1068/2594/2536
f 1057/2537/2482 1065/2589/2531 1069/2604/2546
f 1061/2549/2492 1063/2572/2514 1066/2596/2538
f 440/2550/2493 449/2585/2527 441/2573/2515
f 186/2554/2497 187/2591/2533 1064/2584/2526
f 452/2566/2509 454/2605/2547 456/2586/2528
f 567/2567/2510 456/2586/2528 568/2574/2516
f 986/2581/2523 943/2558/2501 945/2606/2548
f 978/2545/2489 986/2581/2523 987/2588/2530
f 1188/2561/2504 1189/2575/2517 575/2593/2535
f 1057/2537/2482 1069/2604/2546 1068/2594/2536
f 1065/2589/2531 1061/2549/2492 1070/2607/2549
f 1066/2596/2538 1062/2560/2503 1071/2608/2550
f 182/2551/2494 195/2609/2551 178/2538/2483
f 1188/2561/2504 575/2593/2535 573/2587/2529
f 975/2536/2481 985/2579/2521 990/2610/2552
f 1061/2549/2492 1066/2596/2538 1070/2607/2549
f 1062/2560/2503 1072/2611/2553 1071/2608/2550
f 443/2577/2519 457/2612/2554 449/2585/2527
f 1064/2584/2526 1072/2611/2553 1062/2560/2503
f 195/2609/2551 189/2613/2555 178/2538/2483
f 194/2602/2544 191/2600/2542 177/2528/2476
f 1187/2559/2502 579/2614/2556 575/2593/2535
f 1068/2594/2536 591/2615/2557 1187/2559/2502
f 443/2577/2519 448/2583/2525 457/2612/2554
f 182/2551/2494 192/2601/2543 195/2609/2551
f 574/2616/2558 576/2617/2559 577/2618/2560
f 576/2617/2559 580/2619/2561 582/2620/2562
f 447/2582/2524 460/2621/2563 448/2583/2525
f 187/2591/2533 197/2622/2564 1064/2584/2526
f 449/2585/2527 461/2623/2565 441/2573/2515
f 451/2578/2520 455/2624/2566 453/2564/2507
f 946/2625/2567 987/2588/2530 986/2581/2523
f 590/2626/2568 579/2614/2556 1187/2559/2502
f 990/2610/2552 991/2627/2569 975/2536/2481
f 462/2628/2570 459/2629/2485 989/2595/2537
f 463/2630/2570 448/2583/2525 460/2621/2563
f 1070/2607/2549 1066/2596/2538 1073/2631/2571
f 1073/2631/2571 1066/2596/2538 1071/2608/2550
f 1073/2631/2571 1071/2608/2550 1074/2632/2572
f 461/2623/2565 449/2585/2527 457/2612/2554
f 190/2598/2540 188/2633/2573 185/2599/2541
f 464/2634/2574 456/2586/2528 454/2605/2547
f 472/2635/2575 193/2592/2534 568/2574/2516
f 570/2570/2472 574/2616/2558 571/2603/2545
f 992/2636/2576 985/2579/2521 987/2588/2530
f 590/2626/2568 1187/2559/2502 591/2615/2557
f 1065/2589/2531 1070/2607/2549 1075/2637/2577
f 1076/2638/2578 1070/2607/2549 1077/2639/2579
f 989/2595/2537 993/2640/2580 462/2628/2570
f 1072/2611/2553 1064/2584/2526 209/2641/2581
f 441/2573/2515 465/2642/2582 451/2578/2520
f 986/2581/2523 945/2606/2548 946/2625/2567
f 1068/2594/2536 1069/2604/2546 591/2615/2557
f 975/2536/2481 991/2627/2569 984/2576/2518
f 1069/2604/2546 1065/2589/2531 1078/2643/2583
f 984/2576/2518 994/2644/2584 989/2595/2537
f 994/2644/2584 995/2645/2585 989/2595/2537
f 1075/2637/2577 1070/2607/2549 1076/2638/2578
f 989/2595/2537 995/2645/2585 993/2640/2580
f 1070/2607/2549 1073/2631/2571 1079/2646/2586
f 1072/2611/2553 1074/2632/2572 1071/2608/2550
f 1072/2611/2553 209/2641/2581 1074/2632/2572
f 188/2633/2573 190/2598/2540 196/2647/2587
f 456/2586/2528 472/2635/2575 568/2574/2516
f 943/2558/2501 944/2648/2588 945/2606/2548
f 448/2583/2525 463/2630/2570 457/2612/2554
f 451/2578/2520 466/2649/2589 455/2624/2566
f 467/2650/2590 464/2634/2574 454/2605/2547
f 996/2651/2591 984/2576/2518 991/2627/2569
f 996/2651/2591 994/2644/2584 984/2576/2518
f 1079/2646/2586 1077/2639/2579 1070/2607/2549
f 469/2652/2592 457/2612/2554 463/2630/2570
f 1064/2584/2526 197/2622/2564 209/2641/2581
f 196/2647/2587 198/2653/2593 188/2633/2573
f 945/2606/2548 944/2648/2588 946/2625/2567
f 576/2617/2559 583/2654/2594 577/2618/2560
f 1065/2589/2531 1075/2637/2577 596/2655/2595
f 1078/2643/2583 1065/2589/2531 596/2655/2595
f 994/2644/2584 997/2656/2596 995/2645/2585
f 1077/2639/2579 1080/2657/2597 1076/2638/2578
f 995/2645/2585 998/2658/2598 993/2640/2580
f 457/2612/2554 470/2659/2599 461/2623/2565
f 441/2573/2515 461/2623/2565 465/2642/2582
f 451/2578/2520 465/2642/2582 466/2649/2589
f 466/2649/2589 468/2660/2600 455/2624/2566
f 195/2609/2551 199/2661/2601 189/2613/2555
f 456/2586/2528 471/2662/2602 472/2635/2575
f 941/2557/2500 699/2663/2603 943/2558/2501
f 571/2603/2545 574/2616/2558 577/2618/2560
f 584/2664/2604 581/2665/2605 578/2666/2556
f 591/2615/2557 1069/2604/2546 1078/2643/2583
f 999/2667/2606 995/2645/2585 997/2656/2596
f 998/2658/2598 995/2645/2585 1000/2668/2607
f 473/2669/2608 465/2642/2582 461/2623/2565
f 200/2670/2609 201/2671/2610 190/2598/2540
f 474/2672/2611 456/2586/2528 464/2634/2574
f 471/2662/2602 210/2673/2612 472/2635/2575
f 949/2674/2613 987/2588/2530 946/2625/2567
f 996/2651/2591 1001/2675/2614 994/2644/2584
f 1075/2637/2577 1076/2638/2578 602/2676/2615
f 999/2667/2606 1000/2668/2607 995/2645/2585
f 1076/2638/2578 1080/2657/2597 602/2676/2615
f 998/2658/2598 462/2628/2570 993/2640/2580
f 462/2628/2570 998/2658/2598 476/2677/2616
f 1077/2639/2579 1079/2646/2586 1081/2678/2617
f 470/2659/2599 473/2669/2608 461/2623/2565
f 190/2598/2540 202/2679/2618 196/2647/2587
f 465/2642/2582 475/2680/2619 466/2649/2589
f 195/2609/2551 192/2601/2543 199/2661/2601
f 191/2600/2542 203/2681/2620 192/2601/2543
f 191/2600/2542 194/2602/2544 203/2681/2620
f 943/2558/2501 699/2663/2603 798/2682/2621
f 571/2603/2545 600/2683/2622 572/2580/2522
f 577/2618/2560 583/2654/2594 585/2684/2623
f 576/2617/2559 582/2620/2562 583/2654/2594
f 591/2615/2557 1078/2643/2583 593/2685/2624
f 1075/2637/2577 1082/2686/2625 596/2655/2595
f 463/2630/2570 477/2687/2616 469/2652/2592
f 1074/2632/2572 1079/2646/2586 1073/2631/2571
f 1074/2632/2572 209/2641/2581 1083/2688/2626
f 465/2642/2582 478/2689/2627 475/2680/2619
f 190/2598/2540 201/2671/2610 202/2679/2618
f 464/2634/2574 467/2650/2590 479/2690/2628
f 464/2634/2574 480/2691/2629 474/2672/2611
f 798/2682/2621 947/2692/2630 943/2558/2501
f 943/2558/2501 947/2692/2630 944/2648/2588
f 987/2588/2530 949/2674/2613 992/2636/2576
f 1082/2686/2625 598/2693/2631 596/2655/2595
f 1075/2637/2577 602/2676/2615 1082/2686/2625
f 1077/2639/2579 1081/2678/2617 1080/2657/2597
f 192/2601/2543 204/2694/2632 199/2661/2601
f 472/2635/2575 210/2673/2612 193/2592/2534
f 571/2603/2545 577/2618/2560 586/2695/2633
f 583/2654/2594 582/2620/2562 588/2696/2634
f 985/2579/2521 992/2636/2576 990/2610/2552
f 994/2644/2584 1002/2697/2635 997/2656/2596
f 997/2656/2596 1002/2697/2635 999/2667/2606
f 1003/2698/2636 1000/2668/2607 999/2667/2606
f 1000/2668/2607 1004/2699/2637 998/2658/2598
f 477/2687/2616 481/2700/2638 469/2652/2592
f 201/2671/2610 206/2701/2639 202/2679/2618
f 466/2649/2589 482/2702/2640 468/2660/2600
f 200/2670/2609 207/2703/2641 201/2671/2610
f 200/2670/2609 208/2704/2642 207/2703/2641
f 205/2705/2643 208/2704/2642 200/2670/2609
f 203/2681/2620 204/2694/2632 192/2601/2543
f 583/2654/2594 588/2696/2634 585/2684/2623
f 944/2648/2588 948/2706/2644 946/2625/2567
f 578/2666/2556 589/2707/2645 584/2664/2604
f 1005/2708/2646 996/2651/2591 991/2627/2569
f 593/2685/2624 1078/2643/2583 596/2655/2595
f 994/2644/2584 1001/2675/2614 1002/2697/2635
f 1081/2678/2617 1079/2646/2586 1084/2709/2647
f 197/2622/2564 106/2710/2648 209/2641/2581
f 473/2669/2608 470/2659/2599 409/2711/2649
f 198/2653/2593 196/2647/2587 107/2712/2650
f 475/2680/2619 483/2713/2651 466/2649/2589
f 479/2690/2628 480/2691/2629 464/2634/2574
f 456/2586/2528 474/2672/2611 471/2662/2602
f 194/2602/2544 211/2714/2652 203/2681/2620
f 990/2610/2552 992/2636/2576 1006/2715/2653
f 590/2626/2568 591/2615/2557 593/2685/2624
f 1082/2686/2625 602/2676/2615 614/2716/2654
f 465/2642/2582 473/2669/2608 478/2689/2627
f 202/2679/2618 206/2701/2639 212/2717/2655
f 466/2649/2589 483/2713/2651 482/2702/2640
f 207/2703/2641 213/2718/2656 201/2671/2610
f 468/2660/2600 482/2702/2640 487/2719/2657
f 467/2650/2590 484/2720/2658 479/2690/2628
f 215/2721/2659 217/2722/2660 205/2705/2643
f 203/2681/2620 214/2723/2659 204/2694/2632
f 205/2705/2643 217/2722/2660 208/2704/2642
f 357/2724/2661 358/2725/2662 359/2726/2663
f 75/2727/2664 76/2728/2665 77/2729/2666
f 78/2730/2667 77/2729/2666 76/2728/2665
f 1006/2715/2653 991/2627/2569 990/2610/2552
f 1006/2715/2653 1005/2708/2646 991/2627/2569
f 602/2676/2615 1080/2657/2597 1085/2731/2668
f 404/2732/2669 470/2659/2599 457/2612/2554
f 196/2647/2587 202/2679/2618 212/2717/2655
f 201/2671/2610 213/2718/2656 206/2701/2639
f 377/2733/2670 487/2719/2657 482/2702/2640
f 218/2734/2671 213/2718/2656 207/2703/2641
f 484/2720/2658 488/2735/2672 479/2690/2628
f 208/2704/2642 219/2736/2673 207/2703/2641
f 474/2672/2611 210/2673/2612 471/2662/2602
f 79/2737/2674 75/2727/2664 77/2729/2666
f 360/2738/2675 357/2724/2661 359/2726/2663
f 361/2739/2676 359/2726/2663 358/2725/2662
f 357/2724/2661 362/2740/2677 358/2725/2662
f 949/2674/2613 950/2741/2678 992/2636/2576
f 584/2664/2604 589/2707/2645 592/2742/2679
f 598/2693/2631 1082/2686/2625 614/2716/2654
f 1000/2668/2607 1003/2698/2636 1004/2699/2637
f 1080/2657/2597 1081/2678/2617 1085/2731/2668
f 404/2732/2669 457/2612/2554 469/2652/2592
f 219/2736/2673 218/2734/2671 207/2703/2641
f 479/2690/2628 488/2735/2672 480/2691/2629
f 220/2743/2680 203/2681/2620 211/2714/2652
f 79/2737/2674 77/2729/2666 80/2744/2681
f 359/2726/2663 361/2739/2676 363/2745/2682
f 357/2724/2661 360/2738/2675 362/2740/2677
f 77/2729/2666 78/2730/2667 81/2746/2683
f 78/2730/2667 83/2747/2684 81/2746/2683
f 358/2725/2662 364/2748/2685 361/2739/2676
f 75/2727/2664 84/2749/2686 85/2750/2687
f 76/2728/2665 75/2727/2664 85/2750/2687
f 76/2728/2665 85/2750/2687 86/2751/2688
f 76/2728/2665 86/2751/2688 78/2730/2667
f 949/2674/2613 946/2625/2567 879/2752/2689
f 587/2753/2690 581/2665/2605 594/2754/2691
f 1006/2715/2653 992/2636/2576 1007/2755/2692
f 595/2756/2693 597/2757/2694 599/2758/2695
f 1081/2678/2617 1086/2759/2696 1085/2731/2668
f 1004/2699/2637 387/2760/2697 998/2658/2598
f 1074/2632/2572 1087/2761/2698 1079/2646/2586
f 404/2732/2669 409/2711/2649 470/2659/2599
f 478/2689/2627 490/2762/2699 475/2680/2619
f 196/2647/2587 212/2717/2655 221/2763/2700
f 203/2681/2620 220/2743/2680 214/2723/2659
f 214/2723/2659 222/2764/2701 216/2765/2702
f 217/2722/2660 219/2736/2673 208/2704/2642
f 219/2736/2673 87/2766/2703 218/2734/2671
f 79/2737/2674 80/2744/2681 87/2766/2703
f 77/2729/2666 88/2767/2704 80/2744/2681
f 77/2729/2666 89/2768/2705 88/2767/2704
f 79/2737/2674 84/2749/2686 75/2727/2664
f 77/2729/2666 81/2746/2683 89/2768/2705
f 86/2751/2688 83/2747/2684 78/2730/2667
f 358/2725/2662 362/2740/2677 365/2769/2706
f 700/2571/2513 572/2580/2522 703/2770/2707
f 577/2618/2560 585/2684/2623 586/2695/2633
f 571/2603/2545 586/2695/2633 600/2683/2622
f 944/2648/2588 947/2692/2630 948/2706/2644
f 581/2665/2605 584/2664/2604 594/2754/2691
f 996/2651/2591 1008/2771/2708 1001/2675/2614
f 597/2757/2694 601/2772/2709 599/2758/2695
f 1002/2697/2635 1009/2773/2710 999/2667/2606
f 998/2658/2598 387/2760/2697 476/2677/2616
f 477/2687/2616 388/2774/2711 481/2700/2638
f 469/2652/2592 491/2775/2712 404/2732/2669
f 475/2680/2619 490/2762/2699 483/2713/2651
f 483/2713/2651 490/2762/2699 492/2776/2713
f 483/2713/2651 492/2776/2713 482/2702/2640
f 482/2702/2640 492/2776/2713 377/2733/2670
f 218/2734/2671 223/2777/2714 213/2718/2656
f 480/2691/2629 493/2778/2715 474/2672/2611
f 220/2743/2680 224/2779/2716 214/2723/2659
f 217/2722/2660 228/2780/2717 219/2736/2673
f 218/2734/2671 87/2766/2703 223/2777/2714
f 485/2781/2658 368/2782/2718 489/2783/2719
f 368/2782/2718 371/2784/2720 489/2783/2719
f 474/2672/2611 494/2785/2721 210/2673/2612
f 228/2780/2717 99/2786/2722 219/2736/2673
f 219/2736/2673 99/2786/2722 87/2766/2703
f 90/2787/2723 87/2766/2703 99/2786/2722
f 87/2766/2703 90/2787/2723 79/2737/2674
f 366/2788/2724 360/2738/2675 359/2726/2663
f 366/2788/2724 359/2726/2663 363/2745/2682
f 363/2745/2682 361/2739/2676 367/2789/2725
f 84/2749/2686 91/2790/2726 85/2750/2687
f 365/2769/2706 364/2748/2685 358/2725/2662
f 1005/2708/2646 1008/2771/2708 996/2651/2591
f 598/2693/2631 614/2716/2654 608/2791/2727
f 1002/2697/2635 1010/2792/2728 1009/2773/2710
f 999/2667/2606 1009/2773/2710 1003/2698/2636
f 1003/2698/2636 1009/2773/2710 1011/2793/2729
f 602/2676/2615 1085/2731/2668 604/2794/2730
f 1081/2678/2617 1084/2709/2647 1086/2759/2696
f 469/2652/2592 481/2700/2638 414/2795/2731
f 1084/2709/2647 1079/2646/2586 1087/2761/2698
f 469/2652/2592 414/2795/2731 491/2775/2712
f 209/2641/2581 106/2710/2648 1083/2688/2626
f 473/2669/2608 409/2711/2649 495/2796/2732
f 196/2647/2587 221/2763/2700 107/2712/2650
f 473/2669/2608 495/2796/2732 478/2689/2627
f 480/2691/2629 496/2797/2733 493/2778/2715
f 214/2723/2659 229/2798/2734 222/2764/2701
f 216/2765/2702 222/2764/2701 226/2799/2735
f 376/2800/2736 369/2801/2737 486/2802/2658
f 87/2766/2703 94/2803/2738 223/2777/2714
f 368/2782/2718 370/2804/2739 371/2784/2720
f 373/2805/2740 366/2788/2724 368/2782/2718
f 366/2788/2724 370/2804/2739 368/2782/2718
f 366/2788/2724 363/2745/2682 370/2804/2739
f 370/2804/2739 363/2745/2682 367/2789/2725
f 90/2787/2723 84/2749/2686 79/2737/2674
f 89/2768/2705 81/2746/2683 88/2767/2704
f 374/2806/2741 362/2740/2677 360/2738/2675
f 361/2739/2676 364/2748/2685 375/2807/2742
f 85/2750/2687 93/2808/2743 86/2751/2688
f 798/2682/2621 699/2663/2603 800/2809/2744
f 948/2706/2644 947/2692/2630 946/2625/2567
f 1007/2755/2692 1012/2810/2745 1006/2715/2653
f 1006/2715/2653 1012/2810/2745 1005/2708/2646
f 1001/2675/2614 1008/2771/2708 1002/2697/2635
f 602/2676/2615 606/2811/2746 614/2716/2654
f 602/2676/2615 604/2794/2730 606/2811/2746
f 1004/2699/2637 1013/2812/2747 387/2760/2697
f 1074/2632/2572 1088/2813/2748 1087/2761/2698
f 1083/2688/2626 1088/2813/2748 1074/2632/2572
f 107/2712/2650 221/2763/2700 230/2814/2749
f 221/2763/2700 231/2815/2750 230/2814/2749
f 490/2762/2699 478/2689/2627 497/2816/2751
f 490/2762/2699 497/2816/2751 492/2776/2713
f 492/2776/2713 392/2817/2752 377/2733/2670
f 213/2718/2656 212/2717/2655 206/2701/2639
f 493/2778/2715 496/2797/2733 498/2818/2753
f 223/2777/2714 94/2803/2738 113/2819/2754
f 214/2723/2659 224/2779/2716 229/2798/2734
f 488/2735/2672 385/2820/2755 480/2691/2629
f 222/2764/2701 232/2821/2756 226/2799/2735
f 376/2800/2736 372/2822/2740 369/2801/2737
f 489/2783/2719 371/2784/2720 386/2823/2757
f 87/2766/2703 80/2744/2681 94/2803/2738
f 366/2788/2724 373/2805/2740 360/2738/2675
f 88/2767/2704 81/2746/2683 95/2824/2758
f 84/2749/2686 96/2825/2759 91/2790/2726
f 83/2747/2684 86/2751/2688 93/2808/2743
f 597/2757/2694 607/2826/2760 601/2772/2709
f 1010/2792/2728 1011/2793/2729 1009/2773/2710
f 481/2700/2638 390/2827/2761 414/2795/2731
f 1084/2709/2647 1087/2761/2698 1089/2828/2762
f 491/2775/2712 402/2829/2763 404/2732/2669
f 106/2710/2648 109/2830/2764 1083/2688/2626
f 212/2717/2655 234/2831/2765 221/2763/2700
f 212/2717/2655 213/2718/2656 234/2831/2765
f 213/2718/2656 223/2777/2714 234/2831/2765
f 391/2832/2766 378/2833/2767 376/2800/2736
f 376/2800/2736 378/2833/2767 372/2822/2740
f 480/2691/2629 385/2820/2755 496/2797/2733
f 236/2834/2768 220/2743/2680 211/2714/2652
f 228/2780/2717 97/2835/2769 99/2786/2722
f 97/2835/2769 90/2787/2723 99/2786/2722
f 80/2744/2681 95/2824/2758 94/2803/2738
f 80/2744/2681 88/2767/2704 95/2824/2758
f 84/2749/2686 90/2787/2723 96/2825/2759
f 361/2739/2676 375/2807/2742 367/2789/2725
f 360/2738/2675 373/2805/2740 374/2806/2741
f 362/2740/2677 379/2836/2770 365/2769/2706
f 85/2750/2687 91/2790/2726 101/2837/2771
f 85/2750/2687 101/2837/2771 93/2808/2743
f 365/2769/2706 380/2838/2772 364/2748/2685
f 947/2692/2630 798/2682/2621 873/2839/2773
f 949/2674/2613 879/2752/2689 950/2741/2678
f 584/2664/2604 592/2742/2679 609/2840/2774
f 592/2742/2679 595/2756/2693 610/2841/2775
f 1005/2708/2646 955/2842/2776 1008/2771/2708
f 1002/2697/2635 1008/2771/2708 1015/2843/2777
f 1015/2843/2777 1010/2792/2728 1002/2697/2635
f 1011/2793/2729 1010/2792/2728 1016/2844/2778
f 1011/2793/2729 1017/2845/2779 1003/2698/2636
f 1085/2731/2668 625/2846/2780 604/2794/2730
f 1003/2698/2636 1017/2845/2779 1004/2699/2637
f 481/2700/2638 388/2774/2711 390/2827/2761
f 492/2776/2713 497/2816/2751 392/2817/2752
f 493/2778/2715 499/2847/2781 474/2672/2611
f 222/2764/2701 237/2848/2782 232/2821/2756
f 227/2849/2783 233/2850/2756 98/2851/2784
f 370/2804/2739 386/2823/2757 371/2784/2720
f 102/2852/2785 96/2825/2759 90/2787/2723
f 373/2805/2740 381/2853/2786 374/2806/2741
f 81/2746/2683 83/2747/2684 104/2854/2787
f 375/2807/2742 364/2748/2685 383/2855/2788
f 82/2856/2789 92/2857/2790 105/2858/2791
f 588/2696/2634 612/2859/2792 585/2684/2623
f 992/2636/2576 950/2741/2678 1007/2755/2692
f 592/2742/2679 610/2841/2775 609/2840/2774
f 613/2860/2793 605/2861/2794 607/2826/2760
f 1011/2793/2729 1016/2844/2778 1017/2845/2779
f 1017/2845/2779 1018/2862/2795 1004/2699/2637
f 1086/2759/2696 627/2863/2796 1085/2731/2668
f 106/2710/2648 108/2864/2797 109/2830/2764
f 495/2796/2732 497/2816/2751 478/2689/2627
f 221/2763/2700 234/2831/2765 231/2815/2750
f 223/2777/2714 113/2819/2754 234/2831/2765
f 498/2818/2753 499/2847/2781 493/2778/2715
f 229/2798/2734 224/2779/2716 222/2764/2701
f 500/2865/2798 494/2785/2721 474/2672/2611
f 494/2785/2721 235/2866/2799 210/2673/2612
f 370/2804/2739 384/2867/2800 386/2823/2757
f 370/2804/2739 367/2789/2725 384/2867/2800
f 97/2835/2769 102/2852/2785 90/2787/2723
f 81/2746/2683 104/2854/2787 95/2824/2758
f 96/2825/2759 111/2868/2801 91/2790/2726
f 879/2752/2689 946/2625/2567 872/2869/2802
f 946/2625/2567 947/2692/2630 872/2869/2802
f 584/2664/2604 615/2870/2803 594/2754/2691
f 609/2840/2774 615/2870/2803 584/2664/2604
f 599/2758/2695 610/2841/2775 595/2756/2693
f 1015/2843/2777 1019/2871/2804 1010/2792/2728
f 1018/2862/2795 1013/2812/2747 1004/2699/2637
f 1084/2709/2647 632/2872/2805 1086/2759/2696
f 388/2774/2711 389/2873/2806 390/2827/2761
f 491/2775/2712 414/2795/2731 402/2829/2763
f 1087/2761/2698 1088/2813/2748 642/2874/2807
f 1083/2688/2626 109/2830/2764 1088/2813/2748
f 231/2815/2750 238/2875/2808 230/2814/2749
f 501/2876/2809 497/2816/2751 495/2796/2732
f 231/2815/2750 234/2831/2765 238/2875/2808
f 498/2818/2753 496/2797/2733 502/2877/2810
f 391/2832/2766 393/2878/2811 378/2833/2767
f 222/2764/2701 224/2779/2716 237/2848/2782
f 94/2803/2738 112/2879/2812 113/2819/2754
f 378/2833/2767 394/2880/2813 372/2822/2740
f 94/2803/2738 95/2824/2758 112/2879/2812
f 367/2789/2725 395/2881/2814 384/2867/2800
f 95/2824/2758 104/2854/2787 114/2882/2815
f 367/2789/2725 375/2807/2742 395/2881/2814
f 91/2790/2726 111/2868/2801 101/2837/2771
f 92/2857/2790 100/2883/2816 116/2884/2817
f 600/2683/2622 586/2695/2633 705/2885/2818
f 1007/2755/2692 952/2886/2819 1012/2810/2745
f 1085/2731/2668 627/2863/2796 625/2846/2780
f 1086/2759/2696 632/2872/2805 627/2863/2796
f 230/2814/2749 118/2887/2820 107/2712/2650
f 106/2710/2648 117/2888/2821 108/2864/2797
f 498/2818/2753 502/2877/2810 499/2847/2781
f 391/2832/2766 503/2889/2822 393/2878/2811
f 224/2779/2716 220/2743/2680 239/2890/2823
f 220/2743/2680 241/2891/2824 239/2890/2823
f 499/2847/2781 500/2865/2798 474/2672/2611
f 236/2834/2768 241/2891/2824 220/2743/2680
f 237/2848/2782 242/2892/2825 232/2821/2756
f 385/2820/2755 396/2893/2826 496/2797/2733
f 243/2894/2827 98/2851/2784 233/2850/2756
f 393/2878/2811 394/2880/2813 378/2833/2767
f 386/2823/2757 384/2867/2800 397/2895/2828
f 119/2896/2829 114/2882/2815 98/2851/2784
f 95/2824/2758 119/2896/2829 112/2879/2812
f 95/2824/2758 114/2882/2815 119/2896/2829
f 97/2835/2769 115/2897/2830 102/2852/2785
f 372/2822/2740 394/2880/2813 382/2898/2831
f 115/2897/2830 120/2899/2832 102/2852/2785
f 382/2898/2831 394/2880/2813 398/2900/2833
f 114/2882/2815 104/2854/2787 121/2901/2834
f 104/2854/2787 125/2902/2835 121/2901/2834
f 102/2852/2785 127/2903/2836 96/2825/2759
f 395/2881/2814 375/2807/2742 399/2904/2837
f 375/2807/2742 383/2855/2788 399/2904/2837
f 96/2825/2759 127/2903/2836 111/2868/2801
f 364/2748/2685 400/2905/2838 383/2855/2788
f 365/2769/2706 379/2836/2770 401/2906/2839
f 699/2663/2603 704/2907/2840 800/2809/2744
f 706/2908/2841 572/2580/2522 600/2683/2622
f 586/2695/2633 585/2684/2623 619/2909/2842
f 587/2753/2690 594/2754/2691 611/2910/2843
f 1012/2810/2745 955/2842/2776 1005/2708/2646
f 388/2774/2711 1014/2911/2844 389/2873/2806
f 632/2872/2805 1084/2709/2647 1089/2828/2762
f 1087/2761/2698 642/2874/2807 1089/2828/2762
f 402/2829/2763 403/2912/2845 404/2732/2669
f 501/2876/2809 504/2913/2846 497/2816/2751
f 499/2847/2781 505/2914/2847 506/2915/2848
f 502/2877/2810 505/2914/2847 499/2847/2781
f 242/2892/2825 237/2848/2782 224/2779/2716
f 496/2797/2733 396/2893/2826 502/2877/2810
f 119/2896/2829 98/2851/2784 243/2894/2827
f 393/2878/2811 405/2916/2849 394/2880/2813
f 405/2916/2849 384/2867/2800 394/2880/2813
f 395/2881/2814 394/2880/2813 384/2867/2800
f 394/2880/2813 395/2881/2814 399/2904/2837
f 394/2880/2813 399/2904/2837 398/2900/2833
f 382/2898/2831 398/2900/2833 407/2917/2850
f 102/2852/2785 124/2918/2851 127/2903/2836
f 381/2853/2786 406/2919/2850 374/2806/2741
f 374/2806/2741 408/2920/2852 362/2740/2677
f 110/2921/2853 128/2922/2854 100/2883/2816
f 100/2883/2816 128/2922/2854 116/2884/2817
f 364/2748/2685 380/2838/2772 400/2905/2838
f 872/2869/2802 947/2692/2630 873/2839/2773
f 601/2772/2709 616/2923/2855 599/2758/2695
f 1020/2924/2856 1016/2844/2778 1010/2792/2728
f 1089/2828/2762 639/2925/2857 632/2872/2805
f 404/2732/2669 403/2912/2845 409/2711/2649
f 238/2875/2808 118/2887/2820 230/2814/2749
f 497/2816/2751 509/2926/2858 392/2817/2752
f 391/2832/2766 508/2927/2859 503/2889/2822
f 240/2928/2860 244/2929/2861 225/2930/2862
f 503/2889/2822 508/2927/2859 397/2895/2828
f 225/2930/2862 244/2929/2861 243/2894/2827
f 397/2895/2828 384/2867/2800 405/2916/2849
f 120/2899/2832 124/2918/2851 102/2852/2785
f 103/2931/2863 129/2932/2864 123/2933/2865
f 92/2857/2790 116/2884/2817 105/2858/2791
f 401/2906/2839 380/2838/2772 365/2769/2706
f 600/2683/2622 707/2934/2866 706/2908/2841
f 705/2885/2818 707/2934/2866 600/2683/2622
f 585/2684/2623 617/2935/2867 619/2909/2842
f 950/2741/2678 879/2752/2689 951/2936/2868
f 950/2741/2678 952/2886/2819 1007/2755/2692
f 1008/2771/2708 1019/2871/2804 1015/2843/2777
f 1016/2844/2778 1018/2862/2795 1017/2845/2779
f 409/2711/2649 427/2937/2869 495/2796/2732
f 497/2816/2751 504/2913/2846 509/2926/2858
f 502/2877/2810 396/2893/2826 507/2938/2870
f 243/2894/2827 244/2929/2861 245/2939/2871
f 234/2831/2765 113/2819/2754 246/2940/2872
f 113/2819/2754 112/2879/2812 246/2940/2872
f 503/2889/2822 397/2895/2828 393/2878/2811
f 393/2878/2811 397/2895/2828 405/2916/2849
f 82/2856/2789 105/2858/2791 130/2941/2873
f 612/2859/2792 617/2935/2867 585/2684/2623
f 950/2741/2678 951/2936/2868 952/2886/2819
f 594/2754/2691 615/2870/2803 611/2910/2843
f 609/2840/2774 620/2942/2874 615/2870/2803
f 609/2840/2774 610/2841/2775 621/2943/2875
f 1019/2871/2804 1021/2944/2876 1010/2792/2728
f 607/2826/2760 622/2945/2877 601/2772/2709
f 1010/2792/2728 1021/2944/2876 1020/2924/2856
f 607/2826/2760 605/2861/2794 622/2945/2877
f 1020/2924/2856 1022/2946/2878 1016/2844/2778
f 1022/2946/2878 1018/2862/2795 1016/2844/2778
f 1023/2947/2879 1013/2812/2747 1018/2862/2795
f 627/2863/2796 632/2872/2805 629/2948/2880
f 639/2925/2857 1089/2828/2762 649/2949/2881
f 1089/2828/2762 642/2874/2807 649/2949/2881
f 1088/2813/2748 644/2950/2882 642/2874/2807
f 402/2829/2763 410/2951/2883 403/2912/2845
f 1088/2813/2748 109/2830/2764 644/2950/2882
f 501/2876/2809 427/2937/2869 510/2952/2884
f 247/2953/2885 118/2887/2820 238/2875/2808
f 501/2876/2809 510/2952/2884 504/2913/2846
f 247/2953/2885 238/2875/2808 246/2940/2872
f 248/2954/2886 245/2939/2871 249/2955/2887
f 238/2875/2808 234/2831/2765 246/2940/2872
f 249/2955/2887 245/2939/2871 250/2956/2888
f 505/2914/2847 511/2957/2889 506/2915/2848
f 502/2877/2810 507/2938/2870 511/2957/2889
f 502/2877/2810 511/2957/2889 505/2914/2847
f 251/2958/2890 119/2896/2829 243/2894/2827
f 112/2879/2812 119/2896/2829 246/2940/2872
f 103/2931/2863 131/2959/2891 129/2932/2864
f 374/2806/2741 406/2919/2850 408/2920/2852
f 122/2960/2835 132/2961/2892 126/2962/2893
f 362/2740/2677 408/2920/2852 379/2836/2770
f 798/2682/2621 800/2809/2744 872/2869/2802
f 572/2580/2522 706/2908/2841 708/2963/2894
f 603/2964/2895 623/2965/2896 605/2861/2794
f 624/2966/2897 626/2967/2898 628/2968/2899
f 412/2969/2900 389/2873/2806 1014/2911/2844
f 412/2969/2900 390/2827/2761 389/2873/2806
f 390/2827/2761 413/2970/2901 414/2795/2731
f 402/2829/2763 414/2795/2731 410/2951/2883
f 108/2864/2797 133/2971/2902 109/2830/2764
f 117/2888/2821 133/2971/2902 108/2864/2797
f 495/2796/2732 427/2937/2869 501/2876/2809
f 513/2972/2903 514/2973/2904 510/2952/2884
f 510/2952/2884 516/2974/2905 504/2913/2846
f 513/2972/2903 516/2974/2905 514/2973/2904
f 247/2953/2885 251/2958/2890 248/2954/2886
f 506/2915/2848 515/2975/2906 512/2976/2907
f 248/2954/2886 251/2958/2890 245/2939/2871
f 504/2913/2846 516/2974/2905 509/2926/2858
f 249/2955/2887 250/2956/2888 240/2928/2860
f 247/2953/2885 246/2940/2872 251/2958/2890
f 506/2915/2848 511/2957/2889 515/2975/2906
f 240/2928/2860 250/2956/2888 244/2929/2861
f 244/2929/2861 250/2956/2888 245/2939/2871
f 245/2939/2871 251/2958/2890 243/2894/2827
f 246/2940/2872 119/2896/2829 251/2958/2890
f 398/2900/2833 399/2904/2837 415/2977/2908
f 383/2855/2788 416/2978/2909 399/2904/2837
f 383/2855/2788 400/2905/2838 416/2978/2909
f 128/2922/2854 135/2979/2910 116/2884/2817
f 703/2770/2707 572/2580/2522 708/2963/2894
f 873/2839/2773 798/2682/2621 872/2869/2802
f 586/2695/2633 619/2909/2842 705/2885/2818
f 609/2840/2774 621/2943/2875 620/2942/2874
f 952/2886/2819 954/2980/2911 1012/2810/2745
f 1012/2810/2745 954/2980/2911 955/2842/2776
f 610/2841/2775 630/2981/2912 621/2943/2875
f 599/2758/2695 630/2981/2912 610/2841/2775
f 955/2842/2776 958/2982/2913 1008/2771/2708
f 616/2923/2855 630/2981/2912 599/2758/2695
f 616/2923/2855 601/2772/2709 622/2945/2877
f 1008/2771/2708 1021/2944/2876 1019/2871/2804
f 603/2964/2895 624/2966/2897 623/2965/2896
f 1018/2862/2795 1024/2983/2914 1023/2947/2879
f 631/2984/2915 633/2985/2916 628/2968/2899
f 513/2972/2903 510/2952/2884 427/2937/2869
f 510/2952/2884 514/2973/2904 516/2974/2905
f 248/2954/2886 240/2928/2860 253/2986/2917
f 248/2954/2886 249/2955/2887 240/2928/2860
f 507/2938/2870 515/2975/2906 511/2957/2889
f 239/2890/2823 241/2891/2824 252/2987/2917
f 506/2915/2848 517/2988/2918 499/2847/2781
f 236/2834/2768 255/2989/2919 241/2891/2824
f 129/2932/2864 137/2990/2920 123/2933/2865
f 399/2904/2837 416/2978/2909 415/2977/2908
f 800/2809/2744 875/2991/2921 872/2869/2802
f 707/2934/2866 709/2992/2922 706/2908/2841
f 619/2909/2842 707/2934/2866 705/2885/2818
f 611/2910/2843 615/2870/2803 635/2993/2923
f 1008/2771/2708 958/2982/2913 1021/2944/2876
f 605/2861/2794 623/2965/2896 622/2945/2877
f 1022/2946/2878 1024/2983/2914 1018/2862/2795
f 1013/2812/2747 1023/2947/2879 411/2994/2924
f 632/2872/2805 639/2925/2857 634/2995/2925
f 412/2969/2900 417/2996/2926 390/2827/2761
f 409/2711/2649 403/2912/2845 427/2937/2869
f 248/2954/2886 118/2887/2820 247/2953/2885
f 499/2847/2781 517/2988/2918 500/2865/2798
f 122/2960/2835 136/2997/2927 132/2961/2892
f 400/2905/2838 380/2838/2772 418/2998/2928
f 116/2884/2817 138/2999/2929 105/2858/2791
f 703/2770/2707 801/3000/2930 799/3001/2931
f 615/2870/2803 620/2942/2874 635/2993/2923
f 623/2965/2896 624/2966/2897 636/3002/2932
f 417/2996/2926 413/2970/2901 390/2827/2761
f 414/2795/2731 413/2970/2901 410/2951/2883
f 117/2888/2821 139/3003/2933 133/2971/2902
f 426/3004/2934 518/3005/2935 512/2976/2907
f 494/2785/2721 500/2865/2798 235/2866/2799
f 235/2866/2799 500/2865/2798 254/3006/2936
f 398/2900/2833 415/2977/2908 407/2917/2850
f 129/2932/2864 142/3007/2937 137/2990/2920
f 129/2932/2864 131/2959/2891 142/3007/2937
f 82/2856/2789 131/2959/2891 103/2931/2863
f 703/2770/2707 802/3008/2938 801/3000/2930
f 801/3000/2930 802/3008/2938 803/3009/2939
f 712/3010/2940 802/3008/2938 703/2770/2707
f 707/2934/2866 619/2909/2842 709/2992/2922
f 952/2886/2819 951/2936/2868 953/3011/2941
f 620/2942/2874 621/2943/2875 637/3012/2942
f 1024/2983/2914 1025/3013/2943 1023/2947/2879
f 1023/2947/2879 1025/3013/2943 411/2994/2924
f 638/3014/2944 641/3015/2945 633/2985/2916
f 642/2874/2807 644/2950/2882 646/3016/2946
f 419/3017/2947 403/2912/2845 410/2951/2883
f 118/2887/2820 248/2954/2886 141/3018/2948
f 253/2986/2917 256/3019/2949 248/2954/2886
f 512/2976/2907 517/2988/2918 506/2915/2848
f 255/2989/2919 252/2987/2917 241/2891/2824
f 406/2919/2850 420/3020/2950 408/2920/2852
f 400/2905/2838 418/2998/2928 416/2978/2909
f 143/3021/2951 128/2922/2854 110/2921/2853
f 802/3008/2938 712/3010/2940 803/3009/2939
f 799/3001/2931 804/3022/2952 874/3023/2953
f 799/3001/2931 801/3000/2930 804/3022/2952
f 708/2963/2894 711/3024/2954 703/2770/2707
f 708/2963/2894 706/2908/2841 711/3024/2954
f 872/2869/2802 875/2991/2921 877/3025/2955
f 872/2869/2802 877/3025/2955 878/3026/2956
f 621/2943/2875 630/2981/2912 637/3012/2942
f 623/2965/2896 648/3027/2957 622/2945/2877
f 624/2966/2897 628/2968/2899 636/3002/2932
f 412/2969/2900 1027/3028/2958 417/2996/2926
f 639/2925/2857 649/2949/2881 640/3029/2959
f 650/3030/2960 643/3031/2961 651/3032/2962
f 645/3033/2882 134/3034/2963 647/3035/2946
f 109/2830/2764 133/2971/2902 644/2950/2882
f 518/3005/2935 517/2988/2918 512/2976/2907
f 407/2917/2850 415/2977/2908 284/3036/2964
f 415/2977/2908 416/2978/2909 418/2998/2928
f 126/2962/2893 143/3021/2951 110/2921/2853
f 380/2838/2772 422/3037/2965 418/2998/2928
f 380/2838/2772 401/2906/2839 422/3037/2965
f 703/2770/2707 711/3024/2954 712/3010/2940
f 706/2908/2841 709/2992/2922 711/3024/2954
f 872/2869/2802 878/3026/2956 879/2752/2689
f 617/2935/2867 656/3038/2966 619/2909/2842
f 953/3011/2941 954/2980/2911 952/2886/2819
f 630/2981/2912 616/2923/2855 652/3039/2967
f 616/2923/2855 653/3040/2968 652/3039/2967
f 616/2923/2855 622/2945/2877 653/3040/2968
f 1021/2944/2876 1028/3041/2969 1020/2924/2856
f 1028/3041/2969 1022/2946/2878 1020/2924/2856
f 628/2968/2899 633/2985/2916 654/3042/2970
f 633/2985/2916 641/3015/2945 654/3042/2970
f 650/3030/2960 651/3032/2962 641/3015/2945
f 413/2970/2901 423/3043/2971 410/2951/2883
f 425/3044/2972 427/2937/2869 403/2912/2845
f 255/2989/2919 258/3045/2973 252/2987/2917
f 407/2917/2850 284/3036/2964 428/3046/2974
f 82/2856/2789 130/2941/2873 131/2959/2891
f 143/3021/2951 135/2979/2910 128/2922/2854
f 105/2858/2791 138/2999/2929 130/2941/2873
f 401/2906/2839 379/2836/2770 297/3047/2975
f 116/2884/2817 135/2979/2910 138/2999/2929
f 879/2752/2689 882/3048/2976 951/2936/2868
f 617/2935/2867 612/2859/2792 656/3038/2966
f 1021/2944/2876 958/2982/2913 1028/3041/2969
f 622/2945/2877 657/3049/2977 653/3040/2968
f 1022/2946/2878 1029/3050/2978 1024/2983/2914
f 1024/2983/2914 1029/3050/2978 1025/3013/2943
f 636/3002/2932 654/3042/2970 658/3051/2979
f 628/2968/2899 654/3042/2970 636/3002/2932
f 1025/3013/2943 1026/3052/2980 411/2994/2924
f 417/2996/2926 1027/3028/2958 430/3053/2981
f 417/2996/2926 423/3043/2971 413/2970/2901
f 643/3031/2961 647/3035/2946 659/3054/2982
f 133/2971/2902 139/3003/2933 144/3055/2983
f 248/2954/2886 256/3019/2949 141/3018/2948
f 804/3022/2952 801/3000/2930 805/3056/2984
f 874/3023/2953 804/3022/2952 805/3056/2984
f 879/2752/2689 878/3026/2956 880/3057/2985
f 880/3057/2985 878/3026/2956 877/3025/2955
f 709/2992/2922 619/2909/2842 714/3058/2986
f 618/3059/2987 655/3060/2988 715/3061/2989
f 622/2945/2877 648/3027/2957 657/3049/2977
f 623/2965/2896 636/3002/2932 648/3027/2957
f 1022/2946/2878 1030/3062/2990 1029/3050/2978
f 1026/3052/2980 1031/3063/2991 429/3064/2992
f 430/3053/2981 1032/3065/2993 432/3066/2994
f 651/3032/2962 643/3031/2961 659/3054/2982
f 419/3017/2947 425/3044/2972 403/2912/2845
f 647/3035/2946 134/3034/2963 660/3067/2995
f 407/2917/2850 428/3046/2974 421/3068/2996
f 126/2962/2893 132/2961/2892 143/3021/2951
f 801/3000/2930 803/3009/2939 805/3056/2984
f 711/3024/2954 718/3069/2997 712/3010/2940
f 714/3058/2986 711/3024/2954 709/2992/2922
f 881/3070/2998 882/3048/2976 879/2752/2689
f 635/2993/2923 620/2942/2874 637/3012/2942
f 958/2982/2913 955/2842/2776 956/3071/2999
f 657/3049/2977 661/3072/3000 653/3040/2968
f 1022/2946/2878 1028/3041/2969 1030/3062/2990
f 1033/3073/3001 1031/3063/2991 1026/3052/2980
f 651/3032/2962 662/3074/3002 641/3015/2945
f 430/3053/2981 432/3066/2994 417/2996/2926
f 417/2996/2926 432/3066/2994 423/3043/2971
f 410/2951/2883 423/3043/2971 419/3017/2947
f 134/3034/2963 145/3075/3003 660/3067/2995
f 426/3004/2934 519/3076/3004 518/3005/2935
f 874/3023/2953 883/3077/3005 876/3078/3006
f 805/3056/2984 883/3077/3005 874/3023/2953
f 611/2910/2843 663/3079/3007 655/3060/2988
f 635/2993/2923 637/3012/2942 664/3080/3008
f 953/3011/2941 904/3081/3009 954/2980/2911
f 954/2980/2911 904/3081/3009 955/2842/2776
f 955/2842/2776 904/3081/3009 956/3071/2999
f 1028/3041/2969 1034/3082/3010 1030/3062/2990
f 1029/3050/2978 1035/3083/3011 1025/3013/2943
f 658/3051/2979 654/3042/2970 662/3074/3002
f 1025/3013/2943 1033/3073/3001 1026/3052/2980
f 654/3042/2970 641/3015/2945 662/3074/3002
f 651/3032/2962 659/3054/2982 662/3074/3002
f 434/3084/3012 423/3043/2971 432/3066/2994
f 140/3085/3013 262/3086/3014 145/3075/3003
f 500/2865/2798 517/2988/2918 254/3006/2936
f 420/3020/2950 286/3087/3015 408/2920/2852
f 286/3087/3015 379/2836/2770 408/2920/2852
f 719/3088/3016 710/3089/3017 720/3090/3018
f 880/3057/2985 881/3070/2998 879/2752/2689
f 637/3012/2942 630/2981/2912 665/3091/3019
f 657/3049/2977 648/3027/2957 661/3072/3000
f 648/3027/2957 636/3002/2932 666/3092/3020
f 1033/3073/3001 1025/3013/2943 1035/3083/3011
f 1031/3063/2991 1033/3073/3001 1036/3093/3021
f 1037/3094/3022 1031/3063/2991 1036/3093/3021
f 1037/3094/3022 431/3095/2994 1031/3063/2991
f 433/3096/3023 431/3095/2994 1037/3094/3022
f 667/3097/3024 659/3054/2982 647/3035/2946
f 419/3017/2947 423/3043/2971 436/3098/3025
f 660/3067/2995 667/3097/3024 647/3035/2946
f 140/3085/3013 259/3099/3026 262/3086/3014
f 256/3019/2949 261/3100/3026 141/3018/2948
f 519/3076/3004 517/2988/2918 518/3005/2935
f 253/2986/2917 261/3100/3026 256/3019/2949
f 252/2987/2917 258/3045/2973 260/3101/3026
f 283/3102/3027 421/3068/2996 428/3046/2974
f 710/3089/3017 713/3103/3028 720/3090/3018
f 881/3070/2998 880/3057/2985 885/3104/3029
f 877/3025/2955 887/3105/3030 880/3057/2985
f 710/3089/3017 719/3088/3016 717/3106/3031
f 713/3103/3028 618/3059/2987 715/3061/2989
f 881/3070/2998 951/2936/2868 882/3048/2976
f 1028/3041/2969 958/2982/2913 1034/3082/3010
f 661/3072/3000 648/3027/2957 666/3092/3020
f 1034/3082/3010 1038/3107/3032 1030/3062/2990
f 636/3002/2932 658/3051/2979 666/3092/3020
f 1030/3062/2990 1035/3083/3011 1029/3050/2978
f 1039/3108/3033 1036/3093/3021 1033/3073/3001
f 1039/3108/3033 1037/3094/3022 1036/3093/3021
f 434/3084/3012 436/3098/3025 423/3043/2971
f 520/3109/3034 519/3076/3004 426/3004/2934
f 283/3102/3027 428/3046/2974 284/3036/2964
f 421/3068/2996 283/3102/3027 278/3110/3035
f 142/3007/2937 147/3111/3036 137/2990/2920
f 401/2906/2839 437/3112/3037 422/3037/2965
f 803/3009/2939 806/3113/3038 805/3056/2984
f 886/3114/3039 876/3078/3006 888/3115/3040
f 876/3078/3006 883/3077/3005 888/3115/3040
f 715/3061/2989 655/3060/2988 721/3116/3041
f 655/3060/2988 663/3079/3007 668/3117/3042
f 951/2936/2868 893/3118/3043 904/3081/3009
f 635/2993/2923 664/3080/3008 611/2910/2843
f 951/2936/2868 904/3081/3009 953/3011/2941
f 630/2981/2912 652/3039/2967 665/3091/3019
f 653/3040/2968 669/3119/3044 652/3039/2967
f 653/3040/2968 661/3072/3000 669/3119/3044
f 666/3092/3020 658/3051/2979 670/3120/3045
f 662/3074/3002 659/3054/2982 671/3121/3046
f 436/3098/3025 439/3122/3047 419/3017/2947
f 419/3017/2947 439/3122/3047 425/3044/2972
f 524/3123/3048 522/3124/3049 427/2937/2869
f 525/3125/3050 263/3126/3051 254/3006/2936
f 517/2988/2918 525/3125/3050 254/3006/2936
f 254/3006/2936 263/3126/3051 257/3127/3052
f 136/2997/2927 146/3128/3053 148/3129/3054
f 142/3007/2937 131/2959/2891 147/3111/3036
f 136/2997/2927 148/3129/3054 132/2961/2892
f 130/2941/2873 6/3130/3055 131/2959/2891
f 880/3057/2985 887/3105/3030 885/3104/3029
f 713/3103/3028 715/3061/2989 720/3090/3018
f 885/3104/3029 889/3131/3056 881/3070/2998
f 803/3009/2939 712/3010/2940 806/3113/3038
f 805/3056/2984 890/3132/3057 883/3077/3005
f 611/2910/2843 664/3080/3008 663/3079/3007
f 958/2982/2913 959/3133/3058 1034/3082/3010
f 1038/3107/3032 1035/3083/3011 1030/3062/2990
f 658/3051/2979 672/3134/3059 670/3120/3045
f 662/3074/3002 672/3134/3059 658/3051/2979
f 659/3054/2982 667/3097/3024 671/3121/3046
f 673/3135/3060 660/3067/2995 145/3075/3003
f 145/3075/3003 262/3086/3014 673/3135/3060
f 438/3136/3061 523/3137/3062 424/3138/3063
f 425/3044/2972 524/3123/3048 427/2937/2869
f 517/2988/2918 519/3076/3004 525/3125/3050
f 260/3101/3026 258/3045/2973 266/3139/3064
f 422/3037/2965 291/3140/3065 418/2998/2928
f 297/3047/2975 274/3141/3066 401/2906/2839
f 401/2906/2839 274/3141/3066 437/3112/3037
f 717/3106/3031 719/3088/3016 722/3142/3067
f 712/3010/2940 807/3143/3068 806/3113/3038
f 805/3056/2984 806/3113/3038 890/3132/3057
f 881/3070/2998 893/3118/3043 951/2936/2868
f 893/3118/3043 902/3144/3069 904/3081/3009
f 637/3012/2942 665/3091/3019 664/3080/3008
f 661/3072/3000 666/3092/3020 674/3145/3070
f 666/3092/3020 670/3120/3045 674/3145/3070
f 662/3074/3002 671/3121/3046 672/3134/3059
f 1033/3073/3001 1040/3146/3071 1039/3108/3033
f 1040/3146/3071 1037/3094/3022 1039/3108/3033
f 435/3147/3072 433/3096/3023 1037/3094/3022
f 420/3020/2950 277/3148/3073 286/3087/3015
f 148/3129/3054 149/3149/3074 132/2961/2892
f 291/3140/3065 293/3150/3075 418/2998/2928
f 135/2979/2910 150/3151/3076 138/2999/2929
f 888/3115/3040 891/3152/3077 886/3114/3039
f 723/3153/3078 724/3154/3079 720/3090/3018
f 719/3088/3016 720/3090/3018 724/3154/3079
f 883/3077/3005 890/3132/3057 888/3115/3040
f 721/3116/3041 655/3060/2988 668/3117/3042
f 956/3071/2999 957/3155/3080 958/2982/2913
f 1034/3082/3010 959/3133/3058 1038/3107/3032
f 674/3145/3070 670/3120/3045 672/3134/3059
f 667/3097/3024 660/3067/2995 675/3156/3081
f 673/3135/3060 262/3086/3014 269/3157/3082
f 262/3086/3014 259/3099/3026 269/3157/3082
f 258/3045/2973 268/3158/3083 266/3139/3064
f 258/3045/2973 264/3159/3084 268/3158/3083
f 135/2979/2910 143/3021/2951 151/3160/3085
f 130/2941/2873 138/2999/2929 11/3161/3086
f 297/3047/2975 275/3162/3087 274/3141/3066
f 138/2999/2929 150/3151/3076 11/3161/3086
f 725/3163/3088 723/3153/3078 720/3090/3018
f 885/3104/3029 892/3164/3089 889/3131/3056
f 719/3088/3016 724/3154/3079 722/3142/3067
f 712/3010/2940 718/3069/2997 729/3165/3090
f 715/3061/2989 726/3166/3091 720/3090/3018
f 891/3152/3077 888/3115/3040 890/3132/3057
f 881/3070/2998 889/3131/3056 893/3118/3043
f 663/3079/3007 664/3080/3008 676/3167/3092
f 677/3168/3093 652/3039/2967 669/3119/3044
f 674/3145/3070 678/3169/3094 669/3119/3044
f 674/3145/3070 669/3119/3044 661/3072/3000
f 674/3145/3070 672/3134/3059 678/3169/3094
f 1038/3107/3032 1041/3170/3095 1035/3083/3011
f 1035/3083/3011 1041/3170/3095 1033/3073/3001
f 671/3121/3046 667/3097/3024 672/3134/3059
f 660/3067/2995 673/3135/3060 675/3156/3081
f 520/3109/3034 526/3171/3096 519/3076/3004
f 284/3036/2964 415/2977/2908 285/3172/3097
f 131/2959/2891 6/3130/3055 1/3173/3098
f 415/2977/2908 418/2998/2928 293/3150/3075
f 6/3130/3055 130/2941/2873 10/3174/3099
f 11/3161/3086 10/3174/3099 130/2941/2873
f 422/3037/2965 294/3175/3100 291/3140/3065
f 422/3037/2965 437/3112/3037 294/3175/3100
f 274/3141/3066 276/3176/3101 437/3112/3037
f 886/3114/3039 894/3177/3102 884/3178/3103
f 886/3114/3039 895/3179/3104 894/3177/3102
f 886/3114/3039 891/3152/3077 895/3179/3104
f 722/3142/3067 724/3154/3079 727/3180/3105
f 720/3090/3018 726/3166/3091 725/3163/3088
f 712/3010/2940 729/3165/3090 807/3143/3068
f 891/3152/3077 890/3132/3057 809/3181/3106
f 806/3113/3038 809/3181/3106 890/3132/3057
f 957/3155/3080 959/3133/3058 958/2982/2913
f 959/3133/3058 960/3182/3107 1038/3107/3032
f 1038/3107/3032 960/3182/3107 1041/3170/3095
f 1033/3073/3001 1041/3170/3095 1040/3146/3071
f 1041/3170/3095 962/3183/3108 1040/3146/3071
f 667/3097/3024 675/3156/3081 672/3134/3059
f 1040/3146/3071 962/3183/3108 1037/3094/3022
f 1037/3094/3022 438/3136/3061 435/3147/3072
f 527/3184/3096 521/3185/3109 966/3186/3110
f 270/3187/3111 260/3101/3026 266/3139/3064
f 519/3076/3004 526/3171/3096 525/3125/3050
f 263/3126/3051 272/3188/3112 267/3189/3083
f 286/3087/3015 288/3190/3113 379/2836/2770
f 132/2961/2892 149/3149/3074 143/3021/2951
f 274/3141/3066 275/3162/3087 276/3176/3101
f 135/2979/2910 151/3160/3085 150/3151/3076
f 892/3164/3089 885/3104/3029 897/3191/3114
f 891/3152/3077 894/3177/3102 895/3179/3104
f 718/3069/2997 728/3192/3115 729/3165/3090
f 715/3061/2989 721/3116/3041 726/3166/3091
f 678/3169/3094 672/3134/3059 679/3193/3116
f 672/3134/3059 675/3156/3081 679/3193/3116
f 965/3194/3117 521/3185/3109 523/3137/3062
f 266/3139/3064 268/3158/3083 273/3195/3118
f 525/3125/3050 526/3171/3096 263/3126/3051
f 288/3190/3113 297/3047/2975 379/2836/2770
f 891/3152/3077 898/3196/3119 894/3177/3102
f 723/3153/3078 727/3180/3105 724/3154/3079
f 884/3178/3103 894/3177/3102 896/3197/3120
f 722/3142/3067 731/3198/3121 717/3106/3031
f 889/3131/3056 892/3164/3089 899/3199/3122
f 721/3116/3041 732/3200/3123 726/3166/3091
f 889/3131/3056 899/3199/3122 893/3118/3043
f 668/3117/3042 733/3201/3124 721/3116/3041
f 668/3117/3042 663/3079/3007 734/3202/3125
f 664/3080/3008 665/3091/3019 676/3167/3092
f 956/3071/2999 904/3081/3009 957/3155/3080
f 652/3039/2967 677/3168/3093 665/3091/3019
f 677/3168/3093 669/3119/3044 678/3169/3094
f 960/3182/3107 959/3133/3058 961/3203/3126
f 961/3203/3126 1041/3170/3095 960/3182/3107
f 966/3186/3110 521/3185/3109 965/3194/3117
f 278/3110/3035 279/3204/3127 281/3205/3128
f 278/3110/3035 283/3102/3027 279/3204/3127
f 284/3036/2964 285/3172/3097 283/3102/3027
f 146/3128/3053 3/3206/3129 148/3129/3054
f 277/3148/3073 280/3207/3130 286/3087/3015
f 285/3172/3097 415/2977/2908 293/3150/3075
f 148/3129/3054 14/3208/3131 149/3149/3074
f 149/3149/3074 14/3208/3131 143/3021/2951
f 143/3021/2951 20/3209/3132 151/3160/3085
f 723/3153/3078 725/3163/3088 735/3210/3133
f 898/3196/3119 891/3152/3077 900/3211/3134
f 891/3152/3077 809/3181/3106 901/3212/3135
f 727/3180/3105 737/3213/3136 722/3142/3067
f 735/3210/3133 727/3180/3105 723/3153/3078
f 806/3113/3038 808/3214/3137 809/3181/3106
f 725/3163/3088 726/3166/3091 735/3210/3133
f 728/3192/3115 743/3215/3138 729/3165/3090
f 728/3192/3115 718/3069/2997 738/3216/3139
f 899/3199/3122 892/3164/3089 897/3191/3114
f 899/3199/3122 902/3144/3069 893/3118/3043
f 902/3144/3069 903/3217/3140 904/3081/3009
f 677/3168/3093 680/3218/3141 665/3091/3019
f 961/3203/3126 962/3183/3108 1041/3170/3095
f 962/3183/3108 438/3136/3061 1037/3094/3022
f 681/3219/3142 673/3135/3060 682/3220/3143
f 965/3194/3117 523/3137/3062 438/3136/3061
f 269/3157/3082 682/3220/3143 673/3135/3060
f 265/3221/3064 271/3222/3144 269/3157/3082
f 1/3173/3098 147/3111/3036 131/2959/2891
f 905/3223/3145 898/3196/3119 906/3224/3146
f 906/3224/3146 898/3196/3119 900/3211/3134
f 906/3224/3146 900/3211/3134 901/3212/3135
f 894/3177/3102 905/3223/3145 896/3197/3120
f 898/3196/3119 905/3223/3145 894/3177/3102
f 891/3152/3077 901/3212/3135 900/3211/3134
f 809/3181/3106 808/3214/3137 901/3212/3135
f 739/3225/3147 737/3213/3136 727/3180/3105
f 727/3180/3105 735/3210/3133 740/3226/3148
f 730/3227/3121 741/3228/3149 716/3229/3150
f 735/3210/3133 726/3166/3091 740/3226/3148
f 726/3166/3091 732/3200/3123 740/3226/3148
f 718/3069/2997 742/3230/3151 738/3216/3139
f 738/3216/3139 743/3215/3138 728/3192/3115
f 721/3116/3041 733/3201/3124 732/3200/3123
f 668/3117/3042 734/3202/3125 733/3201/3124
f 663/3079/3007 676/3167/3092 734/3202/3125
f 959/3133/3058 957/3155/3080 961/3203/3126
f 678/3169/3094 680/3218/3141 677/3168/3093
f 962/3183/3108 965/3194/3117 438/3136/3061
f 675/3156/3081 673/3135/3060 681/3219/3142
f 148/3129/3054 3/3206/3129 9/3231/3152
f 151/3160/3085 11/3161/3086 150/3151/3076
f 745/3232/3153 739/3225/3147 740/3226/3148
f 906/3224/3146 901/3212/3135 813/3233/3154
f 901/3212/3135 808/3214/3137 813/3233/3154
f 727/3180/3105 740/3226/3148 739/3225/3147
f 722/3142/3067 737/3213/3136 731/3198/3121
f 808/3214/3137 806/3113/3038 810/3234/3155
f 806/3113/3038 807/3143/3068 810/3234/3155
f 807/3143/3068 811/3235/3156 810/3234/3155
f 743/3215/3138 738/3216/3139 742/3230/3151
f 897/3191/3114 907/3236/3157 899/3199/3122
f 904/3081/3009 914/3237/3158 957/3155/3080
f 961/3203/3126 957/3155/3080 962/3183/3108
f 679/3193/3116 675/3156/3081 683/3238/3159
f 682/3220/3143 269/3157/3082 684/3239/3160
f 263/3126/3051 529/3240/3161 272/3188/3112
f 147/3111/3036 1/3173/3098 4/3241/3162
f 287/3242/3163 286/3087/3015 280/3207/3130
f 14/3208/3131 20/3209/3132 143/3021/2951
f 437/3112/3037 276/3176/3101 294/3175/3100
f 744/3243/3164 746/3244/3165 748/3245/3166
f 906/3224/3146 908/3246/3167 905/3223/3145
f 744/3243/3164 748/3245/3166 749/3247/3168
f 745/3232/3153 740/3226/3148 747/3248/3169
f 906/3224/3146 813/3233/3154 831/3249/3170
f 745/3232/3153 750/3250/3171 752/3251/3172
f 752/3251/3172 739/3225/3147 745/3232/3153
f 905/3223/3145 909/3252/3173 896/3197/3120
f 808/3214/3137 812/3253/3174 813/3233/3154
f 808/3214/3137 810/3234/3155 812/3253/3174
f 810/3234/3155 811/3235/3156 814/3254/3175
f 807/3143/3068 729/3165/3090 811/3235/3156
f 732/3200/3123 733/3201/3124 753/3255/3176
f 899/3199/3122 903/3217/3140 902/3144/3069
f 678/3169/3094 683/3238/3159 680/3218/3141
f 957/3155/3080 963/3256/3177 962/3183/3108
f 678/3169/3094 679/3193/3116 683/3238/3159
f 675/3156/3081 681/3219/3142 683/3238/3159
f 529/3240/3161 263/3126/3051 526/3171/3096
f 906/3224/3146 828/3257/3178 908/3246/3167
f 906/3224/3146 831/3249/3170 828/3257/3178
f 813/3233/3154 815/3258/3179 831/3249/3170
f 813/3233/3154 812/3253/3174 815/3258/3179
f 739/3225/3147 752/3251/3172 737/3213/3136
f 812/3253/3174 810/3234/3155 816/3259/3180
f 810/3234/3155 817/3260/3181 816/3259/3180
f 818/3261/3182 819/3262/3183 730/3227/3121
f 732/3200/3123 753/3255/3176 740/3226/3148
f 730/3227/3121 819/3262/3183 741/3228/3149
f 903/3217/3140 899/3199/3122 907/3236/3157
f 733/3201/3124 734/3202/3125 753/3255/3176
f 904/3081/3009 903/3217/3140 914/3237/3158
f 685/3263/3184 683/3238/3159 681/3219/3142
f 962/3183/3108 963/3256/3177 964/3264/3185
f 962/3183/3108 964/3264/3185 965/3194/3117
f 966/3186/3110 965/3194/3117 964/3264/3185
f 681/3219/3142 682/3220/3143 687/3265/3186
f 966/3186/3110 964/3264/3185 695/3266/3187
f 966/3186/3110 695/3266/3187 527/3184/3096
f 271/3222/3144 684/3239/3160 269/3157/3082
f 1/3173/3098 2/3267/3188 4/3241/3162
f 287/3242/3163 288/3190/3113 286/3087/3015
f 276/3176/3101 275/3162/3087 289/3268/3189
f 905/3223/3145 908/3246/3167 909/3252/3173
f 736/3269/3190 751/3270/3191 754/3271/3192
f 740/3226/3148 753/3255/3176 755/3272/3193
f 909/3252/3173 910/3273/3194 896/3197/3120
f 810/3234/3155 814/3254/3175 817/3260/3181
f 729/3165/3090 743/3215/3138 811/3235/3156
f 897/3191/3114 912/3274/3195 907/3236/3157
f 907/3236/3157 912/3274/3195 903/3217/3140
f 753/3255/3176 734/3202/3125 756/3275/3196
f 903/3217/3140 913/3276/3197 914/3237/3158
f 734/3202/3125 676/3167/3092 693/3277/3198
f 680/3218/3141 690/3278/3199 665/3091/3019
f 683/3238/3159 685/3263/3184 680/3218/3141
f 681/3219/3142 687/3265/3186 685/3263/3184
f 691/3279/3200 271/3222/3144 528/3280/3201
f 279/3204/3127 283/3102/3027 290/3281/3202
f 283/3102/3027 285/3172/3097 290/3281/3202
f 9/3231/3152 14/3208/3131 148/3129/3054
f 291/3140/3065 292/3282/3203 293/3150/3075
f 291/3140/3065 294/3175/3100 292/3282/3203
f 740/3226/3148 758/3283/3204 747/3248/3169
f 748/3245/3166 759/3284/3205 749/3247/3168
f 760/3285/3206 752/3251/3172 750/3250/3171
f 909/3252/3173 915/3286/3207 910/3273/3194
f 819/3262/3183 820/3287/3208 741/3228/3149
f 814/3254/3175 821/3288/3209 817/3260/3181
f 811/3235/3156 821/3288/3209 814/3254/3175
f 742/3230/3151 766/3289/3210 743/3215/3138
f 903/3217/3140 912/3274/3195 913/3276/3197
f 734/3202/3125 693/3277/3198 756/3275/3196
f 756/3275/3196 693/3277/3198 761/3290/3211
f 676/3167/3092 665/3091/3019 693/3277/3198
f 665/3091/3019 690/3278/3199 693/3277/3198
f 695/3266/3187 530/3291/3212 527/3184/3096
f 271/3222/3144 691/3279/3200 684/3239/3160
f 295/3292/3213 288/3190/3113 287/3242/3163
f 276/3176/3101 289/3268/3189 294/3175/3100
f 830/3293/3214 908/3246/3167 828/3257/3178
f 759/3284/3205 748/3245/3166 746/3244/3165
f 915/3286/3207 909/3252/3173 908/3246/3167
f 754/3271/3192 751/3270/3191 759/3284/3205
f 812/3253/3174 822/3294/3215 815/3258/3179
f 823/3295/3216 812/3253/3174 816/3259/3180
f 824/3296/3217 822/3294/3215 812/3253/3174
f 754/3271/3192 730/3227/3121 736/3269/3190
f 820/3287/3208 819/3262/3183 818/3261/3182
f 820/3287/3208 765/3297/3210 741/3228/3149
f 911/3298/3218 912/3274/3195 897/3191/3114
f 811/3235/3156 743/3215/3138 766/3289/3210
f 825/3299/3219 821/3288/3209 811/3235/3156
f 825/3299/3219 811/3235/3156 827/3300/3220
f 753/3255/3176 756/3275/3196 762/3301/3221
f 913/3276/3197 916/3302/3222 914/3237/3158
f 914/3237/3158 918/3303/3223 957/3155/3080
f 680/3218/3141 685/3263/3184 690/3278/3199
f 934/3304/3224 695/3266/3187 964/3264/3185
f 682/3220/3143 684/3239/3160 691/3279/3200
f 2/3267/3188 1/3173/3098 5/3305/3225
f 1/3173/3098 6/3130/3055 5/3305/3225
f 296/3306/3226 297/3047/2975 288/3190/3113
f 20/3209/3132 17/3307/3227 151/3160/3085
f 292/3282/3203 294/3175/3100 289/3268/3189
f 828/3257/3178 829/3308/3228 830/3293/3214
f 828/3257/3178 831/3249/3170 832/3309/3229
f 833/3310/3230 834/3311/3231 763/3312/3232
f 763/3312/3232 834/3311/3231 759/3284/3205
f 763/3312/3232 746/3244/3165 757/3313/3204
f 763/3312/3232 759/3284/3205 746/3244/3165
f 758/3283/3204 740/3226/3148 755/3272/3193
f 815/3258/3179 835/3314/3233 831/3249/3170
f 815/3258/3179 822/3294/3215 835/3314/3233
f 812/3253/3174 823/3295/3216 824/3296/3217
f 816/3259/3180 837/3315/3234 823/3295/3216
f 816/3259/3180 817/3260/3181 837/3315/3234
f 730/3227/3121 754/3271/3192 818/3261/3182
f 811/3235/3156 766/3289/3210 827/3300/3220
f 762/3301/3221 756/3275/3196 761/3290/3211
f 917/3316/3235 916/3302/3222 913/3276/3197
f 916/3302/3222 918/3303/3223 914/3237/3158
f 957/3155/3080 918/3303/3223 963/3256/3177
f 690/3278/3199 764/3317/3236 693/3277/3198
f 687/3265/3186 682/3220/3143 694/3318/3237
f 694/3318/3237 682/3220/3143 691/3279/3200
f 2/3267/3188 8/3319/3238 4/3241/3162
f 292/3282/3203 298/3320/3239 293/3150/3075
f 296/3306/3226 275/3162/3087 297/3047/2975
f 832/3309/3229 829/3308/3228 828/3257/3178
f 833/3310/3230 763/3312/3232 770/3321/3240
f 833/3310/3230 838/3322/3241 834/3311/3231
f 908/3246/3167 830/3293/3214 919/3323/3242
f 831/3249/3170 839/3324/3243 832/3309/3229
f 908/3246/3167 919/3323/3242 915/3286/3207
f 831/3249/3170 835/3314/3233 839/3324/3243
f 834/3311/3231 754/3271/3192 759/3284/3205
f 822/3294/3215 840/3325/3244 835/3314/3233
f 822/3294/3215 841/3326/3245 840/3325/3244
f 824/3296/3217 840/3325/3244 841/3326/3245
f 824/3296/3217 841/3326/3245 822/3294/3215
f 755/3272/3193 753/3255/3176 762/3301/3221
f 911/3298/3218 921/3327/3246 912/3274/3195
f 825/3299/3219 842/3328/3247 821/3288/3209
f 821/3288/3209 842/3328/3247 817/3260/3181
f 765/3297/3210 769/3329/3248 826/3330/3220
f 765/3297/3210 767/3331/3249 769/3329/3248
f 916/3302/3222 922/3332/3250 918/3303/3223
f 690/3278/3199 685/3263/3184 687/3265/3186
f 695/3266/3187 692/3333/3251 530/3291/3212
f 3/3206/3129 7/3334/3252 9/3231/3152
f 293/3150/3075 298/3320/3239 299/3335/3253
f 10/3174/3099 11/3161/3086 12/3336/3254
f 833/3310/3230 843/3337/3255 838/3322/3241
f 833/3310/3230 770/3321/3240 843/3337/3255
f 770/3321/3240 763/3312/3232 757/3313/3204
f 830/3293/3214 851/3338/3256 919/3323/3242
f 834/3311/3231 838/3322/3241 844/3339/3257
f 832/3309/3229 839/3324/3243 845/3340/3258
f 845/3340/3258 846/3341/3259 847/3342/3260
f 839/3324/3243 846/3341/3259 845/3340/3258
f 834/3311/3231 844/3339/3257 754/3271/3192
f 915/3286/3207 920/3343/3261 910/3273/3194
f 837/3315/3234 840/3325/3244 824/3296/3217
f 823/3295/3216 837/3315/3234 824/3296/3217
f 837/3315/3234 817/3260/3181 848/3344/3262
f 921/3327/3246 917/3316/3235 912/3274/3195
f 817/3260/3181 842/3328/3247 848/3344/3262
f 912/3274/3195 917/3316/3235 913/3276/3197
f 765/3297/3210 781/3345/3263 767/3331/3249
f 827/3300/3220 849/3346/3264 825/3299/3219
f 842/3328/3247 825/3299/3219 849/3346/3264
f 769/3329/3248 767/3331/3249 826/3330/3220
f 917/3316/3235 922/3332/3250 916/3302/3222
f 761/3290/3211 693/3277/3198 771/3347/3265
f 918/3303/3223 922/3332/3250 923/3348/3266
f 693/3277/3198 764/3317/3236 772/3349/3267
f 923/3348/3266 924/3350/3268 918/3303/3223
f 764/3317/3236 690/3278/3199 774/3351/3269
f 918/3303/3223 924/3350/3268 963/3256/3177
f 963/3256/3177 924/3350/3268 931/3352/3270
f 963/3256/3177 931/3352/3270 934/3304/3224
f 963/3256/3177 934/3304/3224 964/3264/3185
f 280/3207/3130 300/3353/3271 287/3242/3163
f 13/3354/3272 14/3208/3131 9/3231/3152
f 293/3150/3075 299/3335/3253 285/3172/3097
f 6/3130/3055 10/3174/3099 15/3355/3273
f 830/3293/3214 829/3308/3228 851/3338/3256
f 829/3308/3228 832/3309/3229 852/3356/3274
f 839/3324/3243 853/3357/3275 846/3341/3259
f 915/3286/3207 919/3323/3242 920/3343/3261
f 844/3339/3257 854/3358/3276 754/3271/3192
f 818/3261/3182 754/3271/3192 820/3287/3208
f 820/3287/3208 781/3345/3263 765/3297/3210
f 922/3332/3250 925/3359/3277 923/3348/3266
f 689/3360/3278 686/3361/3279 775/3362/3280
f 795/3363/3281 692/3333/3251 695/3266/3187
f 279/3204/3127 302/3364/3282 281/3205/3128
f 279/3204/3127 290/3281/3202 302/3364/3282
f 2/3267/3188 5/3305/3225 16/3365/3283
f 305/3366/3284 301/3367/3285 282/3368/3286
f 287/3242/3163 300/3353/3271 295/3292/3213
f 295/3292/3213 296/3306/3226 288/3190/3113
f 275/3162/3087 296/3306/3226 289/3268/3189
f 151/3160/3085 17/3307/3227 11/3161/3086
f 11/3161/3086 17/3307/3227 18/3369/3287
f 851/3338/3256 829/3308/3228 855/3370/3288
f 770/3321/3240 856/3371/3289 843/3337/3255
f 757/3313/3204 776/3372/3290 770/3321/3240
f 845/3340/3258 852/3356/3274 832/3309/3229
f 755/3272/3193 778/3373/3291 758/3283/3204
f 839/3324/3243 835/3314/3233 853/3357/3275
f 755/3272/3193 762/3301/3221 778/3373/3291
f 754/3271/3192 854/3358/3276 820/3287/3208
f 837/3315/3234 848/3344/3262 857/3374/3292
f 842/3328/3247 858/3375/3293 848/3344/3262
f 917/3316/3235 921/3327/3246 926/3376/3294
f 842/3328/3247 849/3346/3264 858/3375/3293
f 761/3290/3211 771/3347/3265 762/3301/3221
f 917/3316/3235 926/3376/3294 922/3332/3250
f 768/3377/3295 772/3349/3267 780/3378/3296
f 922/3332/3250 926/3376/3294 927/3379/3297
f 927/3379/3297 925/3359/3277 922/3332/3250
f 693/3277/3198 772/3349/3267 771/3347/3265
f 928/3380/3298 923/3348/3266 925/3359/3277
f 772/3349/3267 764/3317/3236 780/3378/3296
f 764/3317/3236 774/3351/3269 780/3378/3296
f 928/3380/3298 924/3350/3268 923/3348/3266
f 934/3304/3224 871/3381/3299 695/3266/3187
f 2/3267/3188 16/3365/3283 8/3319/3238
f 5/3305/3225 19/3382/3300 16/3365/3283
f 6/3130/3055 15/3355/3273 5/3305/3225
f 15/3355/3273 19/3382/3300 5/3305/3225
f 15/3355/3273 10/3174/3099 12/3336/3254
f 12/3336/3254 11/3161/3086 18/3369/3287
f 852/3356/3274 855/3370/3288 829/3308/3228
f 843/3337/3255 856/3371/3289 838/3322/3241
f 770/3321/3240 776/3372/3290 856/3371/3289
f 845/3340/3258 847/3342/3260 860/3383/3301
f 846/3341/3259 853/3357/3275 847/3342/3260
f 920/3343/3261 919/3323/3242 929/3384/3302
f 782/3385/3303 783/3386/3304 768/3377/3295
f 762/3301/3221 771/3347/3265 785/3387/3305
f 869/3388/3306 928/3380/3298 850/3389/3307
f 928/3380/3298 931/3352/3270 924/3350/3268
f 786/3390/3308 773/3391/3309 775/3362/3280
f 689/3360/3278 775/3362/3280 773/3391/3309
f 795/3363/3281 695/3266/3187 871/3381/3299
f 282/3368/3286 303/3392/3310 306/3393/3311
f 296/3306/3226 307/3394/3312 289/3268/3189
f 292/3282/3203 289/3268/3189 308/3395/3313
f 855/3370/3288 852/3356/3274 861/3396/3314
f 856/3371/3289 792/3397/3315 838/3322/3241
f 845/3340/3258 861/3396/3314 852/3356/3274
f 838/3322/3241 792/3397/3315 844/3339/3257
f 757/3313/3204 777/3398/3316 776/3372/3290
f 919/3323/3242 851/3338/3256 929/3384/3302
f 845/3340/3258 860/3383/3301 861/3396/3314
f 847/3342/3260 853/3357/3275 860/3383/3301
f 844/3339/3257 862/3399/3317 854/3358/3276
f 837/3315/3234 857/3374/3292 840/3325/3244
f 854/3358/3276 781/3345/3263 820/3287/3208
f 778/3373/3291 762/3301/3221 785/3387/3305
f 857/3374/3292 848/3344/3262 858/3375/3293
f 932/3400/3318 850/3389/3307 928/3380/3298
f 783/3386/3304 772/3349/3267 768/3377/3295
f 787/3401/3319 772/3349/3267 788/3402/3320
f 772/3349/3267 787/3401/3319 771/3347/3265
f 928/3380/3298 925/3359/3277 927/3379/3297
f 767/3331/3249 779/3403/3321 786/3390/3308
f 786/3390/3308 779/3403/3321 773/3391/3309
f 869/3388/3306 931/3352/3270 928/3380/3298
f 786/3390/3308 775/3362/3280 789/3404/3322
f 309/3405/3323 302/3364/3282 290/3281/3202
f 311/3406/3324 290/3281/3202 299/3335/3253
f 299/3335/3253 290/3281/3202 285/3172/3097
f 312/3407/3325 295/3292/3213 300/3353/3271
f 13/3354/3272 20/3209/3132 14/3208/3131
f 855/3370/3288 861/3396/3314 851/3338/3256
f 862/3399/3317 844/3339/3257 792/3397/3315
f 853/3357/3275 835/3314/3233 860/3383/3301
f 930/3408/3326 933/3409/3327 921/3327/3246
f 840/3325/3244 857/3374/3292 863/3410/3328
f 854/3358/3276 796/3411/3329 781/3345/3263
f 933/3409/3327 926/3376/3294 921/3327/3246
f 859/3412/3330 850/3389/3307 932/3400/3318
f 783/3386/3304 788/3402/3320 772/3349/3267
f 826/3330/3220 767/3331/3249 865/3413/3331
f 827/3300/3220 867/3414/3332 849/3346/3264
f 868/3415/3333 869/3388/3306 850/3389/3307
f 767/3331/3249 786/3390/3308 865/3413/3331
f 870/3416/3334 934/3304/3224 931/3352/3270
f 687/3265/3186 694/3318/3237 691/3279/3200
f 305/3366/3284 282/3368/3286 306/3393/3311
f 8/3319/3238 16/3365/3283 21/3417/3335
f 7/3334/3252 22/3418/3336 9/3231/3152
f 856/3371/3289 776/3372/3290 792/3397/3315
f 851/3338/3256 861/3396/3314 929/3384/3302
f 861/3396/3314 935/3419/3337 929/3384/3302
f 860/3383/3301 835/3314/3233 861/3396/3314
f 861/3396/3314 835/3314/3233 935/3419/3337
f 862/3399/3317 796/3411/3329 854/3358/3276
f 930/3408/3326 936/3420/3338 933/3409/3327
f 840/3325/3244 863/3410/3328 835/3314/3233
f 857/3374/3292 858/3375/3293 863/3410/3328
f 937/3421/3339 926/3376/3294 933/3409/3327
f 926/3376/3294 937/3421/3339 927/3379/3297
f 826/3330/3220 865/3413/3331 866/3422/3340
f 931/3352/3270 869/3388/3306 870/3416/3334
f 870/3416/3334 871/3381/3299 934/3304/3224
f 775/3362/3280 791/3423/3341 789/3404/3322
f 775/3362/3280 686/3361/3279 791/3423/3341
f 24/3424/3342 21/3417/3335 16/3365/3283
f 23/3425/3343 21/3417/3335 24/3424/3342
f 23/3425/3343 8/3319/3238 21/3417/3335
f 304/3426/3344 313/3427/3345 300/3353/3271
f 313/3427/3345 314/3428/3346 300/3353/3271
f 22/3418/3336 13/3354/3272 9/3231/3152
f 20/3209/3132 25/3429/3347 17/3307/3227
f 289/3268/3189 307/3394/3312 308/3395/3313
f 776/3372/3290 777/3398/3316 792/3397/3315
f 792/3397/3315 777/3398/3316 784/3430/3348
f 836/3431/3233 864/3432/3349 936/3420/3338
f 797/3433/3350 783/3386/3304 782/3385/3303
f 936/3420/3338 937/3421/3339 933/3409/3327
f 771/3347/3265 794/3434/3351 785/3387/3305
f 859/3412/3330 932/3400/3318 864/3432/3349
f 794/3434/3351 788/3402/3320 783/3386/3304
f 788/3402/3320 794/3434/3351 787/3401/3319
f 771/3347/3265 787/3401/3319 794/3434/3351
f 932/3400/3318 928/3380/3298 937/3421/3339
f 937/3421/3339 928/3380/3298 927/3379/3297
f 869/3388/3306 868/3415/3333 870/3416/3334
f 686/3361/3279 789/3404/3322 791/3423/3341
f 790/3435/3352 688/3436/3353 795/3363/3281
f 692/3333/3251 795/3363/3281 688/3436/3353
f 303/3392/3310 315/3437/3354 306/3393/3311
f 303/3392/3310 310/3438/3355 315/3437/3354
f 290/3281/3202 311/3406/3324 309/3405/3323
f 314/3428/3346 312/3407/3325 300/3353/3271
f 312/3407/3325 316/3439/3356 295/3292/3213
f 295/3292/3213 316/3439/3356 296/3306/3226
f 296/3306/3226 316/3439/3356 307/3394/3312
f 17/3307/3227 26/3440/3357 18/3369/3287
f 862/3399/3317 792/3397/3315 796/3411/3329
f 792/3397/3315 784/3430/3348 793/3441/3358
f 792/3397/3315 793/3441/3358 796/3411/3329
f 936/3420/3338 864/3432/3349 937/3421/3339
f 797/3433/3350 794/3434/3351 783/3386/3304
f 864/3432/3349 932/3400/3318 937/3421/3339
f 865/3413/3331 786/3390/3308 866/3422/3340
f 868/3415/3333 871/3381/3299 870/3416/3334
f 868/3415/3333 795/3363/3281 871/3381/3299
f 317/3442/3359 313/3427/3345 318/3443/3360
f 306/3393/3311 319/3444/3361 305/3366/3284
f 313/3427/3345 304/3426/3344 318/3443/3360
f 22/3418/3336 27/3445/3362 13/3354/3272
f 25/3429/3347 26/3440/3357 17/3307/3227
f 786/3390/3308 789/3404/3322 866/3422/3340
f 868/3415/3333 790/3435/3352 795/3363/3281
f 24/3424/3342 28/3446/3363 29/3447/3364
f 16/3365/3283 28/3446/3363 24/3424/3342
f 24/3424/3342 31/3448/3365 23/3425/3343
f 320/3449/3366 313/3427/3345 317/3442/3359
f 16/3365/3283 32/3450/3367 28/3446/3363
f 16/3365/3283 19/3382/3300 32/3450/3367
f 19/3382/3300 15/3355/3273 32/3450/3367
f 33/3451/3368 20/3209/3132 13/3354/3272
f 298/3320/3239 292/3282/3203 308/3395/3313
f 12/3336/3254 18/3369/3287 34/3452/3369
f 29/3447/3364 35/3453/3370 24/3424/3342
f 306/3393/3311 321/3454/3371 319/3444/3361
f 35/3453/3370 31/3448/3365 24/3424/3342
f 306/3393/3311 315/3437/3354 321/3454/3371
f 314/3428/3346 322/3455/3372 312/3407/3325
f 298/3320/3239 308/3395/3313 323/3456/3373
f 322/3455/3372 316/3439/3356 312/3407/3325
f 20/3209/3132 33/3451/3368 25/3429/3347
f 18/3369/3287 26/3440/3357 34/3452/3369
f 28/3446/3363 37/3457/3374 29/3447/3364
f 28/3446/3363 32/3450/3367 38/3458/3375
f 311/3406/3324 299/3335/3253 309/3405/3323
f 15/3355/3273 39/3459/3376 32/3450/3367
f 298/3320/3239 323/3456/3373 299/3335/3253
f 33/3451/3368 26/3440/3357 25/3429/3347
f 29/3447/3364 42/3460/3377 35/3453/3370
f 318/3443/3360 325/3461/3378 317/3442/3359
f 35/3453/3370 42/3460/3377 31/3448/3365
f 28/3446/3363 38/3458/3375 37/3457/3374
f 30/3462/3379 43/3463/3380 22/3418/3336
f 320/3449/3366 327/3464/3381 313/3427/3345
f 313/3427/3345 327/3464/3381 314/3428/3346
f 316/3439/3356 328/3465/3382 307/3394/3312
f 328/3465/3382 308/3395/3313 307/3394/3312
f 29/3447/3364 45/3466/3383 42/3460/3377
f 319/3444/3361 330/3467/3384 326/3468/3385
f 319/3444/3361 321/3454/3371 330/3467/3384
f 29/3447/3364 37/3457/3374 45/3466/3383
f 41/3469/3386 43/3463/3380 30/3462/3379
f 317/3442/3359 331/3470/3387 320/3449/3366
f 27/3445/3362 46/3471/3388 13/3354/3272
f 12/3336/3254 39/3459/3376 15/3355/3273
f 322/3455/3372 332/3472/3389 316/3439/3356
f 12/3336/3254 34/3452/3369 47/3473/3390
f 325/3461/3378 331/3470/3387 317/3442/3359
f 37/3457/3374 38/3458/3375 49/3474/3391
f 331/3470/3387 327/3464/3381 320/3449/3366
f 32/3450/3367 39/3459/3376 50/3475/3392
f 46/3471/3388 33/3451/3368 13/3354/3272
f 12/3336/3254 47/3473/3390 39/3459/3376
f 308/3395/3313 328/3465/3382 333/3476/3393
f 34/3452/3369 26/3440/3357 51/3477/3394
f 321/3454/3371 335/3478/3395 330/3467/3384
f 36/3479/3396 48/3480/3397 44/3481/3398
f 41/3469/3386 52/3482/3399 43/3463/3380
f 315/3437/3354 335/3478/3395 321/3454/3371
f 331/3470/3387 336/3483/3400 327/3464/3381
f 315/3437/3354 310/3438/3355 335/3478/3395
f 22/3418/3336 43/3463/3380 27/3445/3362
f 38/3458/3375 32/3450/3367 50/3475/3392
f 53/3484/3401 51/3477/3394 33/3451/3368
f 316/3439/3356 332/3472/3389 328/3465/3382
f 33/3451/3368 51/3477/3394 26/3440/3357
f 34/3452/3369 54/3485/3402 47/3473/3390
f 326/3468/3385 330/3467/3384 338/3486/3403
f 325/3461/3378 337/3487/3404 339/3488/3405
f 325/3461/3378 339/3488/3405 331/3470/3387
f 330/3467/3384 335/3478/3395 340/3489/3406
f 43/3463/3380 46/3471/3388 27/3445/3362
f 314/3428/3346 341/3490/3407 322/3455/3372
f 39/3459/3376 55/3491/3408 50/3475/3392
f 46/3471/3388 53/3484/3401 33/3451/3368
f 47/3473/3390 55/3491/3408 39/3459/3376
f 308/3395/3313 333/3476/3393 323/3456/3373
f 34/3452/3369 51/3477/3394 54/3485/3402
f 40/3492/3409 44/3481/3398 56/3493/3410
f 330/3467/3384 340/3489/3406 338/3486/3403
f 38/3458/3375 58/3494/3411 49/3474/3391
f 327/3464/3381 341/3490/3407 314/3428/3346
f 310/3438/3355 324/3495/3373 342/3496/3412
f 309/3405/3323 299/3335/3253 323/3456/3373
f 47/3473/3390 54/3485/3402 55/3491/3408
f 343/3497/3413 328/3465/3382 332/3472/3389
f 40/3492/3409 56/3493/3410 59/3498/3414
f 335/3478/3395 345/3499/3415 340/3489/3406
f 331/3470/3387 339/3488/3405 336/3483/3400
f 43/3463/3380 52/3482/3399 46/3471/3388
f 50/3475/3392 58/3494/3411 38/3458/3375
f 327/3464/3381 346/3500/3416 341/3490/3407
f 341/3490/3407 343/3497/3413 322/3455/3372
f 322/3455/3372 343/3497/3413 332/3472/3389
f 344/3501/3417 334/3502/3418 329/3503/3419
f 41/3469/3386 60/3504/3420 52/3482/3399
f 44/3481/3398 61/3505/3421 56/3493/3410
f 52/3482/3399 60/3504/3420 62/3506/3422
f 44/3481/3398 48/3480/3397 61/3505/3421
f 48/3480/3397 63/3507/3423 61/3505/3421
f 57/3508/3424 63/3507/3423 48/3480/3397
f 335/3478/3395 310/3438/3355 345/3499/3415
f 52/3482/3399 62/3506/3422 46/3471/3388
f 336/3483/3400 346/3500/3416 327/3464/3381
f 346/3500/3416 343/3497/3413 341/3490/3407
f 55/3491/3408 65/3509/3425 50/3475/3392
f 66/3510/3426 53/3484/3401 46/3471/3388
f 324/3495/3373 334/3502/3418 347/3511/3427
f 53/3484/3401 54/3485/3402 51/3477/3394
f 344/3501/3417 348/3512/3428 334/3502/3418
f 56/3493/3410 67/3513/3429 59/3498/3414
f 61/3505/3421 67/3513/3429 56/3493/3410
f 337/3487/3404 349/3514/3430 339/3488/3405
f 339/3488/3405 351/3515/3431 336/3483/3400
f 64/3516/3432 58/3494/3411 65/3509/3425
f 310/3438/3355 342/3496/3412 345/3499/3415
f 50/3475/3392 65/3509/3425 58/3494/3411
f 342/3496/3412 324/3495/3373 347/3511/3427
f 347/3511/3427 334/3502/3418 348/3512/3428
f 66/3510/3426 54/3485/3402 53/3484/3401
f 340/3489/3406 350/3517/3433 338/3486/3403
f 345/3499/3415 353/3518/3434 340/3489/3406
f 61/3505/3421 63/3507/3423 67/3513/3429
f 339/3488/3405 349/3514/3430 351/3515/3431
f 336/3483/3400 351/3515/3431 346/3500/3416
f 64/3516/3432 65/3509/3425 69/3519/3435
f 346/3500/3416 354/3520/3436 343/3497/3413
f 69/3519/3435 65/3509/3425 70/3521/3437
f 65/3509/3425 55/3491/3408 70/3521/3437
f 70/3521/3437 54/3485/3402 66/3510/3426
f 54/3485/3402 70/3521/3437 55/3491/3408
f 60/3504/3420 68/3522/3438 62/3506/3422
f 340/3489/3406 353/3518/3434 350/3517/3433
f 68/3522/3438 71/3523/3439 62/3506/3422
f 345/3499/3415 342/3496/3412 353/3518/3434
f 351/3515/3431 354/3520/3436 346/3500/3416
f 71/3523/3439 72/3524/3440 46/3471/3388
f 46/3471/3388 72/3524/3440 66/3510/3426
f 72/3524/3440 70/3521/3437 66/3510/3426
f 356/3525/3441 348/3512/3428 344/3501/3417
f 347/3511/3427 348/3512/3428 356/3525/3441
f 68/3522/3438 74/3526/3442 71/3523/3439
f 67/3513/3429 63/3507/3423 73/3527/3443
f 62/3506/3422 71/3523/3439 46/3471/3388
f 64/3516/3432 69/3519/3435 74/3526/3442
f 74/3526/3442 69/3519/3435 72/3524/3440
f 69/3519/3435 70/3521/3437 72/3524/3440
f 354/3520/3436 355/3528/3444 343/3497/3413
f 349/3514/3430 354/3520/3436 351/3515/3431
f 349/3514/3430 352/3529/3445 354/3520/3436
f 352/3529/3445 355/3528/3444 354/3520/3436
f 71/3523/3439 74/3526/3442 72/3524/3440
f 342/3496/3412 347/3511/3427 356/3525/3441
f 342/3496/3412 356/3525/3441 353/3518/3434
o Mesh_0.001
v 0.129490 0.376305 -0.145062
v 0.112379 0.400980 -0.137780
v 0.136621 0.403725 -0.143866
v 0.130435 0.352591 -0.139785
v 0.135515 0.428012 -0.133451
v 0.156434 0.420354 -0.131355
v 0.114928 0.439106 -0.122852
v 0.165404 0.428947 -0.120841
v 0.165404 0.428947 -0.120841
v 0.121727 0.462989 -0.129115
v 0.121727 0.462989 -0.129115
v 0.114115 0.448707 -0.130060
v 0.138263 0.442086 -0.117892
v 0.138263 0.442086 -0.117892
v 0.127959 0.452446 -0.123142
v 0.127959 0.452446 -0.123142
v 0.150670 0.435878 -0.111705
v 0.149872 0.441852 -0.107860
v 0.154626 0.455223 -0.103446
v 0.157294 0.446616 -0.091618
v 0.176705 0.428612 -0.105336
v 0.150135 0.482953 -0.087899
v 0.162005 0.435741 -0.068242
v 0.167498 0.413744 -0.048302
v 0.227298 0.349843 -0.199518
v 0.227298 0.349843 -0.199518
v 0.203080 0.339632 -0.186280
v 0.223720 0.365911 -0.211568
v 0.223720 0.365911 -0.211568
v 0.195597 0.365447 -0.202174
v 0.195597 0.365447 -0.202174
v 0.222558 0.333016 -0.178289
v 0.258970 0.355995 -0.195197
v 0.258970 0.355995 -0.195197
v 0.167001 0.340913 -0.169801
v 0.167409 0.376969 -0.188505
v 0.167409 0.376969 -0.188505
v 0.167409 0.376969 -0.188505
v 0.234292 0.332647 -0.170712
v 0.279164 0.365738 -0.183979
v 0.279164 0.365738 -0.183979
v 0.156059 0.388253 -0.174319
v 0.183758 0.417331 -0.203370
v 0.183758 0.417331 -0.203370
v 0.169567 0.424787 -0.178793
v 0.169567 0.424787 -0.178793
v 0.143091 0.351095 -0.154846
v 0.143091 0.351095 -0.154846
v 0.151090 0.395560 -0.157361
v 0.190230 0.323671 -0.154356
v 0.170674 0.328136 -0.147019
v 0.154031 0.341548 -0.153503
v 0.286939 0.373408 -0.172422
v 0.286939 0.373408 -0.172422
v 0.262602 0.349733 -0.155779
v 0.141875 0.383998 -0.156222
v 0.155299 0.410903 -0.142104
v 0.184819 0.457063 -0.155540
v 0.184819 0.457063 -0.155540
v 0.184819 0.457063 -0.155540
v 0.141570 0.329872 -0.132493
v 0.141570 0.329872 -0.132493
v 0.205714 0.320550 -0.129911
v 0.254533 0.348979 -0.132108
v 0.312787 0.427453 -0.161658
v 0.312787 0.427453 -0.161658
v 0.312787 0.427453 -0.161658
v 0.229680 0.330493 -0.114803
v 0.161791 0.335439 -0.141488
v 0.168647 0.429201 -0.124954
v 0.168647 0.429201 -0.124954
v 0.181196 0.429472 -0.110214
v 0.220431 0.481719 -0.145052
v 0.220431 0.481719 -0.145052
v 0.213140 0.487111 -0.164554
v 0.213140 0.487111 -0.164554
v 0.178058 0.329035 -0.129072
v 0.162028 0.420841 -0.128637
v 0.175669 0.321146 -0.116359
v 0.149116 0.322292 -0.121165
v 0.214164 0.325097 -0.106932
v 0.304306 0.455346 -0.145589
v 0.304306 0.455346 -0.145589
v 0.224697 0.355146 -0.094926
v 0.292108 0.454910 -0.137145
v 0.292108 0.454910 -0.137145
v 0.292679 0.482973 -0.147110
v 0.292679 0.482973 -0.147110
v 0.213561 0.402028 -0.091335
v 0.211098 0.444925 -0.112717
v 0.252525 0.490506 -0.144726
v 0.252525 0.490506 -0.144726
v 0.176228 0.320089 -0.105789
v 0.137208 0.327479 -0.097677
v 0.188486 0.328172 -0.101515
v 0.187940 0.329202 -0.109363
v 0.202802 0.331029 -0.102614
v 0.221250 0.341199 -0.098196
v 0.198745 0.329587 -0.093646
v 0.192660 0.416927 -0.098715
v 0.204690 0.402906 -0.091159
v 0.175696 0.328874 -0.085668
v 0.211662 0.340289 -0.091500
v 0.222028 0.344257 -0.090850
v 0.206228 0.377150 -0.083470
v 0.212040 0.373637 -0.085014
v 0.148920 0.329096 -0.082020
v 0.187494 0.344612 -0.080555
v 0.205700 0.351149 -0.086365
v 0.218954 0.389281 -0.083402
v 0.212029 0.398249 -0.083076
v 0.179486 0.352674 -0.066049
v 0.201124 0.385141 -0.081329
v 0.202781 0.394220 -0.078619
v 0.186896 0.408021 -0.068105
v 0.160175 0.342159 -0.062950
v 0.179091 0.400344 -0.051162
v 0.190903 0.397260 -0.070593
v 0.415341 0.478856 -0.353106
v 0.415341 0.478856 -0.353106
v 0.383157 0.554111 -0.314563
v 0.383157 0.554111 -0.314563
v 0.400619 0.561030 -0.311165
v 0.400619 0.561030 -0.311165
v 0.369687 0.492384 -0.308451
v 0.369687 0.492384 -0.308451
v 0.392043 0.495956 -0.336836
v 0.392043 0.495956 -0.336836
v 0.372739 0.534754 -0.307392
v 0.389493 0.565607 -0.307094
v 0.356687 0.528338 -0.305814
v 0.365551 0.528537 -0.302893
v 0.337911 0.543132 -0.298420
v 0.360541 0.551276 -0.306064
v 0.345786 0.554728 -0.310662
v 0.354024 0.573566 -0.294764
v 0.396677 0.569715 -0.292154
v 0.416617 0.546813 -0.311896
v 0.416617 0.546813 -0.311896
v 0.416617 0.546813 -0.311896
v 0.366759 0.520011 -0.293430
v 0.335599 0.550528 -0.295173
v 0.378343 0.577780 -0.302683
v 0.331849 0.523090 -0.293562
v 0.384625 0.583095 -0.292675
v 0.391200 0.578179 -0.292453
v 0.369277 0.434862 -0.309170
v 0.369277 0.434862 -0.309170
v 0.369277 0.434862 -0.309170
v 0.372032 0.494056 -0.281449
v 0.372032 0.494056 -0.281449
v 0.372032 0.494056 -0.281449
v 0.415512 0.552572 -0.293246
v 0.415512 0.552572 -0.293246
v 0.326260 0.507024 -0.292062
v 0.339154 0.515523 -0.288706
v 0.352868 0.506240 -0.278412
v 0.362093 0.586416 -0.276061
v 0.300278 0.529241 -0.279749
v 0.408121 0.554657 -0.278096
v 0.408121 0.554657 -0.278096
v 0.380994 0.581478 -0.280917
v 0.375993 0.586452 -0.272903
v 0.333416 0.482988 -0.265287
v 0.262589 0.500506 -0.257301
v 0.300387 0.549365 -0.265720
v 0.391299 0.558661 -0.261765
v 0.283188 0.477177 -0.268160
v 0.297930 0.465650 -0.265804
v 0.361632 0.499326 -0.270836
v 0.361632 0.499326 -0.270836
v 0.377449 0.495893 -0.273459
v 0.379194 0.578422 -0.264501
v 0.354773 0.498930 -0.265347
v 0.354773 0.498930 -0.265347
v 0.374920 0.435087 -0.282429
v 0.374920 0.435087 -0.282429
v 0.387462 0.501814 -0.267385
v 0.387462 0.501814 -0.267385
v 0.370606 0.504361 -0.264714
v 0.380480 0.511335 -0.267037
v 0.289165 0.435957 -0.252055
v 0.366687 0.501015 -0.254502
v 0.405905 0.509324 -0.264150
v 0.405905 0.509324 -0.264150
v 0.389207 0.531027 -0.262181
v 0.377836 0.523304 -0.256265
v 0.370109 0.502625 -0.235252
v 0.238443 0.495522 -0.232567
v 0.292057 0.552481 -0.242416
v 0.355301 0.475431 -0.243907
v 0.355301 0.475431 -0.243907
v 0.346648 0.473948 -0.245972
v 0.382522 0.553667 -0.250015
v 0.381876 0.540636 -0.248115
v 0.303762 0.557925 -0.222768
v 0.250059 0.523662 -0.201371
v 0.308531 0.411943 -0.224325
v 0.323338 0.562972 -0.223596
v 0.340828 0.447285 -0.217300
v 0.340828 0.447285 -0.217300
v 0.359175 0.493448 -0.211338
v 0.362626 0.545214 -0.226914
v 0.298973 0.549959 -0.202850
v 0.325980 0.548872 -0.206239
v 0.330960 0.484131 -0.174755
v 0.317456 0.516085 -0.177189
v 0.282027 0.531009 -0.179431
v 0.260117 0.386957 -0.225689
v 0.249329 0.427374 -0.244998
v 0.204064 0.393891 -0.217444
v 0.271752 0.374966 -0.210995
v 0.317292 0.412216 -0.208667
v 0.209562 0.481905 -0.191931
v 0.331716 0.432073 -0.197817
v 0.331716 0.432073 -0.197817
v 0.241868 0.512197 -0.177443
v 0.311166 0.403500 -0.181105
v 0.447498 0.395785 -0.386719
v 0.430908 0.470464 -0.356457
v 0.458957 0.418833 -0.373164
v 0.424401 0.400298 -0.384123
v 0.483349 0.383505 -0.373596
v 0.450275 0.470203 -0.347576
v 0.401940 0.413073 -0.368938
v 0.385132 0.385249 -0.345276
v 0.385132 0.385249 -0.345276
v 0.385780 0.438064 -0.348640
v 0.483616 0.432895 -0.333495
v 0.483616 0.432895 -0.333495
v 0.453405 0.486742 -0.328837
v 0.453405 0.486742 -0.328837
v 0.377613 0.377180 -0.313609
v 0.503218 0.391605 -0.326091
v 0.503218 0.391605 -0.326091
v 0.491885 0.416550 -0.310288
v 0.461499 0.478669 -0.301996
v 0.377583 0.393722 -0.294119
v 0.461906 0.458252 -0.282487
v 0.486900 0.388220 -0.282819
v 0.399410 0.377163 -0.270128
v 0.450398 0.442104 -0.265025
v 0.462824 0.396642 -0.263423
v 0.446964 0.417536 -0.258698
v 0.423411 0.422057 -0.255671
v 0.440200 0.348128 -0.261700
v 0.481987 0.286949 -0.395956
v 0.517786 0.286620 -0.386491
v 0.513652 0.262478 -0.402450
v 0.470384 0.271039 -0.399829
v 0.470384 0.271039 -0.399829
v 0.472901 0.301311 -0.385571
v 0.472901 0.301311 -0.385571
v 0.500307 0.305389 -0.380364
v 0.500307 0.305389 -0.380364
v 0.449000 0.318532 -0.396274
v 0.456217 0.354849 -0.395219
v 0.472774 0.314763 -0.391752
v 0.436199 0.348309 -0.393962
v 0.432992 0.358566 -0.395967
v 0.436345 0.362355 -0.394061
v 0.455034 0.259091 -0.393745
v 0.455034 0.259091 -0.393745
v 0.449028 0.285752 -0.379651
v 0.451926 0.300445 -0.389306
v 0.472086 0.363099 -0.389411
v 0.446211 0.285018 -0.371854
v 0.460851 0.298933 -0.384055
v 0.445586 0.293174 -0.380917
v 0.429184 0.293782 -0.378811
v 0.507880 0.313151 -0.375121
v 0.421311 0.343689 -0.385312
v 0.441551 0.277009 -0.369816
v 0.441551 0.277009 -0.369816
v 0.428422 0.285773 -0.374013
v 0.428422 0.285773 -0.374013
v 0.535170 0.266249 -0.386442
v 0.409693 0.327474 -0.365873
v 0.409693 0.327474 -0.365873
v 0.439589 0.218459 -0.366605
v 0.515993 0.317152 -0.363283
v 0.522134 0.305348 -0.354393
v 0.522134 0.305348 -0.354393
v 0.421270 0.282045 -0.355490
v 0.506895 0.370853 -0.345673
v 0.431221 0.276123 -0.344773
v 0.417959 0.274790 -0.349608
v 0.441004 0.194251 -0.350667
v 0.433335 0.263664 -0.334362
v 0.525563 0.318321 -0.334552
v 0.525563 0.318321 -0.334552
v 0.417424 0.290371 -0.339550
v 0.401234 0.314892 -0.333441
v 0.436539 0.277062 -0.339305
v 0.424912 0.281369 -0.335612
v 0.519499 0.304804 -0.327223
v 0.549342 0.262355 -0.347163
v 0.437532 0.276907 -0.326651
v 0.432861 0.283252 -0.330075
v 0.387016 0.344361 -0.321614
v 0.442616 0.206718 -0.323344
v 0.437045 0.263740 -0.319483
v 0.535550 0.274642 -0.315417
v 0.511185 0.309719 -0.303597
v 0.446119 0.278616 -0.303538
v 0.401347 0.314968 -0.306588
v 0.417114 0.298800 -0.303018
v 0.505698 0.375333 -0.310725
v 0.514871 0.301322 -0.315998
v 0.450740 0.251380 -0.301600
v 0.453039 0.281449 -0.302351
v 0.504662 0.295382 -0.301969
v 0.450050 0.214482 -0.307884
v 0.533659 0.258620 -0.303102
v 0.500331 0.303057 -0.294832
v 0.509337 0.237326 -0.283360
v 0.478686 0.237733 -0.285583
v 0.477997 0.258499 -0.286759
v 0.484569 0.289849 -0.295594
v 0.464149 0.286812 -0.280295
v 0.464881 0.286782 -0.289690
v 0.447382 0.295402 -0.278572
v 0.412911 0.323912 -0.283038
v 0.497509 0.234366 -0.282918
v 0.479108 0.355843 -0.273143
v 0.455935 0.297851 -0.273445
v 0.495935 0.160229 -0.415295
v 0.495935 0.160229 -0.415295
v 0.494738 0.184457 -0.416155
v 0.519025 0.171947 -0.418427
v 0.519025 0.171947 -0.418427
v 0.478339 0.209032 -0.412312
v 0.478339 0.209032 -0.412312
v 0.478339 0.209032 -0.412312
v 0.529625 0.237847 -0.403054
v 0.545097 0.187668 -0.406611
v 0.545097 0.187668 -0.406611
v 0.517869 0.233689 -0.409154
v 0.497395 0.114198 -0.411104
v 0.487736 0.131585 -0.403426
v 0.455419 0.205760 -0.392714
v 0.463126 0.210001 -0.403299
v 0.465610 0.148340 -0.382714
v 0.554938 0.229349 -0.378909
v 0.493276 0.087239 -0.379933
v 0.493276 0.087239 -0.379933
v 0.563619 0.192458 -0.383222
v 0.563619 0.192458 -0.383222
v 0.545196 0.266456 -0.366603
v 0.471345 0.108720 -0.355901
v 0.456064 0.149022 -0.355222
v 0.565683 0.201111 -0.334946
v 0.470016 0.118899 -0.355520
v 0.576232 0.150092 -0.367979
v 0.495012 0.087452 -0.344010
v 0.495012 0.087452 -0.344010
v 0.488278 0.094794 -0.335549
v 0.455695 0.156684 -0.335484
v 0.574298 0.121531 -0.327397
v 0.479998 0.151115 -0.303289
v 0.552768 0.245379 -0.331293
v 0.520923 0.074103 -0.316477
v 0.517281 0.089548 -0.311813
v 0.517281 0.089548 -0.311813
v 0.553750 0.196763 -0.311371
v 0.500982 0.110696 -0.305549
v 0.566482 0.109605 -0.319567
v 0.560901 0.124957 -0.307517
v 0.466591 0.189899 -0.299830
v 0.537061 0.071381 -0.315585
v 0.533796 0.086751 -0.307059
v 0.533796 0.086751 -0.307059
v 0.566276 0.107444 -0.309990
v 0.566276 0.107444 -0.309990
v 0.566276 0.107444 -0.309990
v 0.520138 0.094840 -0.294916
v 0.537625 0.176105 -0.293370
v 0.535955 0.077021 -0.297307
v 0.579801 0.098853 -0.316258
v 0.563863 0.108949 -0.297230
v 0.563863 0.108949 -0.297230
v 0.535676 0.089022 -0.294590
v 0.535676 0.089022 -0.294590
v 0.588953 0.090595 -0.296471
v 0.580538 0.092126 -0.285903
v 0.516200 0.122771 -0.294798
v 0.550655 0.110470 -0.293248
v 0.550655 0.110470 -0.293248
v 0.539100 0.125149 -0.293056
v 0.499982 0.178291 -0.287366
v 0.513957 0.188062 -0.282802
v 0.542787 0.098862 -0.290458
v 0.542787 0.098862 -0.290458
v 0.520468 0.163994 -0.287287
v 0.522781 0.170649 -0.287144
v 0.546610 0.076672 -0.279107
v 0.546610 0.076672 -0.279107
v 0.546610 0.076672 -0.279107
v 0.527978 0.102026 -0.289578
v 0.557037 0.099646 -0.282462
v 0.557037 0.099646 -0.282462
v 0.494884 0.191312 -0.284872
v 0.504704 0.222276 -0.282756
v 0.550305 0.062537 -0.286049
v 0.550305 0.062537 -0.286049
v 0.576567 0.088238 -0.278603
v 0.576567 0.088238 -0.278603
v 0.511056 0.178258 -0.279003
v 0.495407 0.186213 -0.280295
v 0.508700 0.232508 -0.279076
v 0.566156 0.065180 -0.278517
v 0.594015 0.091006 -0.277797
v 0.594015 0.091006 -0.277797
v 0.574529 0.079002 -0.272686
v 0.574529 0.079002 -0.272686
v 0.557561 0.073066 -0.273967
v 0.557561 0.073066 -0.273967
v 0.582836 0.071836 -0.264441
v 0.630593 0.036876 -0.385965
v 0.630593 0.036876 -0.385965
v 0.612971 0.050732 -0.361644
v 0.612971 0.050732 -0.361644
v 0.610074 0.046866 -0.369867
v 0.610074 0.046866 -0.369867
v 0.641534 0.045075 -0.383936
v 0.641534 0.045075 -0.383936
v 0.632927 0.059579 -0.371377
v 0.589417 0.041104 -0.381358
v 0.590354 0.049114 -0.368598
v 0.590354 0.049114 -0.368598
v 0.650582 0.064635 -0.386529
v 0.616487 0.062926 -0.361317
v 0.614001 0.078526 -0.369181
v 0.606288 0.086374 -0.381474
v 0.604488 0.092697 -0.367374
v 0.583559 0.096809 -0.379254
v 0.583559 0.096809 -0.379254
v 0.580037 0.105910 -0.352011
v 0.583139 0.098781 -0.355344
v 0.583139 0.098781 -0.355344
v 0.583697 0.117487 -0.387482
v 0.583697 0.117487 -0.387482
v 0.583697 0.117487 -0.387482
v 0.582901 0.114325 -0.347866
v 0.582901 0.114325 -0.347866
v 0.561300 0.046011 -0.375652
v 0.580806 0.044855 -0.351512
v 0.580806 0.044855 -0.351512
v 0.544537 0.046556 -0.351830
v 0.517370 0.058800 -0.347806
v 0.496289 0.078453 -0.356138
v 0.516855 0.057214 -0.371845
v 0.604766 0.090472 -0.356958
v 0.599725 0.064395 -0.341945
v 0.599725 0.064395 -0.341945
v 0.604268 0.079105 -0.347593
v 0.604268 0.079105 -0.347593
v 0.560999 0.049962 -0.336511
v 0.536027 0.059108 -0.328691
v 0.592165 0.053766 -0.341932
v 0.586294 0.071441 -0.333492
v 0.586294 0.071441 -0.333492
v 0.572817 0.100643 -0.324471
v 0.572817 0.100643 -0.324471
v 0.572817 0.100643 -0.324471
v 0.556839 0.063088 -0.323785
v 0.575666 0.066577 -0.325418
v 0.581153 0.076427 -0.325163
v 0.575449 0.063047 -0.319930
v 0.575449 0.063047 -0.319930
v 0.575449 0.063047 -0.319930
v 0.584110 0.068812 -0.320167
v 0.584110 0.068812 -0.320167
v 0.588575 0.084206 -0.316329
v 0.588575 0.084206 -0.316329
v 0.608433 0.071097 -0.310502
v 0.608433 0.071097 -0.310502
v 0.589449 0.053454 -0.313286
v 0.589449 0.053454 -0.313286
v 0.608467 0.057035 -0.308532
v 0.597592 0.089828 -0.299717
v 0.579551 0.042221 -0.295763
v 0.567419 0.055855 -0.292727
v 0.567419 0.055855 -0.292727
v 0.590334 0.038043 -0.295202
v 0.624178 0.068640 -0.287364
v 0.612455 0.084373 -0.295279
v 0.612455 0.084373 -0.295279
v 0.605619 0.034446 -0.284367
v 0.583228 0.038308 -0.284802
v 0.616846 0.053834 -0.278941
v 0.608944 0.089313 -0.284813
v 0.608944 0.089313 -0.284813
v 0.620582 0.077952 -0.273473
v 0.608354 0.037479 -0.278128
v 0.575555 0.049039 -0.278162
v 0.625917 0.067100 -0.272764
v 0.620620 0.041281 -0.263165
v 0.598343 0.040591 -0.273443
v 0.606877 0.049877 -0.269967
v 0.620846 0.070367 -0.265689
v 0.612890 0.045182 -0.260851
v 0.590154 0.078801 -0.265108
v 0.620876 0.048237 -0.258274
v 0.614858 0.055257 -0.256825
v 0.590903 0.047917 -0.498373
v 0.590903 0.047917 -0.498373
v 0.590903 0.047917 -0.498373
v 0.602077 0.050690 -0.493181
v 0.602077 0.050690 -0.493181
v 0.586157 0.048199 -0.490533
v 0.586157 0.048199 -0.490533
v 0.603476 0.065355 -0.503762
v 0.603476 0.065355 -0.503762
v 0.603476 0.065355 -0.503762
v 0.600111 0.069786 -0.487996
v 0.604407 0.059314 -0.488334
v 0.604407 0.059314 -0.488334
v 0.603055 0.044462 -0.480939
v 0.592734 0.075506 -0.486965
v 0.592734 0.075506 -0.486965
v 0.592734 0.075506 -0.486965
v 0.589642 0.038182 -0.475811
v 0.609406 0.056078 -0.472186
v 0.599800 0.077612 -0.464447
v 0.588357 0.085011 -0.467732
v 0.588357 0.085011 -0.467732
v 0.605599 0.052930 -0.460844
v 0.604679 0.070279 -0.460761
v 0.584952 0.040883 -0.452392
v 0.591924 0.063414 -0.436368
v 0.585482 0.053161 -0.428776
v 0.569022 0.049154 -0.430711
v 0.586115 0.076987 -0.435035
v 0.623551 0.052318 -0.427806
v 0.651344 0.067512 -0.423677
v 0.631251 0.040814 -0.419672
v 0.616202 0.062942 -0.426222
v 0.585808 0.052709 -0.420587
v 0.657775 0.053954 -0.416492
v 0.591163 0.064593 -0.419811
v 0.597450 0.063504 -0.416226
v 0.612343 0.074218 -0.419369
v 0.635851 0.081002 -0.418729
v 0.635851 0.081002 -0.418729
v 0.612118 0.038934 -0.412204
v 0.674723 0.047047 -0.413477
v 0.674723 0.047047 -0.413477
v 0.666176 0.062881 -0.418458
v 0.666176 0.062881 -0.418458
v 0.583506 0.082596 -0.415342
v 0.642849 0.040547 -0.412290
v 0.650451 0.051184 -0.409018
v 0.650451 0.051184 -0.409018
v 0.676432 0.036490 -0.406716
v 0.676432 0.036490 -0.406716
v 0.602995 0.074493 -0.411148
v 0.662559 0.078397 -0.405365
v 0.599301 0.044132 -0.404155
v 0.674178 0.062918 -0.405762
v 0.651095 0.084944 -0.405170
v 0.575204 0.094824 -0.412882
v 0.575204 0.094824 -0.412882
v 0.638492 0.035496 -0.401150
v 0.657742 0.051946 -0.402171
v 0.657742 0.051946 -0.402171
v 0.601185 0.082284 -0.403534
v 0.601185 0.082284 -0.403534
v 0.585720 0.093692 -0.402873
v 0.585720 0.093692 -0.402873
v 0.615590 0.034676 -0.393154
v 0.585571 0.039446 -0.396455
v 0.569756 0.043268 -0.400866
v 0.667680 0.062965 -0.394564
v 0.649747 0.053571 -0.394612
v 0.658040 0.077405 -0.395124
v 0.583879 0.090395 -0.392385
v 0.577186 0.070385 -0.492303
v 0.577186 0.070385 -0.492303
v 0.590163 0.072288 -0.499945
v 0.590163 0.072288 -0.499945
v 0.579163 0.057244 -0.495994
v 0.579163 0.057244 -0.495994
v 0.558782 0.070491 -0.485299
v 0.562256 0.043165 -0.475117
v 0.554084 0.056446 -0.482192
v 0.577429 0.082621 -0.482311
v 0.555044 0.077649 -0.474551
v 0.548205 0.063501 -0.474464
v 0.571761 0.091138 -0.450475
v 0.571761 0.091138 -0.450475
v 0.550665 0.049009 -0.451937
v 0.551165 0.081817 -0.457297
v 0.562057 0.041669 -0.459806
v 0.541493 0.064258 -0.450769
v 0.541182 0.079444 -0.449919
v 0.553449 0.093204 -0.449554
v 0.537759 0.087633 -0.436807
v 0.549359 0.093553 -0.436928
v 0.549359 0.093553 -0.436928
v 0.542379 0.065055 -0.442312
v 0.512763 0.087100 -0.419617
v 0.571426 0.088548 -0.434871
v 0.543954 0.099086 -0.428209
v 0.543954 0.099086 -0.428209
v 0.543954 0.099086 -0.428209
v 0.543954 0.099086 -0.428209
v 0.537502 0.048503 -0.416801
v 0.511129 0.069819 -0.404485
v 0.525463 0.095565 -0.424882
v 0.525463 0.095565 -0.424882
v 0.536429 0.110213 -0.428349
v 0.536429 0.110213 -0.428349
v 0.536429 0.110213 -0.428349
v 0.513631 0.093333 -0.410903
v 0.513631 0.093333 -0.410903
v 0.570417 0.106424 -0.408693
v 0.551319 0.115461 -0.427217
v 0.576859 0.116026 -0.407571
v 0.560365 0.042923 -0.413355
v 0.508231 0.077295 -0.396543
v 0.541095 0.046181 -0.393886
v 0.569576 0.100240 -0.404376
v 0.528661 0.056174 -0.383423
v 0.514193 0.065882 -0.386900
v 0.505078 0.071366 -0.387639
v 0.588966 0.039350 -0.512125
v 0.588966 0.039350 -0.512125
v 0.598520 0.054192 -0.515156
v 0.598520 0.054192 -0.515156
v 0.601889 0.042774 -0.515875
v 0.606512 0.048992 -0.512182
v 0.593328 0.035124 -0.509151
v 0.589047 0.058781 -0.510088
v 0.588666 0.036219 -0.506479
vn -0.7268 -0.3058 -0.6150
vn 0.0677 0.3440 -0.9365
vn 0.4870 -0.4906 -0.7226
vn 0.9198 -0.1263 -0.3715
vn 0.1604 -0.9852 -0.0604
vn -0.7269 -0.3057 -0.6150
vn -0.6101 0.2331 -0.7573
vn 0.0675 0.3440 -0.9365
vn -0.6287 -0.6840 0.3700
vn 0.6965 0.6068 -0.3829
vn -0.0843 0.8459 -0.5266
vn 0.9839 0.1407 -0.1102
vn -0.3577 0.5265 -0.7713
vn 0.7068 -0.7059 0.0468
vn -0.5434 -0.8129 0.2096
vn -0.6159 -0.3540 -0.7038
vn -0.5433 -0.8129 0.2098
vn -0.2157 -0.8537 -0.4739
vn -0.3575 0.5266 -0.7713
vn 0.3355 0.8760 -0.3464
vn -0.0844 0.8460 -0.5264
vn -0.5434 -0.8128 0.2097
vn 0.7068 -0.7059 0.0467
vn -0.2156 -0.8537 -0.4739
vn -0.6157 -0.3540 -0.7040
vn -0.5417 0.3614 -0.7589
vn 0.6966 0.6068 -0.3829
vn 0.7727 0.6234 -0.1194
vn 0.9839 0.1409 -0.1104
vn 0.3356 0.8760 -0.3464
vn -0.4487 -0.8092 -0.3793
vn -0.6923 -0.3494 -0.6314
vn 0.6183 -0.7585 -0.2058
vn -0.0552 0.8446 -0.5325
vn 0.3357 0.8760 -0.3463
vn -0.6055 0.6728 -0.4251
vn 0.1499 -0.9713 -0.1847
vn 0.9977 -0.0680 -0.0039
vn -0.9178 -0.0077 -0.3969
vn 0.1854 0.9784 -0.0912
vn 0.7033 0.7105 0.0233
vn 0.3923 0.9116 -0.1229
vn 0.3925 0.9115 -0.1228
vn 0.8416 -0.3997 0.3634
vn -0.6839 -0.7157 0.1414
vn 0.8993 0.3736 0.2274
vn -0.5741 0.6052 -0.5514
vn -0.3344 -0.9394 0.0758
vn 0.2427 -0.9268 0.2865
vn -0.9718 -0.1955 -0.1316
vn 0.1855 0.9784 -0.0910
vn 0.9296 0.0437 0.3659
vn -0.8369 0.1828 -0.5160
vn -0.1996 0.8605 -0.4687
vn 0.6209 -0.7558 0.2081
vn -0.5949 0.4473 -0.6679
vn -0.0998 0.9420 -0.3205
vn -0.0427 -0.9989 0.0193
vn -0.8500 -0.4825 -0.2116
vn 0.7801 0.6025 0.1689
vn -0.8386 0.1563 -0.5218
vn 0.4495 0.8919 -0.0488
vn 0.1101 0.5618 -0.8199
vn -0.0996 0.9420 -0.3205
vn -0.0978 -0.2916 -0.9515
vn 0.3155 0.2491 -0.9157
vn 0.1148 -0.7463 -0.6556
vn -0.2702 0.1600 -0.9494
vn -0.4650 -0.8298 -0.3086
vn 0.5443 -0.7549 -0.3660
vn 0.0594 -0.7159 -0.6957
vn -0.8452 -0.4802 -0.2346
vn 0.8481 -0.0114 -0.5297
vn 0.0292 -0.1229 -0.9920
vn -0.3183 0.5905 -0.7417
vn 0.0448 0.7626 -0.6453
vn 0.6190 0.5365 -0.5735
vn 0.5632 0.7114 -0.4204
vn -0.4822 0.1877 -0.8557
vn -0.4821 0.1875 -0.8558
vn -0.0188 0.0049 -0.9998
vn 0.1102 0.5619 -0.8199
vn -0.4141 -0.0614 -0.9082
vn -0.3606 -0.7970 -0.4846
vn 0.6441 -0.2268 -0.7305
vn 0.5468 0.2785 -0.7896
vn -0.8594 -0.1214 -0.4967
vn -0.0186 0.0049 -0.9998
vn 0.7796 -0.1356 -0.6114
vn 0.3660 -0.1784 -0.9133
vn 0.8248 -0.0705 -0.5610
vn -0.6979 -0.2790 -0.6596
vn -0.4139 -0.0613 -0.9083
vn 0.0612 0.1529 -0.9864
vn -0.0050 -0.9844 -0.1761
vn 0.5521 -0.7877 -0.2732
vn 0.5481 -0.8164 0.1819
vn 0.4669 -0.8836 0.0344
vn -0.1636 0.5773 -0.8000
vn 0.0448 0.7628 -0.6451
vn 0.6504 0.7483 -0.1304
vn 0.5469 0.2786 -0.7895
vn 0.0613 0.1530 -0.9863
vn 0.5338 0.2598 -0.8047
vn -0.1492 0.0357 -0.9882
vn -0.0659 -0.9939 -0.0888
vn -0.1823 -0.9030 -0.3890
vn 0.9303 0.3660 0.0233
vn 0.6440 -0.2268 -0.7306
vn 0.3113 0.9430 -0.1178
vn -0.3372 0.0145 -0.9413
vn 0.5418 0.2506 -0.8023
vn 0.1932 0.1950 -0.9616
vn 0.4648 -0.8854 -0.0027
vn -0.3042 -0.9288 0.2116
vn 0.4670 -0.8836 0.0344
vn 0.2109 0.9032 -0.3739
vn -0.9539 -0.1635 -0.2516
vn 0.5055 0.8623 -0.0305
vn -0.7544 -0.2298 -0.6149
vn -0.7990 -0.1648 -0.5782
vn -0.5930 -0.3203 -0.7388
vn -0.3374 0.0145 -0.9413
vn 0.2506 0.3473 -0.9036
vn -0.2716 0.2672 -0.9246
vn -0.0327 0.4392 -0.8978
vn -0.2625 -0.9561 0.1300
vn -0.2283 -0.8995 0.3726
vn 0.9526 0.2833 -0.1104
vn 0.5055 0.8623 -0.0304
vn 0.8885 0.2760 -0.3666
vn 0.9783 0.0297 -0.2051
vn -0.6879 0.1144 -0.7167
vn -0.6878 0.1144 -0.7168
vn -0.2718 0.2672 -0.9245
vn 0.0248 -0.9885 -0.1493
vn 0.6557 0.1432 0.7413
vn -0.4078 -0.9106 -0.0665
vn -0.5623 -0.7857 -0.2578
vn 0.2109 0.9032 -0.3737
vn 0.3495 0.9303 -0.1108
vn -0.8201 -0.4864 -0.3013
vn 0.6807 0.4352 -0.5893
vn 0.6208 0.6647 -0.4156
vn 0.5480 -0.8164 0.1819
vn -0.3042 -0.9288 0.2118
vn 0.6874 -0.6074 0.3981
vn -0.6773 -0.6125 -0.4076
vn -0.8395 -0.3035 -0.4508
vn -0.0584 0.0065 -0.9983
vn 0.4594 0.3172 -0.8297
vn -0.1440 -0.1922 -0.9707
vn 0.1034 0.1192 -0.9875
vn 0.2664 -0.1825 -0.9464
vn -0.2247 -0.0777 -0.9713
vn -0.1021 -0.0021 -0.9948
vn 0.3869 0.1245 -0.9137
vn 0.2341 -0.8778 0.4179
vn 0.6715 -0.5370 0.5105
vn 0.6715 -0.5369 0.5107
vn 0.5270 0.6231 0.5779
vn 0.5145 0.8504 -0.1102
vn 0.8824 0.2731 -0.3831
vn -0.7380 -0.1373 -0.6607
vn -0.0584 0.0064 -0.9983
vn -0.1106 -0.4933 -0.8628
vn 0.4282 0.2089 -0.8792
vn 0.1363 0.3088 -0.9413
vn -0.0914 -0.9136 0.3963
vn 0.5623 -0.0202 0.8267
vn -0.9776 -0.0559 -0.2032
vn -0.5166 -0.3349 -0.7880
vn 0.1343 -0.4516 -0.8820
vn -0.3620 -0.5215 -0.7726
vn -0.5023 -0.3702 -0.7814
vn 0.4594 0.3170 -0.8297
vn 0.7460 -0.1236 -0.6544
vn -0.6578 -0.1374 -0.7405
vn -0.2684 0.2548 -0.9290
vn -0.1597 -0.9871 0.0081
vn 0.0589 -0.9670 0.2478
vn -0.5154 -0.8477 -0.1254
vn 0.7782 0.5716 -0.2601
vn 0.8885 0.2760 -0.3665
vn 0.6738 0.3562 -0.6474
vn 0.4335 0.4181 -0.7983
vn 0.6943 0.5894 0.4130
vn 0.9783 0.0298 -0.2049
vn 0.9750 0.2213 0.0226
vn 0.8595 0.4444 -0.2524
vn -0.7373 -0.2580 -0.6244
vn -0.5022 -0.6033 -0.6195
vn -0.8447 -0.2442 -0.4764
vn -0.6321 0.1157 -0.7662
vn 0.2341 -0.8777 0.4180
vn 0.3307 -0.7388 0.5872
vn 0.6024 0.0095 0.7981
vn -0.8547 -0.5048 0.1211
vn 0.5756 0.8157 -0.0571
vn 0.0401 -0.9799 0.1955
vn -0.8835 -0.4683 0.0102
vn -0.9295 -0.3577 -0.0897
vn -0.7373 -0.2580 -0.6243
vn 0.8936 0.3496 -0.2814
vn 0.8453 0.1378 -0.5163
vn 0.1939 0.4498 -0.8718
vn 0.5799 0.6654 0.4700
vn 0.7782 0.5716 -0.2602
vn 0.9899 -0.0368 0.1370
vn 0.7572 0.6051 0.2459
vn 0.9783 0.0296 -0.2049
vn 0.9834 -0.0360 0.1776
vn 0.9544 0.2092 0.2131
vn -0.8868 -0.1179 -0.4469
vn -0.1640 0.3819 -0.9095
vn 0.1928 -0.9375 0.2898
vn -0.2238 -0.9652 0.1355
vn -0.5563 -0.7933 0.2471
vn 0.7571 0.6052 0.2459
vn -0.9598 -0.1783 -0.2167
vn -0.6884 -0.5827 -0.4319
vn -0.8447 -0.2442 -0.4762
vn -0.5024 -0.6033 -0.6194
vn 0.8937 0.3494 -0.2815
vn 0.8625 0.3678 -0.3476
vn 0.0401 -0.9799 0.1953
vn -0.7068 -0.6615 0.2506
vn 0.6146 0.6609 0.4306
vn -0.7067 -0.6617 0.2506
vn 0.9834 -0.0358 0.1776
vn -0.9685 -0.2432 -0.0541
vn 0.5553 0.4855 -0.6752
vn -0.6040 0.2291 -0.7633
vn 0.6260 -0.1412 0.7670
vn 0.9157 0.4004 0.0332
vn -0.0549 -0.9958 0.0728
vn -0.6020 -0.7557 -0.2579
vn -0.8037 0.0984 -0.5868
vn 0.8491 0.4405 -0.2916
vn 0.6361 0.3581 0.6834
vn -0.9989 0.0405 0.0238
vn 0.9968 0.0245 0.0761
vn -0.6796 -0.6389 0.3604
vn -0.8778 -0.3601 0.3160
vn 0.8885 0.0854 0.4509
vn -0.9014 -0.4312 0.0399
vn -0.8456 -0.5157 0.1380
vn -0.8868 -0.1179 -0.4468
vn 0.9273 0.3623 -0.0944
vn -0.2547 0.3226 -0.9116
vn 0.3259 0.7210 -0.6115
vn 0.0316 -0.8398 0.5420
vn -0.2292 -0.8095 0.5406
vn 0.3695 -0.6988 0.6125
vn 0.6259 -0.1413 0.7670
vn -0.9086 -0.2303 0.3485
vn -0.8383 -0.5241 0.1504
vn 0.6361 0.3581 0.6835
vn 0.6784 0.1862 0.7107
vn 0.9111 0.3973 0.1095
vn -0.4663 -0.8016 0.3740
vn 0.9460 0.1366 0.2939
vn 0.7688 0.5340 -0.3518
vn -0.9569 0.0427 -0.2872
vn -0.6157 -0.3241 0.7182
vn 0.9161 0.2783 0.2886
vn -0.9582 -0.1400 0.2495
vn -0.1844 -0.9827 0.0147
vn 0.9968 0.0245 0.0762
vn -0.9438 -0.3219 -0.0748
vn -0.9721 -0.2345 -0.0012
vn -0.1639 0.3819 -0.9095
vn -0.2546 0.3226 -0.9117
vn 0.3259 0.7211 -0.6114
vn -0.0599 -0.9293 0.3645
vn 0.5314 -0.8334 0.1517
vn -0.4757 -0.5677 0.6719
vn 0.6784 0.1863 0.7107
vn -0.9103 0.0227 0.4133
vn 0.6646 0.6127 -0.4277
vn -0.9570 0.0427 -0.2870
vn -0.6041 0.2290 -0.7633
vn 0.9874 -0.0038 -0.1583
vn -0.5573 -0.6114 0.5618
vn -0.5573 -0.6115 0.5617
vn 0.9111 0.3974 0.1095
vn 0.7521 0.1420 0.6436
vn 0.7794 0.4447 0.4413
vn -0.9961 -0.0519 -0.0716
vn 0.0997 -0.8108 -0.5768
vn 0.5580 -0.3193 -0.7660
vn 0.8289 0.2160 -0.5161
vn 0.6865 0.6837 -0.2477
vn 0.8289 0.2160 -0.5159
vn 0.8204 -0.0866 0.5652
vn -0.4017 -0.7698 0.4960
vn 0.5578 -0.3193 -0.7661
vn 0.5559 0.2189 -0.8019
vn 0.8776 0.2057 0.4330
vn -0.1958 -0.5966 0.7783
vn -0.8290 -0.4946 0.2612
vn 0.9273 0.3623 -0.0942
vn 0.8491 0.4405 -0.2914
vn 0.9018 0.3694 0.2244
vn -0.9961 -0.0519 -0.0718
vn 0.7689 0.5340 -0.3516
vn 0.8658 0.4731 0.1628
vn 0.6647 0.6127 -0.4275
vn -0.4599 -0.1084 -0.8813
vn 0.1171 -0.5661 -0.8160
vn 0.5561 0.2187 -0.8019
vn 0.5750 -0.3920 -0.7182
vn 0.2551 0.8777 -0.4057
vn 0.7416 0.6572 0.1351
vn 0.7416 0.6571 0.1351
vn -0.6187 -0.3955 0.6789
vn 0.7563 0.1727 0.6310
vn -0.6155 -0.2445 0.7493
vn -0.7357 -0.1781 0.6534
vn 0.6661 0.2630 0.6980
vn -0.6201 -0.6768 0.3968
vn 0.9116 0.2051 0.3563
vn 0.2365 0.6625 -0.7107
vn -0.6563 -0.5942 0.4649
vn 0.8414 0.1848 0.5078
vn -0.1068 -0.4211 -0.9007
vn 0.2202 -0.7179 -0.6604
vn -0.5000 -0.0551 -0.8643
vn -0.1622 0.0861 -0.9830
vn -0.3038 0.0841 -0.9490
vn -0.4057 0.6957 -0.5928
vn 0.7212 0.6923 -0.0223
vn 0.6646 0.6128 -0.4275
vn 0.0997 -0.8107 -0.5769
vn -0.5476 -0.7731 -0.3202
vn -0.5704 -0.8201 0.0457
vn -0.5703 -0.8202 0.0456
vn 0.3127 0.9476 -0.0661
vn -0.6623 -0.0217 0.7489
vn -0.3496 -0.4790 0.8052
vn 0.5787 0.0202 0.8153
vn -0.5502 -0.5418 -0.6354
vn 0.7739 0.6290 0.0736
vn -0.6652 0.3498 -0.6597
vn -0.0335 0.7122 -0.7012
vn -0.0546 -0.8920 -0.4487
vn -0.4957 -0.7609 0.4187
vn 0.9476 0.0457 -0.3162
vn -0.9062 -0.3369 0.2554
vn 0.6495 0.6487 -0.3968
vn -0.6563 -0.5943 0.4649
vn -0.4737 -0.5684 0.6727
vn 0.4105 0.2765 0.8690
vn -0.9077 -0.2175 0.3589
vn 0.4868 -0.4507 -0.7483
vn 0.3359 0.9068 -0.2548
vn 0.7148 0.6842 -0.1445
vn 0.3643 -0.9293 -0.0600
vn 0.3321 0.9117 0.2419
vn 0.5544 -0.2763 0.7850
vn 0.7681 0.1740 0.6163
vn 0.7608 0.3388 0.5536
vn -0.8446 -0.4867 0.2231
vn 0.7738 0.6291 0.0735
vn -0.4646 -0.8584 0.2174
vn 0.6496 0.6486 -0.3967
vn -0.6842 -0.3078 0.6612
vn 0.2446 0.9005 0.3596
vn -0.2971 -0.1120 0.9483
vn 0.7417 0.6570 0.1351
vn 0.2385 0.4879 0.8397
vn 0.3319 0.9118 0.2419
vn 0.2385 0.4878 0.8397
vn 0.2647 0.1263 0.9560
vn -0.4395 -0.4635 0.7694
vn -0.3464 -0.0321 0.9375
vn 0.3523 0.1518 0.9235
vn 0.3676 0.2482 0.8963
vn 0.0413 -0.3458 -0.9374
vn 0.1465 -0.6112 -0.7778
vn -0.0534 -0.7410 -0.6694
vn -0.2424 0.9666 -0.0828
vn 0.6933 -0.6578 -0.2944
vn -0.3034 0.1787 0.9359
vn 0.4354 0.8929 0.1149
vn 0.1186 -0.1026 0.9876
vn 0.3305 -0.0835 0.9401
vn -0.2136 0.1649 0.9629
vn 0.2934 -0.2984 0.9082
vn 0.1626 -0.7615 0.6274
vn 0.2587 -0.9622 0.0848
vn -0.4160 -0.6236 0.6618
vn -0.6001 -0.4033 0.6909
vn -0.5468 0.1359 -0.8262
vn 0.6931 0.5303 0.4882
vn -0.4191 -0.5324 0.7355
vn -0.4956 -0.7609 0.4188
vn -0.6122 -0.1230 0.7811
vn 0.5846 0.7192 0.3755
vn 0.4356 0.8928 0.1151
vn -0.1681 -0.1652 0.9718
vn -0.3036 0.1787 0.9359
vn -0.0336 0.5728 0.8190
vn -0.4061 -0.0439 0.9128
vn -0.0268 -0.0572 0.9980
vn -0.1306 0.0799 0.9882
vn 0.5247 -0.0505 0.8498
vn -0.8993 -0.0823 0.4296
vn 0.7299 0.6285 0.2687
vn 0.3837 0.8929 0.2355
vn 0.5403 -0.7410 0.3987
vn -0.7137 -0.5571 0.4245
vn 0.9816 0.1331 0.1369
vn -0.1517 0.6966 0.7012
vn 0.0723 -0.3738 0.9247
vn -0.7234 0.0019 0.6904
vn 0.5993 0.0134 0.8004
vn -0.5895 -0.2302 0.7742
vn 0.4012 -0.6141 -0.6796
vn -0.6216 0.1986 -0.7578
vn -0.6233 0.6212 -0.4751
vn 0.7060 0.3352 0.6239
vn 0.3995 -0.9105 0.1070
vn -0.6121 -0.1230 0.7812
vn 0.0861 0.9074 0.4114
vn -0.0334 0.5728 0.8190
vn -0.3002 0.3328 0.8939
vn -0.3517 -0.1958 -0.9154
vn 0.0425 -0.4610 -0.8864
vn -0.1744 -0.9846 0.0075
vn 0.2657 -0.9306 0.2518
vn 0.6931 0.5302 0.4882
vn 0.5578 0.6477 0.5191
vn -0.1004 -0.6691 0.7364
vn -0.1564 -0.7417 0.6523
vn -0.4095 0.0431 0.9113
vn -0.3230 -0.3132 0.8931
vn -0.3230 -0.3133 0.8931
vn 0.0139 -0.3787 0.9254
vn 0.4618 0.0550 0.8853
vn -0.1745 -0.9846 0.0073
vn 0.3404 -0.8251 -0.4509
vn -0.3004 0.3327 0.8939
vn 0.0861 0.9073 0.4116
vn 0.5445 0.4737 0.6922
vn -0.0598 -0.2048 0.9770
vn 0.5171 0.2344 0.8232
vn -0.8992 -0.0823 0.4297
vn -0.2018 -0.1721 0.9642
vn -0.5773 -0.6243 0.5262
vn -0.1518 0.6966 0.7012
vn -0.0933 0.5294 0.8432
vn -0.2018 -0.1719 0.9642
vn 0.1702 0.1016 0.9802
vn 0.3927 -0.8454 0.3620
vn 0.3956 -0.2794 0.8749
vn 0.5629 -0.2478 0.7885
vn -0.0573 0.0027 0.9984
vn 0.0770 -0.4845 -0.8714
vn 0.6538 -0.7349 -0.1802
vn 0.3404 -0.8252 -0.4508
vn 0.1702 0.1015 0.9802
vn 0.2707 -0.1145 0.9558
vn 0.2837 0.0745 0.9560
vn 0.1157 -0.5613 -0.8195
vn -0.1273 -0.0072 0.9918
vn 0.8850 -0.2436 0.3969
vn 0.9225 -0.3450 0.1731
vn -0.7412 0.4597 -0.4892
vn -0.6084 0.7800 -0.1466
vn -0.2676 -0.2830 -0.9210
vn 0.6656 -0.6370 -0.3888
vn 0.3990 -0.7009 -0.5912
vn 0.6658 -0.6370 -0.3886
vn 0.7707 0.1877 0.6090
vn 0.9851 -0.0663 0.1590
vn -0.4231 0.8870 0.1852
vn -0.4523 -0.2062 -0.8677
vn -0.7081 0.1428 -0.6915
vn -0.6237 0.7814 -0.0202
vn 0.5366 -0.6315 -0.5597
vn -0.1447 -0.5140 -0.8455
vn 0.3924 -0.7017 -0.5947
vn 0.8447 -0.5203 -0.1252
vn -0.0154 0.8906 0.4546
vn 0.8728 -0.1487 0.4648
vn 0.5847 0.4001 0.7058
vn 0.7487 -0.6292 -0.2089
vn 0.8448 -0.5203 -0.1250
vn -0.1958 0.8687 0.4550
vn -0.7737 0.5911 -0.2279
vn 0.2848 0.6648 0.6906
vn 0.0499 -0.7082 -0.7042
vn 0.4018 -0.7764 -0.4855
vn -0.3917 -0.4332 -0.8117
vn 0.0499 -0.7083 -0.7042
vn -0.2012 -0.7309 -0.6521
vn -0.1448 -0.5141 -0.8455
vn 0.6443 -0.7388 -0.1975
vn -0.6627 -0.1646 -0.7305
vn 0.7086 0.1032 0.6981
vn 0.4116 0.4694 0.7812
vn -0.3917 -0.4333 -0.8117
vn 0.8730 -0.4505 0.1868
vn -0.8458 0.3930 -0.3608
vn 0.0974 -0.8860 -0.4534
vn 0.4018 -0.7765 -0.4854
vn -0.4765 -0.6424 -0.6003
vn -0.6628 -0.1647 -0.7305
vn -0.4786 0.8088 0.3417
vn 0.8097 -0.5348 0.2416
vn 0.8730 -0.4504 0.1870
vn 0.3659 -0.9048 -0.2177
vn 0.6443 -0.7389 -0.1974
vn -0.6629 -0.1645 -0.7304
vn -0.8545 0.1254 -0.5041
vn -0.7082 0.1428 -0.6914
vn -0.6744 -0.3633 -0.6428
vn -0.7405 0.3749 -0.5577
vn -0.6427 0.7389 0.2024
vn -0.0905 0.7577 0.6462
vn -0.1588 -0.9557 -0.2476
vn 0.7836 -0.6009 0.1575
vn 0.7876 -0.2774 0.5502
vn 0.7877 -0.2772 0.5502
vn -0.6745 -0.3631 -0.6428
vn -0.7617 0.6418 0.0885
vn -0.4217 -0.9042 -0.0671
vn -0.4595 -0.7683 -0.4457
vn 0.6315 -0.7705 0.0861
vn -0.3872 0.7289 0.5646
vn -0.4439 0.0910 -0.8914
vn -0.5757 0.6978 -0.4263
vn 0.6618 0.0378 0.7487
vn -0.6217 -0.0582 -0.7811
vn 0.3470 0.4200 0.8386
vn -0.4212 -0.7876 -0.4498
vn -0.7033 -0.3732 -0.6050
vn -0.2815 0.4182 -0.8636
vn -0.0201 0.6220 0.7828
vn 0.0233 -0.9976 0.0650
vn -0.4213 -0.7875 -0.4498
vn 0.7137 -0.5870 0.3821
vn 0.7876 -0.2773 0.5503
vn 0.5956 -0.7241 0.3478
vn -0.2793 -0.9307 -0.2361
vn -0.5182 0.1138 -0.8477
vn -0.5879 0.8078 0.0434
vn 0.4753 0.1638 0.8645
vn 0.0343 0.5401 -0.8409
vn 0.2212 0.6309 -0.7437
vn -0.0280 -0.1008 -0.9945
vn -0.1535 0.8524 0.4999
vn -0.6427 0.7389 0.2025
vn -0.0740 -0.9890 -0.1278
vn -0.2834 0.7937 -0.5382
vn -0.5878 0.8079 0.0435
vn -0.7616 0.6419 0.0887
vn 0.0700 0.9126 -0.4029
vn 0.3201 -0.9005 -0.2942
vn 0.4360 0.4829 -0.7594
vn 0.1277 -0.2516 -0.9594
vn 0.4919 -0.1682 -0.8542
vn 0.3317 0.1530 -0.9309
vn -0.2245 -0.9409 -0.2534
vn 0.1742 -0.8439 0.5075
vn 0.6618 0.0377 0.7487
vn 0.7084 -0.0959 0.6992
vn 0.4752 0.1637 0.8645
vn 0.3469 0.4200 0.8386
vn 0.4227 0.4727 0.7732
vn -0.0748 0.5718 0.8170
vn -0.0201 0.6219 0.7829
vn 0.0700 0.9126 -0.4028
vn 0.4362 0.4829 -0.7593
vn 0.2305 0.7905 -0.5674
vn 0.2432 -0.9632 0.1141
vn -0.4124 -0.9045 0.1083
vn 0.4294 0.9031 -0.0105
vn 0.5635 0.4427 -0.6975
vn 0.4920 -0.1680 -0.8542
vn 0.3319 -0.9302 0.1568
vn 0.1038 -0.9945 -0.0121
vn 0.8654 0.1164 -0.4874
vn 0.3318 0.1530 -0.9309
vn 0.1623 -0.8369 0.5227
vn 0.6181 -0.5864 0.5236
vn 0.3357 -0.8155 0.4715
vn 0.3332 0.7200 0.6087
vn 0.9016 0.3950 -0.1763
vn 0.3024 0.6881 0.6596
vn 0.3302 -0.7894 0.5175
vn 0.0437 -0.6894 0.7231
vn 0.6649 -0.4347 0.6074
vn 0.4060 -0.1470 0.9020
vn 0.3478 -0.2697 0.8979
vn -0.1432 -0.8891 0.4348
vn 0.4989 -0.4999 0.7079
vn 0.2713 -0.2608 0.9265
vn 0.9549 -0.1154 0.2735
vn 0.3577 0.6449 0.6753
vn 0.8589 0.4965 0.1259
vn 0.8768 0.4645 -0.1242
vn 0.5510 -0.4169 0.7229
vn 0.5979 0.0509 0.8000
vn 0.4752 0.1238 0.8711
vn 0.7387 0.4529 0.4992
vn 0.1443 -0.6692 0.7289
vn 0.6557 0.1251 0.7446
vn 0.7475 0.1403 0.6492
vn 0.8580 0.1563 0.4892
vt 0.010721 0.099610
vt 0.012987 0.108199
vt 0.009722 0.105225
vt 0.008615 0.107534
vt 0.007672 0.102088
vt 0.119665 0.017316
vt 0.117097 0.011107
vt 0.121211 0.011834
vt 0.007541 0.100833
vt 0.006636 0.112553
vt 0.115887 0.005289
vt 0.121211 0.005498
vt 0.000218 0.108765
vt 0.110148 0.006813
vt 0.001835 0.105433
vt 0.002214 0.099610
vt 0.110949 0.012098
vt 0.113628 0.015879
vt 0.110345 0.016311
vt 0.930042 0.804572
vt 0.936782 0.808940
vt 0.933016 0.809517
vt 0.917704 0.803344
vt 0.912786 0.801389
vt 0.918350 0.800156
vt 0.923483 0.802689
vt 0.931106 0.797892
vt 0.908007 0.805364
vt 0.906130 0.800844
vt 0.909668 0.800805
vt 0.116588 0.000826
vt 0.920554 0.791229
vt 0.927114 0.793729
vt 0.911741 0.796493
vt 0.937775 0.803085
vt 0.903921 0.801308
vt 0.933957 0.794167
vt 0.913928 0.793342
vt 0.907471 0.794530
vt 0.929083 0.791707
vt 0.941569 0.791389
vt 0.901139 0.792146
vt 0.943715 0.803730
vt 0.898705 0.793554
vt 0.906417 0.789546
vt 0.920526 0.782956
vt 0.902669 0.790814
vt 0.933803 0.787863
vt 0.917137 0.785728
vt 0.910228 0.784526
vt 0.926082 0.783272
vt 0.895150 0.790256
vt 0.902473 0.780156
vt 0.930493 0.782681
vt 0.936101 0.785836
vt 0.905064 0.775534
vt 0.933434 0.778715
vt 0.937013 0.782637
vt 0.911174 0.774350
vt 0.925113 0.778383
vt 0.898662 0.783495
vt 0.938774 0.767174
vt 0.894596 0.786415
vt 0.938846 0.779533
vt 0.890513 0.790413
vt 0.884354 0.772511
vt 0.873249 0.776374
vt 0.881515 0.769406
vt 0.885693 0.774599
vt 0.887451 0.790971
vt 0.922026 0.766945
vt 0.903627 0.772110
vt 0.871844 0.771289
vt 0.934260 0.760145
vt 0.899459 0.774565
vt 0.894523 0.773348
vt 0.887188 0.776618
vt 0.878309 0.780161
vt 0.894922 0.781018
vt 0.891877 0.783151
vt 0.940095 0.772521
vt 0.774859 0.664531
vt 0.770086 0.658131
vt 0.772841 0.657394
vt 0.750494 0.674117
vt 0.888046 0.767999
vt 0.865415 0.772924
vt 0.868296 0.777351
vt 0.942857 0.763883
vt 0.943751 0.055706
vt 0.946822 0.068542
vt 0.940299 0.060418
vt 0.946281 0.058245
vt 0.950729 0.066536
vt 0.768230 0.674420
vt 0.799295 0.812649
vt 0.797493 0.802792
vt 0.813846 0.816010
vt 0.912775 0.767067
vt 0.878202 0.767744
vt 0.873949 0.767281
vt 0.862600 0.771614
vt 0.893116 0.776341
vt 0.929695 0.096340
vt 0.931722 0.107487
vt 0.923884 0.109074
vt 0.777832 0.670331
vt 0.949082 0.032866
vt 0.955784 0.043547
vt 0.790362 0.811422
vt 0.908257 0.762424
vt 0.896364 0.766150
vt 0.928890 0.113250
vt 0.924785 0.116962
vt 0.933840 0.103665
vt 0.944134 0.072933
vt 0.778193 0.815831
vt 0.773731 0.799340
vt 0.788413 0.793133
vt 0.774933 0.803831
vt 0.881751 0.764445
vt 0.870172 0.768005
vt 0.928551 0.121211
vt 0.890203 0.778897
vt 0.937495 0.756961
vt 0.889922 0.781626
vt 0.761178 0.678248
vt 0.736928 0.694466
vt 0.733448 0.692263
vt 0.731391 0.687203
vt 0.765805 0.802345
vt 0.757622 0.811879
vt 0.757322 0.808023
vt 0.889699 0.762650
vt 0.918966 0.758968
vt 0.946950 0.072182
vt 0.944482 0.078582
vt 0.961046 0.046693
vt 0.954363 0.073982
vt 0.719877 0.706730
vt 0.112662 0.875736
vt 0.114236 0.882704
vt 0.094629 0.875285
vt 0.901910 0.761888
vt 0.935074 0.113093
vt 0.923711 0.753232
vt 0.931337 0.753410
vt 0.941609 0.085286
vt 0.948312 0.090759
vt 0.779226 0.684529
vt 0.759862 0.795682
vt 0.756275 0.799660
vt 0.939663 0.120418
vt 0.938905 0.118011
vt 0.942343 0.116051
vt 0.935858 0.752725
vt 0.756039 0.689911
vt 0.748025 0.806883
vt 0.750239 0.801901
vt 0.133423 0.881374
vt 0.143994 0.887721
vt 0.129286 0.888722
vt 0.145027 0.880647
vt 0.148988 0.880383
vt 0.150231 0.882185
vt 0.885412 0.759979
vt 0.880193 0.760429
vt 0.947347 0.115770
vt 0.936670 0.108050
vt 0.943715 0.748851
vt 0.947826 0.080451
vt 0.770974 0.786975
vt 0.121847 0.876938
vt 0.124298 0.887585
vt 0.126924 0.880303
vt 0.145170 0.893953
vt 0.158978 0.889693
vt 0.893289 0.755111
vt 0.942636 0.111043
vt 0.733605 0.707500
vt 0.122165 0.874019
vt 0.124764 0.883115
vt 0.125138 0.876498
vt 0.128039 0.870716
vt 0.123640 0.897411
vt 0.125915 0.901376
vt 0.145087 0.873524
vt 0.163094 0.881401
vt 0.910083 0.751608
vt 0.900400 0.755855
vt 0.928059 0.747713
vt 0.952738 0.081803
vt 0.784191 0.783134
vt 0.150914 0.901579
vt 0.164949 0.897141
vt 0.951978 0.097568
vt 0.809073 0.769543
vt 0.795233 0.769416
vt 0.757984 0.788168
vt 0.120517 0.871153
vt 0.125626 0.868827
vt 0.141318 0.864763
vt 0.169930 0.872955
vt 0.950802 0.120679
vt 0.960896 0.110800
vt 0.960427 0.115469
vt 0.951576 0.109824
vt 0.939566 0.739919
vt 0.954209 0.091485
vt 0.898925 0.749624
vt 0.770319 0.697194
vt 0.754385 0.701751
vt 0.716758 0.720536
vt 0.743678 0.787282
vt 0.126374 0.906632
vt 0.186133 0.896337
vt 0.955687 0.105047
vt 0.897983 0.705894
vt 0.903095 0.708636
vt 0.899127 0.711012
vt 0.900977 0.698742
vt 0.906051 0.707394
vt 0.773485 0.769012
vt 0.163673 0.858186
vt 0.190479 0.890986
vt 0.904560 0.739466
vt 0.916561 0.741277
vt 0.927631 0.738213
vt 0.961721 0.086610
vt 0.766347 0.697885
vt 0.712035 0.725670
vt 0.696351 0.723073
vt 0.711787 0.719645
vt 0.122341 0.909250
vt 0.145981 0.912506
vt 0.965048 0.120247
vt 0.969689 0.120541
vt 0.942769 0.734383
vt 0.957892 0.093919
vt 0.782386 0.699304
vt 0.803529 0.756361
vt 0.740154 0.710239
vt 0.182908 0.903282
vt 0.198920 0.880522
vt 0.963159 0.104134
vt 0.755536 0.781569
vt 0.717003 0.728640
vt 0.712952 0.728539
vt 0.180538 0.869745
vt 0.169268 0.912711
vt 0.962690 0.097897
vt 0.723725 0.729574
vt 0.126362 0.917286
vt 0.779139 0.703314
vt 0.754935 0.709022
vt 0.796241 0.750127
vt 0.708133 0.730962
vt 0.696327 0.732433
vt 0.671106 0.728401
vt 0.154370 0.917741
vt 0.216448 0.878397
vt 0.209823 0.917741
vt 0.911893 0.733962
vt 0.898043 0.735458
vt 0.920585 0.731176
vt 0.903315 0.729750
vt 0.899655 0.723739
vt 0.740036 0.721330
vt 0.719330 0.729872
vt 0.898828 0.718822
vt 0.903336 0.721488
vt 0.905617 0.713412
vt 0.715012 0.732627
vt 0.734963 0.779306
vt 0.187157 0.913293
vt 0.202396 0.866575
vt 0.763464 0.720612
vt 0.758334 0.774503
vt 0.720779 0.734654
vt 0.718089 0.734519
vt 0.732716 0.784746
vt 0.685450 0.736811
vt 0.673574 0.740340
vt 0.108224 0.805718
vt 0.085796 0.816973
vt 0.086491 0.810328
vt 0.914121 0.726384
vt 0.907937 0.723786
vt 0.928584 0.725750
vt 0.969689 0.095985
vt 0.725007 0.734967
vt 0.202745 0.917086
vt 0.094960 0.833695
vt 0.101004 0.825064
vt 0.906721 0.719027
vt 0.933824 0.721590
vt 0.787709 0.713697
vt 0.801244 0.744145
vt 0.769963 0.758937
vt 0.744141 0.773189
vt 0.655260 0.740701
vt 0.910064 0.722472
vt 0.908514 0.720266
vt 0.909888 0.716979
vt 0.127977 0.025679
vt 0.131080 0.023576
vt 0.136893 0.025892
vt 0.727973 0.773288
vt 0.921104 0.724728
vt 0.140452 0.034289
vt 0.139484 0.030953
vt 0.147185 0.026070
vt 0.797262 0.743467
vt 0.721644 0.744565
vt 0.697623 0.740984
vt 0.708171 0.799128
vt 0.694350 0.808529
vt 0.696619 0.799242
vt 0.181663 0.849247
vt 0.672802 0.816010
vt 0.672525 0.806182
vt 0.644495 0.815183
vt 0.086379 0.825888
vt 0.147185 0.034632
vt 0.073592 0.379500
vt 0.072080 0.395471
vt 0.071693 0.388125
vt 0.140558 0.020935
vt 0.126185 0.020290
vt 0.796752 0.739425
vt 0.778569 0.717492
vt 0.790374 0.742170
vt 0.749814 0.727745
vt 0.740001 0.728860
vt 0.747931 0.767401
vt 0.706952 0.741560
vt 0.709989 0.791692
vt 0.083807 0.811121
vt 0.925569 0.719392
vt 0.733086 0.774830
vt 0.082130 0.830764
vt 0.084888 0.829578
vt 0.074092 0.829728
vt 0.081785 0.823749
vt 0.076745 0.824252
vt 0.074978 0.816643
vt 0.081900 0.804085
vt 0.092181 0.803123
vt 0.073232 0.369770
vt 0.066765 0.374015
vt 0.059262 0.366685
vt 0.914261 0.716197
vt 0.137901 0.018999
vt 0.731117 0.738924
vt 0.723134 0.747160
vt 0.731018 0.767791
vt 0.086281 0.833086
vt 0.638126 0.808753
vt 0.071772 0.826728
vt 0.080121 0.811048
vt 0.069425 0.378401
vt 0.919351 0.713717
vt 0.067357 0.394068
vt 0.923410 0.717241
vt 0.146490 0.020695
vt 0.793784 0.717859
vt 0.787308 0.720317
vt 0.770458 0.746590
vt 0.667507 0.747899
vt 0.073934 0.836908
vt 0.078083 0.806606
vt 0.079928 0.804984
vt 0.067905 0.384332
vt 0.128337 0.015460
vt 0.726937 0.767827
vt 0.700191 0.786347
vt 0.676622 0.797423
vt 0.108166 0.838838
vt 0.090274 0.840768
vt 0.083950 0.799608
vt 0.063808 0.375229
vt 0.062034 0.401907
vt 0.926778 0.715574
vt 0.792409 0.722327
vt 0.137053 0.014006
vt 0.778887 0.726641
vt 0.935094 0.699077
vt 0.931298 0.707455
vt 0.932080 0.701493
vt 0.790147 0.732103
vt 0.783726 0.734029
vt 0.760427 0.733948
vt 0.739777 0.744105
vt 0.760474 0.743234
vt 0.746974 0.753412
vt 0.637899 0.754315
vt 0.072530 0.842386
vt 0.077715 0.839843
vt 0.083699 0.842015
vt 0.070279 0.809230
vt 0.065887 0.389682
vt 0.791590 0.727689
vt 0.145963 0.016727
vt 0.768745 0.738163
vt 0.767452 0.740784
vt 0.734572 0.749475
vt 0.727899 0.759786
vt 0.720390 0.754964
vt 0.722707 0.753875
vt 0.713952 0.752032
vt 0.697915 0.749101
vt 0.060556 0.835858
vt 0.078744 0.796898
vt 0.051594 0.372067
vt 0.051487 0.366997
vt 0.922377 0.711555
vt 0.059772 0.398698
vt 0.056565 0.402594
vt 0.787139 0.724721
vt 0.928358 0.711306
vt 0.926921 0.706079
vt 0.755313 0.737209
vt 0.749760 0.748155
vt 0.743871 0.749164
vt 0.705824 0.774256
vt 0.654388 0.753608
vt 0.074676 0.804479
vt 0.070909 0.804383
vt 0.065746 0.384447
vt 0.057904 0.375125
vt 0.062807 0.395378
vt 0.137256 0.010895
vt 0.762204 0.739465
vt 0.757788 0.737239
vt 0.747092 0.751034
vt 0.676580 0.756861
vt 0.077821 0.852625
vt 0.047317 0.847508
vt 0.055480 0.827913
vt 0.069386 0.794552
vt 0.062286 0.390860
vt 0.043628 0.371718
vt 0.142429 0.012188
vt 0.126757 0.009112
vt 0.136775 0.006977
vt 0.059981 0.856368
vt 0.066273 0.861022
vt 0.060470 0.771829
vt 0.063820 0.770051
vt 0.064232 0.773370
vt 0.635705 0.801915
vt 0.067848 0.800369
vt 0.063057 0.381863
vt 0.061577 0.385840
vt 0.050692 0.382540
vt 0.046232 0.372988
vt 0.127370 0.000951
vt 0.132954 0.001850
vt 0.714794 0.755382
vt 0.690654 0.779762
vt 0.087225 0.844366
vt 0.085227 0.846476
vt 0.045141 0.382175
vt 0.047217 0.397425
vt 0.058044 0.396742
vt 0.696434 0.762067
vt 0.676047 0.787669
vt 0.070960 0.755812
vt 0.066325 0.776786
vt 0.060747 0.389742
vt 0.043628 0.386648
vt 0.049087 0.389703
vt 0.641524 0.780273
vt 0.646236 0.788642
vt 0.060358 0.775834
vt 0.063802 0.779025
vt 0.060227 0.392373
vt 0.057987 0.390767
vt 0.067616 0.870890
vt 0.056030 0.775887
vt 0.057413 0.770901
vt 0.073630 0.781102
vt 0.068032 0.785610
vt 0.681128 0.780542
vt 0.052995 0.888418
vt 0.673232 0.774651
vt 0.062892 0.783531
vt 0.050657 0.780003
vt 0.035028 0.848338
vt 0.047534 0.824231
vt 0.047454 0.873480
vt 0.086311 0.855744
vt 0.084564 0.858404
vt 0.046568 0.770686
vt 0.062598 0.792541
vt 0.060544 0.788350
vt 0.043897 0.816595
vt 0.028719 0.884825
vt 0.016174 0.876097
vt 0.027825 0.832613
vt 0.075146 0.880016
vt 0.034831 0.896526
vt 0.057404 0.892096
vt 0.091718 0.872887
vt 0.047514 0.810718
vt 0.039452 0.782126
vt 0.051053 0.796674
vt 0.076752 0.884832
vt 0.029146 0.769386
vt 0.036173 0.815907
vt 0.017188 0.848868
vt 0.039869 0.806825
vt 0.036846 0.902945
vt 0.046977 0.904754
vt 0.024329 0.896118
vt 0.787013 0.598648
vt 0.790346 0.586618
vt 0.795112 0.602883
vt 0.059863 0.899167
vt 0.013016 0.891413
vt 0.022679 0.791116
vt 0.025698 0.802649
vt 0.803088 0.590167
vt 0.086189 0.882011
vt 0.004529 0.869862
vt 0.781886 0.587858
vt 0.772438 0.603891
vt 0.795296 0.570578
vt 0.807112 0.579124
vt 0.018385 0.831334
vt 0.075043 0.892405
vt 0.018328 0.772843
vt 0.776028 0.586886
vt 0.764164 0.602754
vt 0.738766 0.850600
vt 0.735357 0.856934
vt 0.730387 0.840559
vt 0.727432 0.851124
vt 0.800462 0.559582
vt 0.732329 0.863451
vt 0.008561 0.840500
vt 0.024788 0.817385
vt 0.784603 0.571701
vt 0.061193 0.902243
vt 0.084766 0.892407
vt 0.004737 0.785504
vt 0.744546 0.862614
vt 0.001638 0.854121
vt 0.788035 0.563736
vt 0.795623 0.561405
vt 0.760132 0.600925
vt 0.764350 0.588413
vt 0.002971 0.833884
vt 0.735761 0.866754
vt 0.727078 0.868478
vt 0.719750 0.852193
vt 0.004898 0.796364
vt 0.739228 0.872142
vt 0.008035 0.805356
vt 0.794497 0.549108
vt 0.746282 0.869825
vt 0.731046 0.873816
vt 0.004724 0.820725
vt 0.775038 0.567270
vt 0.753894 0.865002
vt 0.759962 0.579041
vt 0.745163 0.603146
vt 0.764990 0.567669
vt 0.790325 0.558864
vt 0.734508 0.883267
vt 0.720250 0.868868
vt 0.001638 0.798516
vt 0.725604 0.880432
vt 0.723840 0.871536
vt 0.723789 0.892155
vt 0.729832 0.547336
vt 0.721571 0.569723
vt 0.717130 0.571830
vt 0.781634 0.559884
vt 0.722702 0.870124
vt 0.725091 0.546627
vt 0.718892 0.559114
vt 0.719748 0.871309
vt 0.779506 0.554027
vt 0.720464 0.884017
vt 0.719636 0.894374
vt 0.717989 0.889294
vt 0.714033 0.893446
vt 0.788004 0.548131
vt 0.767531 0.561667
vt 0.737806 0.593538
vt 0.755651 0.560138
vt 0.734301 0.589386
vt 0.727472 0.593564
vt 0.743875 0.553033
vt 0.732038 0.558276
vt 0.721994 0.579779
vt 0.725355 0.545492
vt 0.720301 0.540289
vt 0.723319 0.540083
vt 0.776571 0.550663
vt 0.784571 0.538273
vt 0.730138 0.542974
vt 0.723641 0.537223
vt 0.716590 0.540802
vt 0.771255 0.552466
vt 0.772312 0.555102
vt 0.722577 0.533493
vt 0.712279 0.541995
vt 0.767324 0.556654
vt 0.761251 0.560511
vt 0.767271 0.552612
vt 0.734832 0.544081
vt 0.727748 0.532139
vt 0.741306 0.545491
vt 0.771405 0.543856
vt 0.761962 0.555723
vt 0.759042 0.557609
vt 0.751720 0.546658
vt 0.751923 0.550930
vt 0.777408 0.536609
vt 0.764451 0.543722
vt 0.760105 0.550554
vt 0.747139 0.548943
vt 0.744299 0.547440
vt 0.734491 0.526534
vt 0.716907 0.526034
vt 0.762564 0.536299
vt 0.748807 0.542488
vt 0.745677 0.542696
vt 0.743469 0.533959
vt 0.769138 0.531194
vt 0.747519 0.527384
vt 0.746288 0.536308
vt 0.743687 0.521103
s 1
usemtl Material_0
f 4156/3530/3446 4158/3531/3447 4160/3532/3448
f 4160/3532/3448 4158/3531/3447 4161/3533/3449
f 4160/3532/3448 4162/3534/3450 4156/3530/3446
f 4157/3535/3451 4163/3536/3452 4159/3537/3453
f 4162/3534/3450 4164/3538/3454 4156/3530/3446
f 4161/3533/3449 4158/3531/3447 4042/3539/3455
f 4163/3536/3452 4109/3540/3456 4159/3537/3453
f 4109/3540/3456 4043/3541/3455 4159/3537/3453
f 4162/3534/3450 4160/3532/3448 4161/3533/3449
f 4046/3542/3457 4161/3533/3449 4042/3539/3455
f 4107/3543/3458 4109/3540/3456 4163/3536/3452
f 4162/3534/3450 4161/3533/3449 4038/3544/3459
f 4035/3545/3460 4156/3530/3446 4164/3538/3454
f 4046/3542/3457 4038/3544/3459 4161/3533/3449
f 4111/3546/3461 4107/3543/3458 4163/3536/3452
f 4162/3534/3450 4035/3545/3460 4164/3538/3454
f 4035/3545/3460 4162/3534/3450 4038/3544/3459
f 4036/3547/3462 4040/3548/3463 4111/3546/3461
f 4036/3547/3462 4111/3546/3461 4163/3536/3452
f 4157/3535/3451 4036/3547/3462 4163/3536/3452
f 4108/3549/3464 4051/3550/3465 4110/3551/3466
f 4037/3552/3467 4039/3553/3468 4041/3554/3469
f 4112/3555/3470 4113/3556/3471 4108/3549/3464
f 4044/3557/3472 4045/3558/3473 4047/3559/3474
f 4109/3540/3456 4049/3560/3475 4043/3541/3455
f 4041/3554/3469 4114/3561/3476 4115/3562/3477
f 4039/3553/3468 4048/3563/3478 4041/3554/3469
f 4041/3554/3469 4115/3562/3477 4112/3555/3470
f 4112/3555/3470 4115/3562/3477 4113/3556/3471
f 4113/3556/3471 4116/3564/3479 4108/3549/3464
f 4044/3557/3472 4050/3565/3480 4045/3558/3473
f 4108/3549/3464 4116/3564/3479 4051/3550/3465
f 4116/3564/3479 4113/3556/3471 4117/3566/3481
f 4041/3554/3469 4052/3567/3482 4114/3561/3476
f 4048/3563/3478 4052/3567/3482 4041/3554/3469
f 4039/3553/3468 4047/3559/3474 4053/3568/3483
f 4115/3562/3477 4118/3569/3484 4113/3556/3471
f 4047/3559/3474 4045/3558/3473 4053/3568/3483
f 4039/3553/3468 4053/3568/3483 4048/3563/3478
f 4118/3569/3484 4117/3566/3481 4113/3556/3471
f 4116/3564/3479 4117/3566/3481 4120/3570/3485
f 4045/3558/3473 4050/3565/3480 4054/3571/3486
f 4116/3564/3479 4056/3572/3487 4051/3550/3465
f 4050/3565/3480 4055/3573/3488 4054/3571/3486
f 4116/3564/3479 4120/3570/3485 4056/3572/3487
f 4048/3563/3478 4053/3568/3483 4057/3574/3489
f 4114/3561/3476 4121/3575/3490 4115/3562/3477
f 4053/3568/3483 4045/3558/3473 4058/3576/3491
f 4118/3569/3484 4122/3577/3492 4117/3566/3481
f 4045/3558/3473 4054/3571/3486 4058/3576/3491
f 4114/3561/3476 4052/3567/3482 4123/3578/3493
f 4048/3563/3478 4059/3579/3494 4052/3567/3482
f 4114/3561/3476 4123/3578/3493 4121/3575/3490
f 4121/3575/3490 4124/3580/3495 4115/3562/3477
f 4053/3568/3483 4058/3576/3491 4057/3574/3489
f 4118/3569/3484 4124/3580/3495 4122/3577/3492
f 4117/3566/3481 4122/3577/3492 4120/3570/3485
f 4048/3563/3478 4057/3574/3489 4059/3579/3494
f 4115/3562/3477 4124/3580/3495 4118/3569/3484
f 4119/3581/3496 4054/3571/3486 4055/3573/3488
f 4057/3574/3489 4058/3576/3491 4060/3582/3497
f 4124/3580/3495 4125/3583/3498 4122/3577/3492
f 4122/3577/3492 4125/3583/3498 4126/3584/3499
f 4122/3577/3492 4126/3584/3499 4120/3570/3485
f 4052/3567/3482 4059/3579/3494 4123/3578/3493
f 4057/3574/3489 4061/3585/3500 4059/3579/3494
f 4057/3574/3489 4060/3582/3497 4061/3585/3500
f 4125/3583/3498 4127/3586/3501 4126/3584/3499
f 4126/3584/3499 4129/3587/3502 4120/3570/3485
f 4123/3578/3493 4062/3588/3503 4121/3575/3490
f 4059/3579/3494 4062/3588/3503 4123/3578/3493
f 4059/3579/3494 4061/3585/3500 4062/3588/3503
f 4121/3575/3490 4130/3589/3504 4124/3580/3495
f 4124/3580/3495 4130/3589/3504 4125/3583/3498
f 4130/3589/3504 4127/3586/3501 4125/3583/3498
f 4126/3584/3499 4127/3586/3501 4129/3587/3502
f 4060/3582/3497 4058/3576/3491 4063/3590/3505
f 4054/3571/3486 4063/3590/3505 4058/3576/3491
f 4121/3575/3490 4062/3588/3503 4130/3589/3504
f 4130/3589/3504 4131/3591/3506 4127/3586/3501
f 4119/3581/3496 4132/3592/3507 4054/3571/3486
f 4127/3586/3501 4135/3593/3508 4129/3587/3502
f 4119/3581/3496 4128/3594/3509 4132/3592/3507
f 4064/3595/3510 4065/3596/3511 4066/3597/3512
f 4064/3595/3510 4067/3598/3513 4065/3596/3511
f 4132/3592/3507 4063/3590/3505 4054/3571/3486
f 4132/3592/3507 4128/3594/3509 4134/3599/3508
f 4130/3589/3504 4062/3588/3503 4137/3600/3514
f 4062/3588/3503 4061/3585/3500 4068/3601/3515
f 4065/3596/3511 4069/3602/3516 4066/3597/3512
f 4137/3600/3514 4138/3603/3517 4130/3589/3504
f 4138/3603/3517 4131/3591/3506 4130/3589/3504
f 4060/3582/3497 4063/3590/3505 4070/3604/3518
f 4071/3605/3519 4072/3606/3520 4067/3598/3513
f 4067/3598/3513 4073/3607/3521 4065/3596/3511
f 4063/3590/3505 4132/3592/3507 4080/3608/3522
f 4132/3592/3507 4091/3609/3523 4080/3608/3522
f 4140/3610/3524 4127/3586/3501 4131/3591/3506
f 4140/3610/3524 4135/3593/3508 4127/3586/3501
f 4134/3599/3508 4091/3609/3523 4132/3592/3507
f 4139/3611/3525 4141/3612/3526 4133/3613/3527
f 4139/3611/3525 3856/3614/3528 4141/3612/3526
f 4066/3597/3512 4075/3615/3529 4064/3595/3510
f 4075/3615/3529 4071/3605/3519 4064/3595/3510
f 4064/3595/3510 4071/3605/3519 4067/3598/3513
f 4061/3585/3500 4070/3604/3518 4068/3601/3515
f 4061/3585/3500 4060/3582/3497 4070/3604/3518
f 4069/3602/3516 4065/3596/3511 4076/3616/3530
f 4065/3596/3511 4078/3617/3531 4076/3616/3530
f 4063/3590/3505 4080/3608/3522 4070/3604/3518
f 4065/3596/3511 4073/3607/3521 4078/3617/3531
f 4072/3606/3520 4073/3607/3521 4067/3598/3513
f 4131/3591/3506 4145/3618/3532 4140/3610/3524
f 4143/3619/3533 4146/3620/3534 4136/3621/3508
f 4147/3622/3535 4146/3620/3534 4143/3619/3533
f 4147/3622/3535 4148/3623/3536 4146/3620/3534
f 3856/3614/3528 4139/3611/3525 3868/3624/3537
f 3857/3625/3538 3859/3626/3539 4142/3627/3526
f 4062/3588/3503 4149/3628/3540 4137/3600/3514
f 4066/3597/3512 4069/3602/3516 4081/3629/3541
f 4069/3602/3516 4082/3630/3542 4081/3629/3541
f 4069/3602/3516 4076/3616/3530 4084/3631/3543
f 4072/3606/3520 4071/3605/3519 4086/3632/3544
f 4070/3604/3518 4086/3632/3544 4071/3605/3519
f 4070/3604/3518 4080/3608/3522 4086/3632/3544
f 4074/3633/3545 4087/3634/3546 4079/3635/3547
f 4144/3636/3532 3868/3624/3537 4139/3611/3525
f 4143/3619/3533 3860/3637/3548 4147/3622/3535
f 4147/3622/3535 3860/3637/3548 3866/3638/3549
f 3857/3625/3538 3858/3639/3550 3859/3626/3539
f 4062/3588/3503 4102/3640/3551 4149/3628/3540
f 4068/3601/3515 4102/3640/3551 4062/3588/3503
f 4071/3605/3519 4088/3641/3552 4070/3604/3518
f 4075/3615/3529 4088/3641/3552 4071/3605/3519
f 4079/3635/3547 4089/3642/3553 4077/3643/3554
f 4079/3635/3547 4087/3634/3546 4089/3642/3553
f 4074/3633/3545 4090/3644/3555 4087/3634/3546
f 4080/3608/3522 4091/3609/3523 4086/3632/3544
f 4092/3645/3523 4136/3621/3508 4146/3620/3534
f 3866/3638/3549 4148/3623/3536 4147/3622/3535
f 3858/3639/3550 3857/3625/3538 3863/3646/3556
f 3859/3626/3539 3864/3647/3557 3865/3648/3549
f 3859/3626/3539 3867/3649/3558 3864/3647/3557
f 3858/3639/3550 3867/3649/3558 3859/3626/3539
f 3863/3646/3556 3867/3649/3558 3858/3639/3550
f 4066/3597/3512 4093/3650/3559 4075/3615/3529
f 4081/3629/3541 4093/3650/3559 4066/3597/3512
f 4070/3604/3518 4088/3641/3552 4068/3601/3515
f 4069/3602/3516 4094/3651/3560 4082/3630/3542
f 4077/3643/3554 4089/3642/3553 4085/3652/3561
f 4086/3632/3544 4096/3653/3562 4072/3606/3520
f 4138/3603/3517 4150/3654/3563 4131/3591/3506
f 4131/3591/3506 4150/3654/3563 4145/3618/3532
f 4091/3609/3523 4096/3653/3562 4086/3632/3544
f 4091/3609/3523 4098/3655/3564 4096/3653/3562
f 3868/3624/3537 3869/3656/3565 3856/3614/3528
f 3870/3657/3566 3871/3658/3567 3862/3659/3568
f 3867/3649/3558 3778/3660/3569 3864/3647/3557
f 3780/3661/3570 3776/3662/3571 3863/3646/3556
f 3863/3646/3556 3776/3662/3571 3867/3649/3558
f 4075/3615/3529 4100/3663/3572 4088/3641/3552
f 4075/3615/3529 4093/3650/3559 4100/3663/3572
f 4137/3600/3514 4149/3628/3540 4151/3664/3573
f 4069/3602/3516 4084/3631/3543 4094/3651/3560
f 4072/3606/3520 4096/3653/3562 4073/3607/3521
f 4092/3645/3523 4152/3665/3574 4099/3666/3575
f 4092/3645/3523 4146/3620/3534 4152/3665/3574
f 4148/3623/3536 3877/3667/3576 3972/3668/3577
f 4148/3623/3536 3866/3638/3549 3877/3667/3576
f 3869/3656/3565 3870/3657/3566 3856/3614/3528
f 3856/3614/3528 3870/3657/3566 3862/3659/3568
f 3871/3658/3567 3792/3669/3578 3862/3659/3568
f 3791/3670/3579 3779/3671/3580 3861/3672/3568
f 3867/3649/3558 3776/3662/3571 3778/3660/3569
f 4068/3601/3515 4101/3673/3581 4102/3640/3551
f 4088/3641/3552 4101/3673/3581 4068/3601/3515
f 4085/3652/3561 4089/3642/3553 4103/3674/3582
f 4137/3600/3514 4153/3675/3583 4154/3676/3584
f 4137/3600/3514 4154/3676/3584 4138/3603/3517
f 4074/3633/3545 4097/3677/3585 3963/3678/3586
f 4074/3633/3545 3963/3678/3586 4090/3644/3555
f 4144/3636/3532 3874/3679/3587 3868/3624/3537
f 3778/3660/3569 3806/3680/3588 3864/3647/3557
f 3778/3660/3569 3777/3681/3589 3806/3680/3588
f 4149/3628/3540 4102/3640/3551 4151/3664/3573
f 4137/3600/3514 4151/3664/3573 4153/3675/3583
f 4083/3682/3590 4095/3683/3591 4104/3684/3592
f 4138/3603/3517 4154/3676/3584 4150/3654/3563
f 4150/3654/3563 4155/3685/3593 4145/3618/3532
f 3868/3624/3537 3874/3679/3587 3869/3656/3565
f 3869/3656/3565 3872/3686/3594 3870/3657/3566
f 3871/3658/3567 3870/3657/3566 3792/3669/3578
f 3776/3662/3571 3777/3681/3589 3778/3660/3569
f 3780/3661/3570 3782/3687/3595 3776/3662/3571
f 3776/3662/3571 3784/3688/3596 3777/3681/3589
f 3785/3689/3597 3786/3690/3598 3787/3691/3599
f 3788/3692/3600 3786/3690/3598 3785/3689/3597
f 3789/3693/3601 3790/3694/3602 3788/3692/3600
f 4093/3650/3559 3948/3695/3603 4100/3663/3572
f 4081/3629/3541 3954/3696/3604 4093/3650/3559
f 4081/3629/3541 4082/3630/3542 3954/3696/3604
f 4083/3682/3590 4104/3684/3592 3955/3697/3605
f 4087/3634/3546 4105/3698/3606 4103/3674/3582
f 4087/3634/3546 4103/3674/3582 4089/3642/3553
f 4087/3634/3546 4090/3644/3555 4105/3698/3606
f 4155/3685/3593 3875/3699/3587 4145/3618/3532
f 4099/3666/3575 4106/3700/3607 4097/3677/3585
f 4099/3666/3575 4152/3665/3574 4106/3700/3607
f 4146/3620/3534 4148/3623/3536 4152/3665/3574
f 3864/3647/3557 3873/3701/3608 3865/3648/3549
f 3864/3647/3557 3806/3680/3588 3873/3701/3608
f 3791/3670/3579 3793/3702/3609 3779/3671/3580
f 3779/3671/3580 3793/3702/3609 3781/3703/3610
f 3787/3691/3599 3794/3704/3611 3785/3689/3597
f 3786/3690/3598 3795/3705/3612 3787/3691/3599
f 3786/3690/3598 3748/3706/3613 3795/3705/3612
f 3790/3694/3602 3748/3706/3613 3788/3692/3600
f 3788/3692/3600 3748/3706/3613 3786/3690/3598
f 4088/3641/3552 4100/3663/3572 3952/3707/3614
f 4151/3664/3573 4102/3640/3551 4153/3675/3583
f 4104/3684/3592 4095/3683/3591 3960/3708/3615
f 4085/3652/3561 3960/3708/3615 4095/3683/3591
f 4085/3652/3561 4103/3674/3582 3960/3708/3615
f 4154/3676/3584 4155/3685/3593 4150/3654/3563
f 4097/3677/3585 4106/3700/3607 3963/3678/3586
f 4148/3623/3536 3972/3668/3577 4152/3665/3574
f 3870/3657/3566 3872/3686/3594 3809/3709/3616
f 3791/3670/3579 3796/3710/3617 3793/3702/3609
f 3787/3691/3599 3797/3711/3618 3794/3704/3611
f 3782/3687/3595 3784/3688/3596 3776/3662/3571
f 3794/3704/3611 3798/3712/3619 3785/3689/3597
f 3799/3713/3620 3785/3689/3597 3798/3712/3619
f 3787/3691/3599 3783/3714/3621 3781/3703/3610
f 3783/3714/3621 3787/3691/3599 3800/3715/3622
f 3799/3713/3620 3801/3716/3623 3785/3689/3597
f 3787/3691/3599 3795/3705/3612 3800/3715/3622
f 3788/3692/3600 3785/3689/3597 3801/3716/3623
f 3789/3693/3601 3788/3692/3600 3801/3716/3623
f 3789/3693/3601 3751/3717/3624 3790/3694/3602
f 3790/3694/3602 3751/3717/3624 3748/3706/3613
f 4102/3640/3551 4101/3673/3581 3975/3718/3625
f 4101/3673/3581 3957/3719/3626 3975/3718/3625
f 4101/3673/3581 4088/3641/3552 3957/3719/3626
f 4088/3641/3552 3952/3707/3614 3957/3719/3626
f 4093/3650/3559 3954/3696/3604 3948/3695/3603
f 4104/3684/3592 3960/3708/3615 3955/3697/3605
f 4154/3676/3584 4153/3675/3583 3981/3720/3627
f 3981/3720/3627 4155/3685/3593 4154/3676/3584
f 4105/3698/3606 3960/3708/3615 4103/3674/3582
f 4106/3700/3607 3966/3721/3628 3963/3678/3586
f 4106/3700/3607 4152/3665/3574 3966/3721/3628
f 3869/3656/3565 3874/3679/3587 3872/3686/3594
f 3873/3701/3608 3876/3722/3629 3865/3648/3549
f 3794/3704/3611 3793/3702/3609 3798/3712/3619
f 3797/3711/3618 3793/3702/3609 3794/3704/3611
f 3781/3703/3610 3793/3702/3609 3797/3711/3618
f 3781/3703/3610 3797/3711/3618 3787/3691/3599
f 3795/3705/3612 3752/3723/3630 3800/3715/3622
f 3748/3706/3613 3750/3724/3631 3795/3705/3612
f 3975/3718/3625 4153/3675/3583 4102/3640/3551
f 4105/3698/3606 4090/3644/3555 3962/3725/3632
f 4090/3644/3555 3963/3678/3586 3962/3725/3632
f 4152/3665/3574 3972/3668/3577 3966/3721/3628
f 3970/3726/3633 3876/3722/3629 3883/3727/3634
f 3870/3657/3566 3809/3709/3616 3792/3669/3578
f 3873/3701/3608 3806/3680/3588 3878/3728/3635
f 3791/3670/3579 3802/3729/3636 3796/3710/3617
f 3804/3730/3637 3799/3713/3620 3798/3712/3619
f 3777/3681/3589 3784/3688/3596 3806/3680/3588
f 3807/3731/3638 3801/3716/3623 3799/3713/3620
f 3789/3693/3601 3754/3732/3639 3751/3717/3624
f 3948/3695/3603 3952/3707/3614 4100/3663/3572
f 3949/3733/3640 3951/3734/3641 3953/3735/3614
f 3955/3697/3605 3951/3734/3641 3949/3733/3640
f 4153/3675/3583 3975/3718/3625 3981/3720/3627
f 3955/3697/3605 3956/3736/3642 3951/3734/3641
f 3955/3697/3605 3960/3708/3615 3956/3736/3642
f 3981/3720/3627 3980/3737/3643 4155/3685/3593
f 3963/3678/3586 3966/3721/3628 3964/3738/3644
f 3798/3712/3619 3796/3710/3617 3804/3730/3637
f 3793/3702/3609 3796/3710/3617 3798/3712/3619
f 3801/3716/3623 3754/3732/3639 3789/3693/3601
f 3795/3705/3612 3750/3724/3631 3752/3723/3630
f 3957/3719/3626 3958/3739/3645 3975/3718/3625
f 3957/3719/3626 3952/3707/3614 3958/3739/3645
f 4105/3698/3606 3962/3725/3632 3960/3708/3615
f 4155/3685/3593 3980/3737/3643 3875/3699/3587
f 3874/3679/3587 3879/3740/3646 3872/3686/3594
f 3872/3686/3594 3880/3741/3647 3809/3709/3616
f 3809/3709/3616 3803/3742/3648 3792/3669/3578
f 3806/3680/3588 3812/3743/3649 3878/3728/3635
f 3804/3730/3637 3796/3710/3617 3802/3729/3636
f 3799/3713/3620 3804/3730/3637 3807/3731/3638
f 3800/3715/3622 3752/3723/3630 3810/3744/3650
f 3748/3706/3613 3749/3745/3651 3750/3724/3631
f 3956/3736/3642 3960/3708/3615 3961/3746/3652
f 3960/3708/3615 3962/3725/3632 3961/3746/3652
f 3963/3678/3586 3964/3738/3644 3962/3725/3632
f 3965/3747/3653 3967/3748/3654 3968/3749/3655
f 3971/3750/3656 3967/3748/3654 3965/3747/3653
f 3971/3750/3656 3974/3751/3657 3967/3748/3654
f 3881/3752/3658 3876/3722/3629 3873/3701/3608
f 3806/3680/3588 3784/3688/3596 3812/3743/3649
f 3800/3715/3622 3810/3744/3650 3783/3714/3621
f 3755/3753/3659 3754/3732/3639 3801/3716/3623
f 3649/3754/3660 3748/3706/3613 3751/3717/3624
f 3975/3718/3625 3976/3755/3661 3978/3756/3662
f 3979/3757/3663 3980/3737/3643 3981/3720/3627
f 3966/3721/3628 3969/3758/3664 3964/3738/3644
f 3872/3686/3594 3882/3759/3665 3880/3741/3647
f 3876/3722/3629 3881/3752/3658 3883/3727/3634
f 3813/3760/3666 3808/3761/3667 3805/3762/3668
f 3783/3714/3621 3810/3744/3650 3811/3763/3669
f 3807/3731/3638 3755/3753/3659 3801/3716/3623
f 3752/3723/3630 3814/3764/3670 3810/3744/3650
f 3649/3754/3660 3749/3745/3651 3748/3706/3613
f 3958/3739/3645 3976/3755/3661 3975/3718/3625
f 3975/3718/3625 3978/3756/3662 3981/3720/3627
f 3953/3735/3614 3951/3734/3641 3959/3765/3671
f 3959/3765/3671 3951/3734/3641 3977/3766/3661
f 3980/3737/3643 3885/3767/3672 3875/3699/3587
f 3962/3725/3632 3982/3768/3673 3961/3746/3652
f 3874/3679/3587 3884/3769/3674 3879/3740/3646
f 3962/3725/3632 3964/3738/3644 3982/3768/3673
f 3969/3758/3664 3982/3768/3673 3964/3738/3644
f 3970/3726/3633 3883/3727/3634 3973/3770/3675
f 3809/3709/3616 3880/3741/3647 3817/3771/3676
f 3817/3771/3676 3803/3742/3648 3809/3709/3616
f 3752/3723/3630 3750/3724/3631 3753/3772/3677
f 3749/3745/3651 3753/3772/3677 3750/3724/3631
f 3657/3773/3678 3751/3717/3624 3754/3732/3639
f 3981/3720/3627 3978/3756/3662 3979/3757/3663
f 3956/3736/3642 3984/3774/3679 3951/3734/3641
f 3984/3774/3679 3956/3736/3642 3961/3746/3652
f 3872/3686/3594 3879/3740/3646 3882/3759/3665
f 3878/3728/3635 3826/3775/3680 3873/3701/3608
f 3813/3760/3666 3815/3776/3681 3816/3777/3682
f 3813/3760/3666 3805/3762/3668 3815/3776/3681
f 3803/3742/3648 3815/3776/3681 3805/3762/3668
f 3878/3728/3635 3812/3743/3649 3826/3775/3680
f 3755/3753/3659 3757/3778/3683 3754/3732/3639
f 3752/3723/3630 3753/3772/3677 3758/3779/3684
f 3657/3773/3678 3649/3754/3660 3751/3717/3624
f 3986/3780/3685 3961/3746/3652 3982/3768/3673
f 3881/3752/3658 3873/3701/3608 3826/3775/3680
f 3817/3771/3676 3818/3781/3686 3803/3742/3648
f 3810/3744/3650 3814/3764/3670 3819/3782/3687
f 3754/3732/3639 3757/3778/3683 3657/3773/3678
f 3984/3774/3679 3961/3746/3652 3986/3780/3685
f 3886/3783/3688 3879/3740/3646 3884/3769/3674
f 3887/3784/3689 3882/3759/3665 3879/3740/3646
f 3887/3784/3689 3880/3741/3647 3882/3759/3665
f 3973/3770/3675 3883/3727/3634 3888/3785/3690
f 3816/3777/3682 3821/3786/3691 3813/3760/3666
f 3811/3763/3669 3810/3744/3650 3819/3782/3687
f 3822/3787/3692 3756/3788/3693 3808/3761/3667
f 3814/3764/3670 3752/3723/3630 3763/3789/3694
f 3763/3789/3694 3752/3723/3630 3758/3779/3684
f 3657/3773/3678 3651/3790/3695 3649/3754/3660
f 3653/3791/3696 3749/3745/3651 3649/3754/3660
f 3976/3755/3661 3987/3792/3697 3978/3756/3662
f 3976/3755/3661 3950/3793/3641 3987/3792/3697
f 3979/3757/3663 3978/3756/3662 3988/3794/3698
f 3989/3795/3699 3950/3793/3641 3983/3796/3700
f 3979/3757/3663 3885/3767/3672 3980/3737/3643
f 3986/3780/3685 3982/3768/3673 3969/3758/3664
f 3880/3741/3647 3830/3797/3701 3817/3771/3676
f 3883/3727/3634 3881/3752/3658 3888/3785/3690
f 3818/3781/3686 3823/3798/3702 3803/3742/3648
f 3823/3798/3702 3815/3776/3681 3803/3742/3648
f 3813/3760/3666 3821/3786/3691 3808/3761/3667
f 3749/3745/3651 3653/3791/3696 3753/3772/3677
f 3950/3793/3641 3989/3795/3699 3987/3792/3697
f 3985/3799/3703 3990/3800/3704 3983/3796/3700
f 3967/3748/3654 3994/3801/3705 3968/3749/3655
f 3816/3777/3682 3815/3776/3681 3824/3802/3706
f 3815/3776/3681 3823/3798/3702 3824/3802/3706
f 3816/3777/3682 3824/3802/3706 3821/3786/3691
f 3812/3743/3649 3825/3803/3707 3826/3775/3680
f 3821/3786/3691 3822/3787/3692 3808/3761/3667
f 3814/3764/3670 3763/3789/3694 3819/3782/3687
f 3758/3779/3684 3753/3772/3677 3760/3804/3708
f 3757/3778/3683 3655/3805/3709 3657/3773/3678
f 3978/3756/3662 3987/3792/3697 3988/3794/3698
f 3886/3783/3688 3889/3806/3710 3879/3740/3646
f 3887/3784/3689 3830/3797/3701 3880/3741/3647
f 3830/3797/3701 3818/3781/3686 3817/3771/3676
f 3826/3775/3680 3890/3807/3711 3881/3752/3658
f 3818/3781/3686 3827/3808/3712 3823/3798/3702
f 3823/3798/3702 3828/3809/3713 3824/3802/3706
f 3823/3798/3702 3827/3808/3712 3828/3809/3713
f 3812/3743/3649 3820/3810/3714 3825/3803/3707
f 3822/3787/3692 3829/3811/3715 3756/3788/3693
f 3829/3811/3715 3762/3812/3716 3756/3788/3693
f 3648/3813/3717 3650/3814/3718 3652/3815/3719
f 3987/3792/3697 3989/3795/3699 3995/3816/3720
f 3995/3816/3720 3989/3795/3699 3996/3817/3721
f 3989/3795/3699 3983/3796/3700 3996/3817/3721
f 3983/3796/3700 3990/3800/3704 3996/3817/3721
f 3979/3757/3663 3891/3818/3722 3885/3767/3672
f 3968/3749/3655 3994/3801/3705 3990/3800/3704
f 3969/3758/3664 3991/3819/3723 3986/3780/3685
f 3967/3748/3654 3974/3751/3657 3994/3801/3705
f 3830/3797/3701 3831/3820/3724 3818/3781/3686
f 3753/3772/3677 3668/3821/3725 3760/3804/3708
f 3654/3822/3726 3650/3814/3718 3656/3823/3727
f 3988/3794/3698 3891/3818/3722 3979/3757/3663
f 3990/3800/3704 3997/3824/3728 3996/3817/3721
f 3891/3818/3722 3893/3825/3729 3885/3767/3672
f 3990/3800/3704 3994/3801/3705 3997/3824/3728
f 3884/3769/3674 3892/3826/3730 3886/3783/3688
f 3973/3770/3675 3888/3785/3690 3993/3827/3731
f 3888/3785/3690 3881/3752/3658 3894/3828/3732
f 3826/3775/3680 3832/3829/3733 3890/3807/3711
f 3762/3812/3716 3678/3830/3734 3756/3788/3693
f 3987/3792/3697 3995/3816/3720 3988/3794/3698
f 3996/3817/3721 4000/3831/3735 3995/3816/3720
f 3996/3817/3721 4002/3832/3736 4000/3831/3735
f 3996/3817/3721 3997/3824/3728 4002/3832/3736
f 3997/3824/3728 4004/3833/3737 4002/3832/3736
f 3994/3801/3705 4004/3833/3737 3997/3824/3728
f 3992/3834/3705 3908/3835/3738 4003/3836/3739
f 3879/3740/3646 3889/3806/3710 3887/3784/3689
f 3818/3781/3686 3831/3820/3724 3827/3808/3712
f 3825/3803/3707 3832/3829/3733 3826/3775/3680
f 3820/3810/3714 3833/3837/3740 3825/3803/3707
f 3821/3786/3691 3829/3811/3715 3822/3787/3692
f 3891/3818/3722 3988/3794/3698 3899/3838/3741
f 3999/3839/3735 4001/3840/3742 4006/3841/3743
f 3995/3816/3720 3899/3838/3741 3988/3794/3698
f 3993/3827/3731 3888/3785/3690 3896/3842/3744
f 3889/3806/3710 3830/3797/3701 3887/3784/3689
f 3828/3809/3713 3834/3843/3745 3824/3802/3706
f 3821/3786/3691 3835/3844/3746 3829/3811/3715
f 3764/3845/3747 3759/3846/3748 3765/3847/3749
f 3677/3848/3750 3655/3805/3709 3755/3753/3659
f 3755/3753/3659 3655/3805/3709 3757/3778/3683
f 3761/3849/3751 3766/3850/3752 3759/3846/3748
f 3669/3851/3753 3766/3850/3752 3761/3849/3751
f 3654/3822/3726 3658/3852/3754 3650/3814/3718
f 3653/3791/3696 3668/3821/3725 3753/3772/3677
f 4006/3841/3743 4008/3853/3755 3999/3839/3735
f 4007/3854/3755 4005/3855/3756 4009/3856/3757
f 4001/3840/3742 4010/3857/3758 4006/3841/3743
f 4001/3840/3742 4003/3836/3739 4010/3857/3758
f 3992/3834/3705 3902/3858/3759 3908/3835/3738
f 3993/3827/3731 3896/3842/3744 3903/3859/3760
f 3886/3783/3688 3895/3860/3761 3889/3806/3710
f 3896/3842/3744 3888/3785/3690 3897/3861/3762
f 3889/3806/3710 3898/3862/3763 3830/3797/3701
f 3842/3863/3764 3831/3820/3724 3830/3797/3701
f 3881/3752/3658 3890/3807/3711 3843/3864/3765
f 3831/3820/3724 3834/3843/3745 3827/3808/3712
f 3827/3808/3712 3834/3843/3745 3828/3809/3713
f 3824/3802/3706 3834/3843/3745 3836/3865/3766
f 3824/3802/3706 3836/3865/3766 3821/3786/3691
f 3764/3845/3747 3837/3866/3767 3820/3810/3714
f 3650/3814/3718 3659/3867/3768 3652/3815/3719
f 3891/3818/3722 3899/3838/3741 3901/3868/3769
f 3897/3861/3762 3903/3859/3760 3896/3842/3744
f 3881/3752/3658 3843/3864/3765 3894/3828/3732
f 3890/3807/3711 3832/3829/3733 3843/3864/3765
f 3825/3803/3707 3838/3869/3770 3832/3829/3733
f 3821/3786/3691 3836/3865/3766 3835/3844/3746
f 3838/3869/3770 3825/3803/3707 3833/3837/3740
f 3764/3845/3747 3765/3847/3749 3837/3866/3767
f 3759/3846/3748 3766/3850/3752 3765/3847/3749
f 3660/3870/3771 3658/3852/3754 3661/3871/3772
f 3660/3870/3771 3662/3872/3773 3663/3873/3774
f 3660/3870/3771 3663/3873/3774 3658/3852/3754
f 3658/3852/3754 3663/3873/3774 3650/3814/3718
f 3664/3874/3775 3665/3875/3776 3663/3873/3774
f 3652/3815/3719 3666/3876/3777 3667/3877/3778
f 3652/3815/3719 3659/3867/3768 3666/3876/3777
f 3998/3878/3779 4011/3879/3780 4012/3880/3781
f 4000/3831/3735 4013/3881/3782 3995/3816/3720
f 3891/3818/3722 3901/3868/3769 3893/3825/3729
f 4003/3836/3739 3913/3882/3783 4010/3857/3758
f 3892/3826/3730 3895/3860/3761 3886/3783/3688
f 3898/3862/3763 3842/3863/3764 3830/3797/3701
f 3831/3820/3724 3839/3883/3784 3840/3884/3785
f 3831/3820/3724 3840/3884/3785 3834/3843/3745
f 3838/3869/3770 3841/3885/3786 3832/3829/3733
f 3838/3869/3770 3833/3837/3740 3841/3885/3786
f 3658/3852/3754 3654/3822/3726 3670/3886/3787
f 3670/3886/3787 3661/3871/3772 3658/3852/3754
f 3669/3851/3753 3683/3887/3788 3766/3850/3752
f 3663/3873/3774 3662/3872/3773 3664/3874/3775
f 3662/3872/3773 3671/3888/3789 3664/3874/3775
f 3664/3874/3775 3671/3888/3789 3665/3875/3776
f 3650/3814/3718 3663/3873/3774 3665/3875/3776
f 3665/3875/3776 3672/3889/3790 3650/3814/3718
f 3650/3814/3718 3672/3889/3790 3659/3867/3768
f 4007/3854/3755 4014/3890/3791 3998/3878/3779
f 3995/3816/3720 4013/3881/3782 3934/3891/3792
f 3995/3816/3720 3934/3891/3792 3899/3838/3741
f 4009/3856/3757 4005/3855/3756 4015/3892/3793
f 3899/3838/3741 3934/3891/3792 3907/3893/3794
f 4006/3841/3743 4010/3857/3758 4017/3894/3795
f 3892/3826/3730 3900/3895/3796 3905/3896/3797
f 3892/3826/3730 3905/3896/3797 3895/3860/3761
f 4003/3836/3739 3908/3835/3738 3913/3882/3783
f 3888/3785/3690 3906/3897/3798 3897/3861/3762
f 3894/3828/3732 3906/3897/3798 3888/3785/3690
f 3831/3820/3724 3842/3863/3764 3839/3883/3784
f 3832/3829/3733 3841/3885/3786 3843/3864/3765
f 3829/3811/3715 3835/3844/3746 3767/3898/3799
f 3762/3812/3716 3767/3898/3799 3678/3830/3734
f 3673/3899/3800 3662/3872/3773 3660/3870/3771
f 3665/3875/3776 3674/3900/3801 3672/3889/3790
f 3659/3867/3768 3672/3889/3790 3675/3901/3802
f 4014/3890/3791 4011/3879/3780 3998/3878/3779
f 4007/3854/3755 4009/3856/3757 4014/3890/3791
f 4009/3856/3757 4015/3892/3793 4018/3902/3803
f 3899/3838/3741 3907/3893/3794 3901/3868/3769
f 3908/3835/3738 3902/3858/3759 3909/3903/3804
f 3841/3885/3786 3833/3837/3740 3844/3904/3805
f 3820/3810/3714 3769/3905/3806 3833/3837/3740
f 3767/3898/3799 3762/3812/3716 3829/3811/3715
f 3837/3866/3767 3769/3905/3806 3820/3810/3714
f 3765/3847/3749 3768/3906/3807 3769/3905/3806
f 3676/3907/3734 3680/3908/3808 3654/3822/3726
f 3765/3847/3749 3766/3850/3752 3768/3906/3807
f 3660/3870/3771 3661/3871/3772 3670/3886/3787
f 3667/3877/3778 3666/3876/3777 3682/3909/3809
f 3659/3867/3768 3675/3901/3802 3666/3876/3777
f 3674/3900/3801 3675/3901/3802 3672/3889/3790
f 4014/3890/3791 4009/3856/3757 4018/3902/3803
f 4011/3879/3780 4019/3910/3810 4012/3880/3781
f 4005/3855/3756 4016/3911/3811 4015/3892/3793
f 3907/3893/3794 3912/3912/3812 3901/3868/3769
f 3900/3895/3796 3911/3913/3812 3905/3896/3797
f 3913/3882/3783 3914/3914/3813 4010/3857/3758
f 3913/3882/3783 3909/3903/3804 3914/3914/3813
f 3908/3835/3738 3909/3903/3804 3913/3882/3783
f 3895/3860/3761 3905/3896/3797 3915/3915/3814
f 3904/3916/3815 3917/3917/3816 3910/3918/3817
f 3897/3861/3762 3916/3919/3818 3903/3859/3760
f 3916/3919/3818 3897/3861/3762 3918/3920/3819
f 3895/3860/3761 3915/3915/3814 3889/3806/3710
f 3915/3915/3814 3919/3921/3820 3889/3806/3710
f 3842/3863/3764 3898/3862/3763 3846/3922/3821
f 3894/3828/3732 3843/3864/3765 3920/3923/3822
f 3842/3863/3764 3846/3922/3821 3839/3883/3784
f 3843/3864/3765 3841/3885/3786 3845/3924/3823
f 3846/3922/3821 3840/3884/3785 3839/3883/3784
f 3834/3843/3745 3840/3884/3785 3836/3865/3766
f 3837/3866/3767 3765/3847/3749 3769/3905/3806
f 3767/3898/3799 3681/3925/3808 3678/3830/3734
f 3680/3908/3808 3670/3886/3787 3654/3822/3726
f 3684/3926/3824 3673/3899/3800 3685/3927/3825
f 3685/3927/3825 3660/3870/3771 3686/3928/3826
f 3685/3927/3825 3673/3899/3800 3660/3870/3771
f 3674/3900/3801 3665/3875/3776 3687/3929/3827
f 4019/3910/3810 4014/3890/3791 4018/3902/3803
f 4019/3910/3810 4011/3879/3780 4014/3890/3791
f 4020/3930/3828 4018/3902/3803 4015/3892/3793
f 3911/3913/3812 3921/3931/3829 3905/3896/3797
f 4017/3894/3795 4010/3857/3758 4022/3932/3830
f 3918/3920/3819 3897/3861/3762 3923/3933/3831
f 3897/3861/3762 3906/3897/3798 3923/3933/3831
f 3889/3806/3710 3919/3921/3820 3898/3862/3763
f 3923/3933/3831 3906/3897/3798 3924/3934/3832
f 3906/3897/3798 3894/3828/3732 3924/3934/3832
f 3924/3934/3832 3894/3828/3732 3920/3923/3822
f 3920/3923/3822 3843/3864/3765 3845/3924/3823
f 3847/3935/3833 3840/3884/3785 3846/3922/3821
f 3848/3936/3834 3845/3924/3823 3841/3885/3786
f 3840/3884/3785 3847/3935/3833 3848/3936/3834
f 3849/3937/3835 3840/3884/3785 3850/3938/3836
f 3850/3938/3836 3840/3884/3785 3848/3936/3834
f 3851/3939/3837 3836/3865/3766 3840/3884/3785
f 3844/3904/3805 3848/3936/3834 3841/3885/3786
f 3852/3940/3838 3835/3844/3746 3836/3865/3766
f 3851/3939/3837 3852/3940/3838 3836/3865/3766
f 3680/3908/3808 3686/3928/3826 3670/3886/3787
f 3686/3928/3826 3660/3870/3771 3670/3886/3787
f 3684/3926/3824 3662/3872/3773 3673/3899/3800
f 3688/3941/3839 3671/3888/3789 3662/3872/3773
f 3682/3909/3809 3666/3876/3777 3689/3942/3840
f 4019/3910/3810 3940/3943/3841 4012/3880/3781
f 4012/3880/3781 3940/3943/3841 3933/3944/3842
f 3907/3893/3794 3927/3945/3843 3912/3912/3812
f 4015/3892/3793 4016/3911/3811 4023/3946/3844
f 4023/3946/3844 4016/3911/3811 4021/3947/3845
f 3914/3914/3813 4022/3932/3830 4010/3857/3758
f 3921/3931/3829 3928/3948/3846 3905/3896/3797
f 3922/3949/3847 3930/3950/3848 3917/3917/3816
f 3928/3948/3846 3915/3915/3814 3905/3896/3797
f 3921/3931/3829 3916/3919/3818 3928/3948/3846
f 3917/3917/3816 3930/3950/3848 3910/3918/3817
f 3928/3948/3846 3916/3919/3818 3918/3920/3819
f 3928/3948/3846 3918/3920/3819 3915/3915/3814
f 3918/3920/3819 3923/3933/3831 3915/3915/3814
f 3915/3915/3814 3923/3933/3831 3919/3921/3820
f 3919/3921/3820 3931/3951/3849 3898/3862/3763
f 3898/3862/3763 3931/3951/3849 3846/3922/3821
f 3920/3923/3822 3845/3924/3823 3932/3952/3850
f 3847/3935/3833 3853/3953/3851 3848/3936/3834
f 3845/3924/3823 3848/3936/3834 3853/3953/3851
f 3850/3938/3836 3848/3936/3834 3849/3937/3835
f 3851/3939/3837 3840/3884/3785 3849/3937/3835
f 3848/3936/3834 3844/3904/3805 3849/3937/3835
f 3844/3904/3805 3833/3837/3740 3854/3954/3852
f 3833/3837/3740 3769/3905/3806 3854/3954/3852
f 3767/3898/3799 3706/3955/3853 3681/3925/3808
f 3691/3956/3854 3675/3901/3802 3674/3900/3801
f 3687/3929/3827 3692/3957/3855 3674/3900/3801
f 3674/3900/3801 3692/3957/3855 3691/3956/3854
f 4018/3902/3803 4024/3958/3856 4019/3910/3810
f 4019/3910/3810 4025/3959/3857 3940/3943/3841
f 3934/3891/3792 3927/3945/3843 3907/3893/3794
f 4015/3892/3793 4023/3946/3844 4026/3960/3858
f 3912/3912/3812 3927/3945/3843 3922/3949/3847
f 3909/3903/3804 3936/3961/3859 3914/3914/3813
f 3923/3933/3831 3924/3934/3832 3919/3921/3820
f 3924/3934/3832 3937/3962/3860 3919/3921/3820
f 3919/3921/3820 3937/3962/3860 3938/3963/3861
f 3919/3921/3820 3938/3963/3861 3931/3951/3849
f 3937/3962/3860 3924/3934/3832 3920/3923/3822
f 3920/3923/3822 3932/3952/3850 3931/3951/3849
f 3931/3951/3849 3932/3952/3850 3846/3922/3821
f 3932/3952/3850 3845/3924/3823 3939/3964/3862
f 3939/3964/3862 3845/3924/3823 3853/3953/3851
f 3853/3953/3851 3847/3935/3833 3846/3922/3821
f 3835/3844/3746 3770/3965/3863 3767/3898/3799
f 3684/3926/3824 3685/3927/3825 3693/3966/3864
f 3684/3926/3824 3694/3967/3865 3662/3872/3773
f 3694/3967/3865 3688/3941/3839 3662/3872/3773
f 3665/3875/3776 3671/3888/3789 3695/3968/3866
f 3666/3876/3777 3696/3969/3867 3689/3942/3840
f 3666/3876/3777 3675/3901/3802 3696/3969/3867
f 4018/3902/3803 4020/3930/3828 4024/3958/3856
f 4020/3930/3828 4015/3892/3793 4027/3970/3868
f 3940/3943/3841 3925/3971/3869 3933/3944/3842
f 3927/3945/3843 3930/3950/3848 3922/3949/3847
f 3914/3914/3813 3936/3961/3859 3942/3972/3870
f 3914/3914/3813 3942/3972/3870 4022/3932/3830
f 3929/3973/3871 3944/3974/3872 3909/3903/3804
f 3909/3903/3804 3944/3974/3872 3936/3961/3859
f 3931/3951/3849 3938/3963/3861 3920/3923/3822
f 3846/3922/3821 3932/3952/3850 3853/3953/3851
f 3932/3952/3850 3939/3964/3862 3853/3953/3851
f 3835/3844/3746 3852/3940/3838 3770/3965/3863
f 3767/3898/3799 3770/3965/3863 3706/3955/3853
f 3697/3975/3873 3684/3926/3824 3698/3976/3874
f 3698/3976/3874 3684/3926/3824 3693/3966/3864
f 3699/3977/3875 3679/3978/3808 3701/3979/3876
f 3693/3966/3864 3685/3927/3825 3686/3928/3826
f 3690/3980/3877 3768/3906/3807 3766/3850/3752
f 3766/3850/3752 3683/3887/3788 3690/3980/3877
f 3671/3888/3789 3688/3941/3839 3695/3968/3866
f 3696/3969/3867 3675/3901/3802 3702/3981/3878
f 3702/3981/3878 3675/3901/3802 3691/3956/3854
f 4019/3910/3810 4024/3958/3856 4028/3982/3879
f 4028/3982/3879 4025/3959/3857 4019/3910/3810
f 4024/3958/3856 4020/3930/3828 4029/3983/3880
f 4027/3970/3868 4029/3983/3880 4020/3930/3828
f 3947/3984/3881 3940/3943/3841 4025/3959/3857
f 4015/3892/3793 4026/3960/3858 4027/3970/3868
f 3945/3985/3882 3925/3971/3869 3940/3943/3841
f 3926/3986/3869 3946/3987/3883 3929/3973/3871
f 3938/3963/3861 3937/3962/3860 3920/3923/3822
f 3855/3988/3884 3851/3939/3837 3849/3937/3835
f 3844/3904/3805 3854/3954/3852 3849/3937/3835
f 3772/3989/3885 3854/3954/3852 3769/3905/3806
f 3700/3990/3886 3686/3928/3826 3680/3908/3808
f 3700/3990/3886 3704/3991/3887 3686/3928/3826
f 3694/3967/3865 3695/3968/3866 3688/3941/3839
f 3702/3981/3878 3691/3956/3854 3692/3957/3855
f 4028/3982/3879 3947/3984/3881 4025/3959/3857
f 4028/3982/3879 4024/3958/3856 4029/3983/3880
f 3940/3943/3841 3943/3992/3888 3945/3985/3882
f 3940/3943/3841 3947/3984/3881 3943/3992/3888
f 3946/3987/3883 3944/3974/3872 3929/3973/3871
f 3941/3993/3889 4030/3994/3890 4021/3947/3845
f 4023/3946/3844 4021/3947/3845 4030/3994/3890
f 3849/3937/3835 3854/3954/3852 3855/3988/3884
f 3855/3988/3884 3775/3995/3891 3851/3939/3837
f 3851/3939/3837 3775/3995/3891 3852/3940/3838
f 3769/3905/3806 3768/3906/3807 3771/3996/3892
f 3768/3906/3807 3690/3980/3877 3771/3996/3892
f 3679/3978/3808 3705/3997/3893 3707/3998/3894
f 3679/3978/3808 3707/3998/3894 3701/3979/3876
f 3686/3928/3826 3704/3991/3887 3693/3966/3864
f 4027/3970/3868 4031/3999/3895 4029/3983/3880
f 4029/3983/3880 3947/3984/3881 4028/3982/3879
f 4023/3946/3844 4030/3994/3890 4026/3960/3858
f 3935/4000/3896 4032/4001/3897 3941/3993/3889
f 3941/3993/3889 4032/4001/3897 4030/3994/3890
f 3772/3989/3885 3769/3905/3806 3771/3996/3892
f 3770/3965/3863 3708/4002/3898 3706/3955/3853
f 3697/3975/3873 3694/3967/3865 3684/3926/3824
f 3771/3996/3892 3690/3980/3877 3714/4003/3899
f 3699/3977/3875 3701/3979/3876 3709/4004/3900
f 3701/3979/3876 3707/3998/3894 3709/4004/3900
f 3709/4004/3900 3707/3998/3894 3710/4005/3901
f 3695/3968/3866 3687/3929/3827 3665/3875/3776
f 4027/3970/3868 4026/3960/3858 4033/4006/3902
f 4026/3960/3858 4030/3994/3890 4033/4006/3902
f 3947/3984/3881 4034/4007/3903 4032/4001/3897
f 3943/3992/3888 3947/3984/3881 3935/4000/3896
f 3947/3984/3881 4032/4001/3897 3935/4000/3896
f 4030/3994/3890 4032/4001/3897 4034/4007/3903
f 3852/3940/3838 3775/3995/3891 3770/3965/3863
f 3693/3966/3864 3711/4008/3904 3698/3976/3874
f 3699/3977/3875 3712/4009/3905 3703/4010/3906
f 3699/3977/3875 3709/4004/3900 3712/4009/3905
f 3707/3998/3894 3713/4011/3907 3715/4012/3908
f 3707/3998/3894 3715/4012/3908 3710/4005/3901
f 3713/4011/3907 3696/3969/3867 3715/4012/3908
f 3689/3942/3840 3696/3969/3867 3713/4011/3907
f 4031/3999/3895 4034/4007/3903 4029/3983/3880
f 4029/3983/3880 4034/4007/3903 3947/3984/3881
f 4033/4006/3902 4030/3994/3890 4034/4007/3903
f 3854/3954/3852 3775/3995/3891 3855/3988/3884
f 3772/3989/3885 3775/3995/3891 3854/3954/3852
f 3771/3996/3892 3773/4013/3909 3772/3989/3885
f 3698/3976/3874 3711/4008/3904 3738/4014/3910
f 3770/3965/3863 3774/4015/3911 3708/4002/3898
f 3773/4013/3909 3771/3996/3892 3714/4003/3899
f 3710/4005/3901 3716/4016/3912 3717/4017/3913
f 3710/4005/3901 3715/4012/3908 3716/4016/3912
f 3694/3967/3865 3718/4018/3914 3695/3968/3866
f 3716/4016/3912 3715/4012/3908 3696/3969/3867
f 3695/3968/3866 3719/4019/3915 3687/3929/3827
f 4027/3970/3868 4033/4006/3902 4031/3999/3895
f 4033/4006/3902 4034/4007/3903 4031/3999/3895
f 3775/3995/3891 3772/3989/3885 3773/4013/3909
f 3775/3995/3891 3774/4015/3911 3770/3965/3863
f 3775/3995/3891 3773/4013/3909 3774/4015/3911
f 3697/3975/3873 3698/3976/3874 3739/4020/3916
f 3774/4015/3911 3773/4013/3909 3714/4003/3899
f 3774/4015/3911 3714/4003/3899 3708/4002/3898
f 3693/3966/3864 3721/4021/3917 3722/4022/3918
f 3704/3991/3887 3721/4021/3917 3693/3966/3864
f 3703/4010/3906 3712/4009/3905 3720/4023/3919
f 3716/4016/3912 3723/4024/3920 3724/4025/3921
f 3716/4016/3912 3696/3969/3867 3723/4024/3920
f 3696/3969/3867 3702/3981/3878 3723/4024/3920
f 3687/3929/3827 3719/4019/3915 3725/4026/3922
f 3697/3975/3873 3740/4027/3923 3694/3967/3865
f 3709/4004/3900 3717/4017/3913 3712/4009/3905
f 3709/4004/3900 3710/4005/3901 3717/4017/3913
f 3716/4016/3912 3724/4025/3921 3717/4017/3913
f 3698/3976/3874 3738/4014/3910 3739/4020/3916
f 3739/4020/3916 3740/4027/3923 3697/3975/3873
f 3740/4027/3923 3572/4028/3924 3694/3967/3865
f 3720/4023/3919 3712/4009/3905 3717/4017/3913
f 3718/4018/3914 3726/4029/3925 3695/3968/3866
f 3695/3968/3866 3726/4029/3925 3719/4019/3915
f 3711/4008/3904 3693/3966/3864 3727/4030/3926
f 3693/3966/3864 3722/4022/3918 3727/4030/3926
f 3557/4031/3927 3739/4020/3916 3738/4014/3910
f 3711/4008/3904 3741/4032/3928 3738/4014/3910
f 3722/4022/3918 3730/4033/3929 3727/4030/3926
f 3687/3929/3827 3728/4034/3930 3692/3957/3855
f 3692/3957/3855 3728/4034/3930 3702/3981/3878
f 3557/4031/3927 3740/4027/3923 3739/4020/3916
f 3711/4008/3904 3727/4030/3926 3741/4032/3928
f 3722/4022/3918 3721/4021/3917 3730/4033/3929
f 3694/3967/3865 3572/4028/3924 3718/4018/3914
f 3725/4026/3922 3728/4034/3930 3687/3929/3827
f 3717/4017/3913 3724/4025/3921 3731/4035/3931
f 3723/4024/3920 3702/3981/3878 3732/4036/3932
f 3727/4030/3926 3730/4033/3929 3742/4037/3933
f 3724/4025/3921 3723/4024/3920 3731/4035/3931
f 3729/4038/3934 3720/4023/3919 3717/4017/3913
f 3733/4039/3935 3728/4034/3930 3725/4026/3922
f 3743/4040/3936 3726/4029/3925 3718/4018/3914
f 3702/3981/3878 3734/4041/3937 3732/4036/3932
f 3728/4034/3930 3734/4041/3937 3702/3981/3878
f 3557/4031/3927 3738/4014/3910 3554/4042/3938
f 3719/4019/3915 3733/4039/3935 3725/4026/3922
f 3738/4014/3910 3562/4043/3939 3554/4042/3938
f 3557/4031/3927 3559/4044/3940 3740/4027/3923
f 3717/4017/3913 3731/4035/3931 3729/4038/3934
f 3719/4019/3915 3726/4029/3925 3733/4039/3935
f 3555/4045/3941 3556/4046/3942 3558/4047/3943
f 3738/4014/3910 3741/4032/3928 3562/4043/3939
f 3741/4032/3928 3569/4048/3944 3562/4043/3939
f 3559/4044/3940 3565/4049/3945 3740/4027/3923
f 3741/4032/3928 3727/4030/3926 3569/4048/3944
f 3740/4027/3923 3565/4049/3945 3572/4028/3924
f 3723/4024/3920 3735/4050/3946 3731/4035/3931
f 3734/4041/3937 3736/4051/3947 3732/4036/3932
f 3558/4047/3943 3556/4046/3942 3560/4052/3948
f 3730/4033/3929 3745/4053/3949 3742/4037/3933
f 3572/4028/3924 3574/4054/3950 3718/4018/3914
f 3723/4024/3920 3732/4036/3932 3735/4050/3946
f 3728/4034/3930 3733/4039/3935 3734/4041/3937
f 3555/4045/3941 3561/4055/3951 3556/4046/3942
f 3555/4045/3941 3563/4056/3952 3561/4055/3951
f 3560/4052/3948 3564/4057/3953 3567/4058/3954
f 3727/4030/3926 3742/4037/3933 3569/4048/3944
f 3718/4018/3914 3574/4054/3950 3743/4040/3936
f 3726/4029/3925 3746/4059/3955 3733/4039/3935
f 3556/4046/3942 3564/4057/3953 3560/4052/3948
f 3742/4037/3933 3745/4053/3949 3747/4060/3956
f 3729/4038/3934 3731/4035/3931 3744/4061/3957
f 3732/4036/3932 3736/4051/3947 3735/4050/3946
f 3561/4055/3951 3563/4056/3952 3568/4062/3958
f 3563/4056/3952 3570/4063/3959 3568/4062/3958
f 3566/4064/3960 3571/4065/3961 3573/4066/3962
f 3571/4065/3961 3575/4067/3950 3573/4066/3962
f 3577/4068/3963 3567/4058/3954 3564/4057/3953
f 3578/4069/3964 3575/4067/3950 3571/4065/3961
f 3743/4040/3936 3604/4070/3965 3726/4029/3925
f 3746/4059/3955 3737/4071/3966 3733/4039/3935
f 3737/4071/3966 3734/4041/3937 3733/4039/3935
f 3556/4046/3942 3561/4055/3951 3579/4072/3967
f 3569/4048/3944 3742/4037/3933 3582/4073/3968
f 3582/4073/3968 3742/4037/3933 3747/4060/3956
f 3747/4060/3956 3745/4053/3949 3595/4074/3969
f 3594/4075/3970 3744/4061/3957 3731/4035/3931
f 3556/4046/3942 3579/4072/3967 3564/4057/3953
f 3576/4076/3971 3571/4065/3961 3566/4064/3960
f 3735/4050/3946 3594/4075/3970 3731/4035/3931
f 3743/4040/3936 3587/4077/3972 3604/4070/3965
f 3604/4070/3965 3746/4059/3955 3726/4029/3925
f 3580/4078/3973 3581/4079/3974 3564/4057/3953
f 3579/4072/3967 3580/4078/3973 3564/4057/3953
f 3583/4080/3968 3584/4081/3975 3570/4063/3959
f 3574/4054/3950 3587/4077/3972 3743/4040/3936
f 3746/4059/3955 3602/4082/3976 3737/4071/3966
f 3564/4057/3953 3581/4079/3974 3577/4068/3963
f 3571/4065/3961 3576/4076/3971 3578/4069/3964
f 3576/4076/3971 3585/4083/3977 3578/4069/3964
f 3747/4060/3956 3595/4074/3969 3582/4073/3968
f 3575/4067/3950 3586/4084/3978 3589/4085/3972
f 3611/4086/3979 3594/4075/3970 3735/4050/3946
f 3734/4041/3937 3737/4071/3966 3736/4051/3947
f 3579/4072/3967 3561/4055/3951 3568/4062/3958
f 3570/4063/3959 3584/4081/3975 3568/4062/3958
f 3575/4067/3950 3578/4069/3964 3586/4084/3978
f 3576/4076/3971 3530/4087/3980 3585/4083/3977
f 3736/4051/3947 3737/4071/3966 3616/4088/3981
f 3577/4068/3963 3581/4079/3974 3591/4089/3982
f 3576/4076/3971 3533/4090/3983 3530/4087/3980
f 3585/4083/3977 3532/4091/3984 3578/4069/3964
f 3578/4069/3964 3532/4091/3984 3586/4084/3978
f 3736/4051/3947 3616/4088/3981 3735/4050/3946
f 3737/4071/3966 3602/4082/3976 3620/4092/3985
f 3579/4072/3967 3568/4062/3958 3592/4093/3986
f 3576/4076/3971 3590/4094/3987 3533/4090/3983
f 3584/4081/3975 3583/4080/3968 3593/4095/3988
f 3583/4080/3968 3596/4096/3989 3593/4095/3988
f 3735/4050/3946 3616/4088/3981 3611/4086/3979
f 3604/4070/3965 3602/4082/3976 3746/4059/3955
f 3620/4092/3985 3616/4088/3981 3737/4071/3966
f 3592/4093/3986 3568/4062/3958 3597/4097/3990
f 3591/4089/3982 3581/4079/3974 3598/4098/3991
f 3598/4098/3991 3581/4079/3974 3580/4078/3973
f 3593/4095/3988 3568/4062/3958 3584/4081/3975
f 3530/4087/3980 3531/4099/3992 3532/4091/3984
f 3530/4087/3980 3532/4091/3984 3585/4083/3977
f 3599/4100/3993 3589/4085/3972 3586/4084/3978
f 3611/4086/3979 3616/4088/3981 3614/4101/3994
f 3568/4062/3958 3593/4095/3988 3597/4097/3990
f 3533/4090/3983 3531/4099/3992 3530/4087/3980
f 3532/4091/3984 3531/4099/3992 3534/4102/3995
f 3532/4091/3984 3534/4102/3995 3535/4103/3996
f 3532/4091/3984 3535/4103/3996 3586/4084/3978
f 3531/4099/3992 3536/4104/3997 3534/4102/3995
f 3601/4105/3998 3603/4106/3976 3605/4107/3999
f 3579/4072/3967 3606/4108/4000 3580/4078/3973
f 3579/4072/3967 3592/4093/3986 3606/4108/4000
f 3598/4098/3991 3606/4108/4000 3591/4089/3982
f 3580/4078/3973 3606/4108/4000 3598/4098/3991
f 3586/4084/3978 3535/4103/3996 3607/4109/4001
f 3586/4084/3978 3607/4109/4001 3599/4100/3993
f 3600/4110/4002 3601/4105/3998 3588/4111/4003
f 3588/4111/4003 3601/4105/3998 3605/4107/3999
f 3534/4102/3995 3537/4112/4004 3535/4103/3996
f 3606/4108/4000 3608/4113/4005 3591/4089/3982
f 3535/4103/3996 3537/4112/4004 3607/4109/4001
f 3607/4109/4001 3537/4112/4004 3599/4100/3993
f 3534/4102/3995 3543/4114/4006 3537/4112/4004
f 3534/4102/3995 3536/4104/3997 3543/4114/4006
f 3541/4115/4007 3545/4116/4008 3536/4104/3997
f 3541/4115/4007 3540/4117/4009 3545/4116/4008
f 3608/4113/4005 3609/4118/4010 3591/4089/3982
f 3592/4093/3986 3610/4119/4011 3606/4108/4000
f 3592/4093/3986 3597/4097/3990 3610/4119/4011
f 3596/4096/3989 3612/4120/4012 3613/4121/4013
f 3615/4122/4014 3613/4121/4013 3612/4120/4012
f 3536/4104/3997 3545/4116/4008 3543/4114/4006
f 3615/4122/4014 3617/4123/4015 3618/4124/4016
f 3603/4106/3976 3619/4125/4017 3621/4126/4018
f 3600/4110/4002 3538/4127/4019 3601/4105/3998
f 3542/4128/4020 3546/4129/4021 3538/4127/4019
f 3601/4105/3998 3619/4125/4017 3603/4106/3976
f 3621/4126/4018 3619/4125/4017 3617/4123/4015
f 3608/4113/4005 3622/4130/4022 3609/4118/4010
f 3591/4089/3982 3609/4118/4010 3623/4131/4023
f 3596/4096/3989 3613/4121/4013 3593/4095/3988
f 3601/4105/3998 3538/4127/4019 3550/4132/4024
f 3542/4128/4020 3547/4133/4025 3546/4129/4021
f 3542/4128/4020 3544/4134/4026 3547/4133/4025
f 3618/4124/4016 3617/4123/4015 3619/4125/4017
f 3606/4108/4000 3624/4135/4027 3608/4113/4005
f 3608/4113/4005 3624/4135/4027 3622/4130/4022
f 3606/4108/4000 3625/4136/4028 3624/4135/4027
f 3610/4119/4011 3625/4136/4028 3606/4108/4000
f 3613/4121/4013 3597/4097/3990 3593/4095/3988
f 3613/4121/4013 3615/4122/4014 3618/4124/4016
f 3547/4133/4025 3544/4134/4026 3548/4137/4029
f 3539/4138/4030 3548/4137/4029 3544/4134/4026
f 3625/4136/4028 3610/4119/4011 3626/4139/4031
f 3610/4119/4011 3597/4097/3990 3627/4140/4032
f 3597/4097/3990 3613/4121/4013 3627/4140/4032
f 3546/4129/4021 3547/4133/4025 3538/4127/4019
f 3622/4130/4022 3623/4131/4023 3609/4118/4010
f 3626/4139/4031 3628/4141/4033 3625/4136/4028
f 3550/4132/4024 3629/4142/4034 3601/4105/3998
f 3601/4105/3998 3629/4142/4034 3619/4125/4017
f 3538/4127/4019 3549/4143/4035 3550/4132/4024
f 3618/4124/4016 3619/4125/4017 3630/4144/4036
f 3625/4136/4028 3628/4141/4033 3624/4135/4027
f 3610/4119/4011 3627/4140/4032 3626/4139/4031
f 3550/4132/4024 3549/4143/4035 3629/4142/4034
f 3538/4127/4019 3547/4133/4025 3549/4143/4035
f 3624/4135/4027 3631/4145/4037 3622/4130/4022
f 3626/4139/4031 3627/4140/4032 3632/4146/4038
f 3627/4140/4032 3633/4147/4039 3632/4146/4038
f 3627/4140/4032 3613/4121/4013 3633/4147/4039
f 3634/4148/4040 3613/4121/4013 3635/4149/4041
f 3613/4121/4013 3618/4124/4016 3635/4149/4041
f 3629/4142/4034 3630/4144/4036 3619/4125/4017
f 3547/4133/4025 3548/4137/4029 3549/4143/4035
f 3622/4130/4022 3636/4150/4042 3623/4131/4023
f 3622/4130/4022 3631/4145/4037 3636/4150/4042
f 3624/4135/4027 3637/4151/4043 3631/4145/4037
f 3624/4135/4027 3628/4141/4033 3637/4151/4043
f 3626/4139/4031 3638/4152/4044 3628/4141/4033
f 3632/4146/4038 3638/4152/4044 3626/4139/4031
f 3613/4121/4013 3634/4148/4040 3633/4147/4039
f 3632/4146/4038 3633/4147/4039 3638/4152/4044
f 3633/4147/4039 3634/4148/4040 3638/4152/4044
f 3635/4149/4041 3618/4124/4016 3639/4153/4045
f 3630/4144/4036 3640/4154/4046 3618/4124/4016
f 3629/4142/4034 3552/4155/4047 3630/4144/4036
f 3549/4143/4035 3552/4155/4047 3629/4142/4034
f 3628/4141/4033 3638/4152/4044 3637/4151/4043
f 3548/4137/4029 3552/4155/4047 3549/4143/4035
f 3548/4137/4029 3551/4156/4048 3552/4155/4047
f 3637/4151/4043 3641/4157/4049 3631/4145/4037
f 3638/4152/4044 3634/4148/4040 3637/4151/4043
f 3634/4148/4040 3639/4153/4045 3642/4158/4050
f 3635/4149/4041 3639/4153/4045 3634/4148/4040
f 3642/4158/4050 3639/4153/4045 3643/4159/4051
f 3639/4153/4045 3640/4154/4046 3643/4159/4051
f 3618/4124/4016 3640/4154/4046 3639/4153/4045
f 3630/4144/4036 3643/4159/4051 3640/4154/4046
f 3552/4155/4047 3644/4160/4052 3630/4144/4036
f 3636/4150/4042 3631/4145/4037 3645/4161/4053
f 3634/4148/4040 3642/4158/4050 3646/4162/4054
f 3642/4158/4050 3647/4163/4055 3646/4162/4054
f 3643/4159/4051 3647/4163/4055 3642/4158/4050
f 3630/4144/4036 3644/4160/4052 3643/4159/4051
f 3552/4155/4047 3553/4164/4056 3644/4160/4052
f 3637/4151/4043 3634/4148/4040 3641/4157/4049
f 3647/4163/4055 3643/4159/4051 3644/4160/4052
f 3631/4145/4037 3641/4157/4049 3645/4161/4053
f 3634/4148/4040 3646/4162/4054 3641/4157/4049
f 3647/4163/4055 3644/4160/4052 3646/4162/4054
f 3644/4160/4052 3553/4164/4056 3646/4162/4054
o Mesh_0.002
v 0.354813 0.438419 0.331936
v 0.354813 0.438419 0.331936
v 0.395118 0.379926 0.360836
v 0.361933 0.462730 0.332198
v 0.361933 0.462730 0.332198
v 0.387347 0.335307 0.250309
v 0.387347 0.335307 0.250309
v 0.378615 0.372005 0.250459
v 0.378615 0.372005 0.250459
v 0.378615 0.372005 0.250459
v 0.398152 0.367515 0.247209
v 0.398152 0.367515 0.247209
v 0.426738 0.314035 0.248651
v 0.422123 0.354830 0.249316
v 0.419901 0.261716 0.268159
v 0.419901 0.261716 0.268159
v 0.458459 0.325706 0.261839
v 0.413477 0.416759 0.261513
v 0.413477 0.416759 0.261513
v 0.443500 0.277657 0.258335
v 0.395659 0.298655 0.258733
v 0.367363 0.343869 0.263382
v 0.367363 0.343869 0.263382
v 0.436826 0.399920 0.268884
v 0.453276 0.237997 0.256329
v 0.453276 0.237997 0.256329
v 0.455306 0.268382 0.270072
v 0.472394 0.249770 0.261413
v 0.454669 0.277816 0.261776
v 0.358417 0.445037 0.266216
v 0.358417 0.445037 0.266216
v 0.358417 0.445037 0.266216
v 0.362812 0.460455 0.260351
v 0.362812 0.460455 0.260351
v 0.362812 0.460455 0.260351
v 0.432789 0.256854 0.269736
v 0.432789 0.256854 0.269736
v 0.441011 0.260427 0.270436
v 0.478825 0.289805 0.277779
v 0.466208 0.276391 0.274270
v 0.496149 0.261885 0.280205
v 0.388118 0.282135 0.275649
v 0.412760 0.445137 0.274576
v 0.412760 0.445137 0.274576
v 0.408484 0.257701 0.277374
v 0.462382 0.374793 0.283972
v 0.355793 0.356315 0.275515
v 0.355793 0.356315 0.275515
v 0.337371 0.455545 0.287519
v 0.337371 0.455545 0.287519
v 0.421568 0.248073 0.283869
v 0.370767 0.302891 0.287401
v 0.487391 0.297523 0.287947
v 0.428507 0.440948 0.295474
v 0.428507 0.440948 0.295474
v 0.416434 0.226040 0.283968
v 0.482709 0.329471 0.287977
v 0.487058 0.284173 0.300345
v 0.411982 0.244163 0.303655
v 0.386389 0.270009 0.299609
v 0.372614 0.294990 0.298898
v 0.459549 0.395116 0.299557
v 0.400436 0.254927 0.309969
v 0.359343 0.327477 0.298792
v 0.346820 0.381150 0.302667
v 0.481842 0.349425 0.303185
v 0.493704 0.312519 0.315977
v 0.338754 0.439477 0.310370
v 0.338754 0.439477 0.310370
v 0.408793 0.210303 0.311317
v 0.493089 0.301681 0.299791
v 0.408665 0.234195 0.315511
v 0.499532 0.301194 0.320246
v 0.471428 0.366290 0.322842
v 0.461138 0.390902 0.314979
v 0.389535 0.281983 0.334104
v 0.364707 0.335653 0.326223
v 0.387758 0.490979 0.302340
v 0.387758 0.490979 0.302340
v 0.489782 0.287463 0.322890
v 0.517797 0.257673 0.315946
v 0.414434 0.453074 0.322029
v 0.414434 0.453074 0.322029
v 0.492206 0.295531 0.322735
v 0.416096 0.260673 0.334781
v 0.450838 0.391261 0.338489
v 0.379804 0.488828 0.317171
v 0.379804 0.488828 0.317171
v 0.417202 0.424379 0.344936
v 0.417202 0.424379 0.344936
v 0.417202 0.424379 0.344936
v 0.479171 0.301106 0.350787
v 0.417937 0.185487 0.339442
v 0.415918 0.234451 0.347148
v 0.479663 0.282365 0.348786
v 0.383831 0.335391 0.350591
v 0.463012 0.337730 0.355056
v 0.429722 0.242408 0.363989
v 0.417520 0.273993 0.354664
v 0.507833 0.270807 0.327350
v 0.466549 0.283736 0.353495
v 0.428367 0.193470 0.363137
v 0.429630 0.263936 0.355393
v 0.497425 0.245446 0.367125
v 0.458745 0.293943 0.364420
v 0.454816 0.313410 0.365883
v 0.446636 0.346159 0.363630
v 0.441097 0.271426 0.359233
v 0.441097 0.271426 0.359233
v 0.432192 0.281660 0.363716
v 0.447753 0.286209 0.365607
v 0.447753 0.286209 0.365607
v 0.430818 0.354753 0.366667
v 0.430818 0.354753 0.366667
v 0.445277 0.250197 0.370779
v 0.445277 0.250197 0.370779
v 0.476618 0.245923 0.375341
v 0.407683 0.338909 0.366733
v 0.431583 0.313988 0.370183
v 0.431583 0.313988 0.370183
v 0.442662 0.208731 0.377289
v 0.627917 0.059524 0.321429
v 0.646801 0.063347 0.323897
v 0.618001 0.048563 0.323895
v 0.618001 0.048563 0.323895
v 0.618279 0.066174 0.324966
v 0.628106 0.077897 0.330274
v 0.667989 0.058781 0.335272
v 0.667989 0.058781 0.335272
v 0.650506 0.074672 0.330465
v 0.646828 0.038495 0.338015
v 0.618853 0.077247 0.334401
v 0.669767 0.043953 0.339012
v 0.660676 0.045501 0.344697
v 0.660676 0.045501 0.344697
v 0.683545 0.031571 0.347610
v 0.597930 0.037902 0.325325
v 0.597930 0.037902 0.325325
v 0.643115 0.081960 0.337227
v 0.631631 0.034085 0.360909
v 0.674199 0.061676 0.347996
v 0.615543 0.083826 0.346439
v 0.610012 0.043106 0.367970
v 0.594478 0.033822 0.352846
v 0.605407 0.083516 0.352155
v 0.674970 0.036276 0.351005
v 0.674970 0.036276 0.351005
v 0.659355 0.049752 0.354627
v 0.659355 0.049752 0.354627
v 0.668823 0.062232 0.354823
v 0.668823 0.062232 0.354823
v 0.650857 0.077393 0.354976
v 0.630356 0.085077 0.356003
v 0.672011 0.051534 0.354864
v 0.604655 0.043196 0.377071
v 0.604655 0.043196 0.377071
v 0.638276 0.044804 0.374762
v 0.578144 0.039335 0.352366
v 0.578144 0.039335 0.352366
v 0.582499 0.042089 0.374276
v 0.582499 0.042089 0.374276
v 0.611084 0.075204 0.368559
v 0.624031 0.042616 0.374965
v 0.634852 0.074028 0.371247
v 0.634852 0.074028 0.371247
v 0.638376 0.062775 0.376438
v 0.575592 0.090700 0.372353
v 0.588596 0.081311 0.372190
v 0.615244 0.052642 0.376830
v 0.607898 0.065832 0.380477
v 0.607898 0.065832 0.380477
v 0.614003 0.062414 0.377113
v 0.614003 0.062414 0.377113
v 0.585657 0.034063 0.391435
v 0.568658 0.048126 0.369374
v 0.620214 0.052292 0.379665
v 0.608373 0.048729 0.380811
v 0.575109 0.081792 0.382485
v 0.575109 0.081792 0.382485
v 0.606178 0.045763 0.399886
v 0.599769 0.073525 0.396090
v 0.555811 0.094497 0.381230
v 0.555811 0.094497 0.381230
v 0.553693 0.041633 0.399298
v 0.584200 0.084880 0.400023
v 0.592798 0.034341 0.398469
v 0.592798 0.034341 0.398469
v 0.601544 0.040969 0.408226
v 0.601544 0.040969 0.408226
v 0.620553 0.070215 0.409816
v 0.620976 0.048078 0.409766
v 0.573742 0.088604 0.418637
v 0.573742 0.088604 0.418637
v 0.547691 0.093864 0.402463
v 0.547691 0.093864 0.402463
v 0.581927 0.038598 0.413989
v 0.609672 0.085409 0.424119
v 0.617912 0.037814 0.417437
v 0.617912 0.037814 0.417437
v 0.536119 0.053611 0.399602
v 0.549615 0.053095 0.421631
v 0.633138 0.047081 0.425667
v 0.633138 0.047081 0.425667
v 0.541839 0.060380 0.417991
v 0.634877 0.055120 0.427821
v 0.550050 0.078251 0.420395
v 0.602602 0.033521 0.428084
v 0.629010 0.039855 0.428296
v 0.617582 0.081470 0.427769
v 0.628697 0.070439 0.427870
v 0.619719 0.036284 0.439312
v 0.583559 0.039674 0.431154
v 0.570222 0.049570 0.425202
v 0.557462 0.059940 0.428723
v 0.536231 0.083571 0.409655
v 0.566175 0.078437 0.427201
v 0.566175 0.078437 0.427201
v 0.629421 0.061778 0.447758
v 0.629421 0.061778 0.447758
v 0.602571 0.078564 0.442151
v 0.602571 0.078564 0.442151
v 0.598983 0.038762 0.442207
v 0.629140 0.040861 0.443023
v 0.579387 0.048867 0.438357
v 0.566248 0.064007 0.430003
v 0.632840 0.031411 0.448877
v 0.587455 0.062970 0.447212
v 0.623305 0.057377 0.456840
v 0.623305 0.057377 0.456840
v 0.628236 0.032096 0.455646
v 0.616568 0.044341 0.450735
v 0.635928 0.046059 0.455847
v 0.598768 0.066631 0.449831
v 0.612108 0.055509 0.452483
v 0.627649 0.046780 0.461412
v 0.524864 0.061148 0.285358
v 0.524864 0.061148 0.285358
v 0.524864 0.061148 0.285358
v 0.539636 0.071780 0.281886
v 0.550317 0.072846 0.285405
v 0.524063 0.073253 0.285221
v 0.524063 0.073253 0.285221
v 0.537873 0.079885 0.284044
v 0.559305 0.057824 0.302103
v 0.559305 0.057824 0.302103
v 0.538740 0.053733 0.292408
v 0.570233 0.072048 0.305528
v 0.513171 0.068849 0.295868
v 0.552503 0.092926 0.292662
v 0.512466 0.048588 0.312813
v 0.512466 0.048588 0.312813
v 0.508338 0.065404 0.300343
v 0.563288 0.082831 0.297105
v 0.540959 0.117424 0.277467
v 0.569984 0.108344 0.312587
v 0.536115 0.046640 0.309604
v 0.559533 0.045201 0.307218
v 0.559533 0.045201 0.307218
v 0.581547 0.060004 0.313818
v 0.548993 0.038595 0.316730
v 0.548993 0.038595 0.316730
v 0.590326 0.056046 0.311908
v 0.605216 0.055998 0.313765
v 0.605019 0.074410 0.316882
v 0.568168 0.091568 0.317097
v 0.586695 0.045395 0.317353
v 0.586695 0.045395 0.317353
v 0.605050 0.045263 0.318019
v 0.499033 0.066197 0.316530
v 0.580441 0.086388 0.324230
v 0.581343 0.037920 0.329773
v 0.581343 0.037920 0.329773
v 0.495721 0.053312 0.332968
v 0.511962 0.042472 0.332447
v 0.608391 0.082141 0.329216
v 0.589005 0.093179 0.333238
v 0.545231 0.192006 0.320105
v 0.569487 0.104010 0.340181
v 0.572645 0.034131 0.336683
v 0.576788 0.094720 0.337639
v 0.488204 0.074438 0.336573
v 0.544490 0.041749 0.345202
v 0.515940 0.042099 0.364607
v 0.548880 0.037169 0.357243
v 0.558988 0.116987 0.367907
v 0.502944 0.049713 0.360941
v 0.573748 0.106170 0.353743
v 0.567341 0.107044 0.359482
v 0.488930 0.074485 0.356166
v 0.558741 0.038661 0.364603
v 0.498418 0.061011 0.376673
v 0.556960 0.099987 0.371663
v 0.496288 0.086186 0.375217
v 0.496288 0.086186 0.375217
v 0.475896 0.091471 0.371393
v 0.561154 0.044532 0.373805
v 0.515826 0.053701 0.384855
v 0.542811 0.048211 0.385293
v 0.504615 0.054747 0.380001
v 0.549973 0.100146 0.386566
v 0.508998 0.196714 0.380755
v 0.539808 0.108710 0.390869
v 0.549862 0.108846 0.387129
v 0.504724 0.068282 0.387397
v 0.530130 0.065540 0.396732
v 0.523237 0.091764 0.401038
v 0.523237 0.091764 0.401038
v 0.517109 0.102496 0.392451
v 0.517109 0.102496 0.392451
v 0.487499 0.106491 0.387534
v 0.527112 0.104172 0.393228
v 0.527112 0.104172 0.393228
v 0.527112 0.104172 0.393228
v 0.529622 0.099678 0.396819
v 0.529622 0.099678 0.396819
v 0.490018 0.167689 0.391792
v 0.490018 0.167689 0.391792
v 0.529284 0.076883 0.399570
v 0.526686 0.084785 0.409756
v 0.531224 0.095124 0.407910
v 0.531224 0.095124 0.407910
v 0.472335 0.179894 0.246727
v 0.472843 0.176059 0.251789
v 0.472843 0.176059 0.251789
v 0.463781 0.181030 0.247011
v 0.476744 0.192476 0.252287
v 0.476744 0.192476 0.252287
v 0.462329 0.187978 0.252295
v 0.462329 0.187978 0.252295
v 0.464599 0.221563 0.252690
v 0.494329 0.106743 0.265364
v 0.494329 0.106743 0.265364
v 0.454396 0.160947 0.261526
v 0.508620 0.192738 0.261164
v 0.441803 0.209823 0.258739
v 0.517235 0.138823 0.264951
v 0.526068 0.106230 0.271745
v 0.483220 0.094380 0.274341
v 0.532901 0.159363 0.276536
v 0.427792 0.185690 0.276193
v 0.490207 0.078884 0.284562
v 0.426134 0.165184 0.292064
v 0.531630 0.200370 0.288118
v 0.508348 0.250263 0.284380
v 0.471840 0.094725 0.287671
v 0.483055 0.073493 0.307379
v 0.466064 0.082820 0.316617
v 0.416801 0.177267 0.323547
v 0.525839 0.233260 0.300321
v 0.441370 0.124049 0.308432
v 0.474654 0.076101 0.323836
v 0.532055 0.229071 0.323869
v 0.463734 0.085435 0.339838
v 0.527778 0.224856 0.347238
v 0.464826 0.090730 0.355727
v 0.430600 0.164959 0.355302
v 0.511897 0.245285 0.354833
v 0.441730 0.180598 0.375668
v 0.466476 0.156074 0.385179
v 0.443322 0.195214 0.384887
v 0.480609 0.211248 0.386636
v 0.465482 0.193090 0.388091
v 0.465482 0.193090 0.388091
v 0.309391 0.398910 0.138052
v 0.348379 0.439505 0.187758
v 0.348379 0.439505 0.187758
v 0.335454 0.412416 0.190069
v 0.311603 0.426324 0.130894
v 0.311603 0.426324 0.130894
v 0.348954 0.459178 0.186799
v 0.328080 0.458570 0.156118
v 0.287907 0.373635 0.144905
v 0.308717 0.392429 0.193449
v 0.349671 0.429005 0.214710
v 0.349671 0.429005 0.214710
v 0.269247 0.373806 0.167798
v 0.286922 0.416162 0.220973
v 0.354238 0.515861 0.245451
v 0.321169 0.490518 0.173229
v 0.322051 0.407545 0.214356
v 0.367649 0.484472 0.245075
v 0.305771 0.503031 0.179817
v 0.299176 0.507744 0.191329
v 0.335764 0.521594 0.236931
v 0.279553 0.494773 0.197663
v 0.364653 0.465184 0.243910
v 0.341980 0.426633 0.226393
v 0.346424 0.523237 0.266904
v 0.313704 0.472091 0.259329
v 0.313704 0.472091 0.259329
v 0.319961 0.503619 0.255826
v 0.211056 0.455514 0.138062
v 0.211056 0.455514 0.138062
v 0.331084 0.450723 0.258820
v 0.325065 0.507590 0.260437
v 0.356195 0.456897 0.257916
v 0.356195 0.456897 0.257916
v 0.365404 0.504043 0.257374
v 0.316595 0.452941 0.255858
v 0.267478 0.427020 0.212681
v 0.361147 0.468742 0.262865
v 0.363942 0.497190 0.265024
v 0.351157 0.523057 0.257615
v 0.358720 0.516031 0.265021
v 0.330472 0.515759 0.271730
v 0.326092 0.470620 0.277658
v 0.326092 0.470620 0.277658
v 0.342153 0.457433 0.270473
v 0.342153 0.457433 0.270473
v 0.366492 0.495068 0.269835
v 0.330096 0.493658 0.293007
v 0.324986 0.500620 0.277022
v 0.354262 0.515350 0.273942
v 0.374882 0.501509 0.283442
v 0.347890 0.518406 0.277868
v 0.334781 0.464247 0.277723
v 0.359431 0.519510 0.293574
v 0.333333 0.481100 0.288817
v 0.337682 0.516161 0.293524
v 0.348885 0.522493 0.292296
v 0.355539 0.516520 0.300254
v 0.375042 0.503933 0.294776
v 0.337952 0.508678 0.300579
v 0.338657 0.483681 0.309358
v 0.353393 0.495250 0.316009
v 0.369020 0.482785 0.325059
v 0.197762 0.439061 0.142829
v 0.197762 0.439061 0.142829
v 0.197762 0.439061 0.142829
v 0.241861 0.390770 0.174815
v 0.186627 0.393371 0.106235
v 0.186627 0.393371 0.106235
v 0.184725 0.404473 0.124898
v 0.184725 0.404473 0.124898
v 0.167361 0.391496 0.135294
v 0.167361 0.391496 0.135294
v 0.167361 0.391496 0.135294
v 0.189098 0.420006 0.137065
v 0.221259 0.368003 0.134353
v 0.221259 0.368003 0.134353
v 0.197550 0.375016 0.110854
v 0.197550 0.375016 0.110854
v 0.244123 0.358907 0.134920
v 0.244123 0.358907 0.134920
v 0.259706 0.359869 0.127968
v 0.259706 0.359869 0.127968
v 0.200039 0.474695 0.071437
v 0.200039 0.474695 0.071437
v 0.200950 0.488032 0.111498
v 0.200950 0.488032 0.111498
v 0.212233 0.465057 0.111725
v 0.212233 0.465057 0.111725
v 0.217980 0.461003 0.114220
v 0.217980 0.461003 0.114220
v 0.212803 0.444863 0.088753
v 0.212803 0.444863 0.088753
v 0.276677 0.417612 0.097733
v 0.276677 0.417612 0.097733
v 0.283064 0.397915 0.104418
v 0.283064 0.397915 0.104418
v 0.287739 0.441748 0.111929
v 0.287739 0.441748 0.111929
v 0.287739 0.441748 0.111929
v 0.226863 0.416507 0.065853
v 0.226863 0.416507 0.065853
v 0.272477 0.477322 0.130658
v 0.272477 0.477322 0.130658
v 0.304348 0.462031 0.134876
v 0.241148 0.476268 0.129009
v 0.241148 0.476268 0.129009
v 0.226901 0.436674 0.080343
v 0.226901 0.436674 0.080343
v 0.226901 0.436674 0.080343
v 0.202004 0.475525 0.130797
v 0.210089 0.456185 0.126249
v 0.210089 0.456185 0.126249
v 0.283251 0.382564 0.113204
v 0.283251 0.382564 0.113204
v 0.204617 0.453212 0.139490
v 0.203849 0.445276 0.138056
v 0.174566 0.392002 0.075843
v 0.187461 0.431246 0.050306
v 0.203031 0.446857 0.063749
v 0.190830 0.407541 0.067126
v 0.194064 0.418814 0.063756
v 0.200681 0.426758 0.068420
v 0.203734 0.396058 0.062204
v 0.193822 0.399641 0.067976
v 0.205062 0.404719 0.058688
v 0.210226 0.409630 0.066048
v 0.188637 0.392496 0.086126
v 0.208328 0.398503 0.069692
v 0.220059 0.398140 0.073630
v 0.235011 0.413791 0.072422
v 0.208538 0.433053 0.076676
v 0.220070 0.381858 0.076383
v 0.242376 0.381930 0.080159
v 0.234665 0.366451 0.088753
v 0.199536 0.391459 0.087831
v 0.216515 0.371095 0.085299
v 0.256244 0.366926 0.103917
v 0.224587 0.354315 0.103587
v 0.190643 0.392559 0.099513
v 0.167490 0.383647 0.110382
vn 0.5050 -0.1119 -0.8558
vn 0.6530 -0.1960 -0.7316
vn 0.7835 -0.3112 -0.5379
vn -0.0409 -0.4257 -0.9040
vn 0.8156 0.0468 -0.5768
vn 0.1649 -0.7422 -0.6496
vn -0.4187 -0.5429 -0.7279
vn 0.2789 -0.0582 -0.9585
vn 0.3504 0.1118 -0.9299
vn 0.1377 -0.9713 -0.1937
vn 0.4189 -0.7888 -0.4498
vn 0.2604 0.0747 -0.9626
vn 0.2822 -0.8545 -0.4362
vn 0.0782 -0.4227 -0.9029
vn 0.4503 -0.3115 -0.8367
vn 0.5266 0.3080 -0.7924
vn 0.8206 0.3597 -0.4442
vn 0.6065 0.5867 -0.5366
vn -0.2017 -0.3651 -0.9089
vn 0.3790 -0.3647 -0.8505
vn 0.2159 -0.7100 -0.6703
vn -0.3861 -0.7978 -0.4632
vn 0.1603 0.6564 -0.7372
vn -0.4068 -0.6458 -0.6461
vn 0.5869 0.0632 -0.8072
vn 0.4766 -0.7358 -0.4811
vn -0.2074 -0.9582 -0.1972
vn -0.7473 -0.6615 0.0621
vn 0.5316 0.3515 -0.7706
vn 0.6519 -0.5665 -0.5040
vn 0.6596 -0.2172 -0.7195
vn 0.0479 0.9692 -0.2417
vn 0.8427 0.5384 -0.0033
vn 0.8206 0.3598 -0.4441
vn 0.9558 0.2838 -0.0771
vn 0.8426 0.5385 -0.0032
vn -0.2669 -0.9427 -0.2004
vn 0.0479 0.9692 -0.2416
vn 0.1877 0.7538 -0.6298
vn 0.5870 0.0632 -0.8071
vn 0.7715 -0.0202 -0.6359
vn 0.6598 -0.2171 -0.7194
vn 0.5317 0.3515 -0.7706
vn 0.3517 -0.9352 -0.0405
vn -0.1926 -0.9644 0.1813
vn 0.1876 0.7539 -0.6297
vn 0.5315 0.3517 -0.7706
vn 0.5358 0.4626 -0.7063
vn -0.2947 0.9057 -0.3047
vn 0.1602 0.6565 -0.7371
vn -0.5338 -0.6793 0.5036
vn 0.8784 0.2382 0.4144
vn 0.2670 0.8993 0.3464
vn 0.3380 -0.7887 0.5135
vn 0.3275 -0.9301 0.1664
vn 0.6520 -0.5665 -0.5039
vn 0.7927 -0.4528 -0.4081
vn 0.5380 -0.8417 -0.0456
vn 0.3517 -0.9352 -0.0401
vn -0.1924 -0.9644 0.1812
vn 0.0840 -0.7030 0.7062
vn 0.3381 -0.7886 0.5136
vn 0.0838 -0.7030 0.7062
vn -0.1030 -0.9292 0.3550
vn 0.7532 0.2623 -0.6033
vn 0.7714 -0.0200 -0.6360
vn 0.2660 0.2915 0.9189
vn 0.7129 -0.4344 0.5505
vn -0.5139 0.8009 0.3073
vn -0.5339 -0.6791 0.5038
vn -0.5091 -0.5325 0.6762
vn -0.7473 -0.6615 0.0623
vn -0.2967 0.0758 0.9520
vn -0.2968 0.0759 0.9519
vn -0.6937 0.4257 0.5810
vn 0.9106 -0.2232 -0.3479
vn -0.1030 -0.9291 0.3552
vn -0.0183 -0.8746 0.4844
vn 0.5586 0.6127 -0.5591
vn -0.2609 0.9550 -0.1409
vn 0.7623 -0.6426 -0.0771
vn 0.1818 0.8581 -0.4802
vn 0.3117 -0.8741 0.3726
vn 0.8699 0.1771 -0.4603
vn 0.9106 -0.2229 -0.3479
vn 0.2670 0.8992 0.3465
vn -0.6340 -0.2061 0.7453
vn -0.6152 0.7525 0.2350
vn -0.3071 -0.5856 0.7502
vn -0.7756 0.0391 0.6300
vn -0.2966 0.0758 0.9520
vn -0.7756 0.0393 0.6300
vn -0.5142 0.8007 0.3073
vn 0.8264 -0.5608 0.0502
vn 0.6786 0.6268 -0.3828
vn 0.2950 -0.8236 0.4843
vn 0.9889 0.0822 -0.1236
vn -0.0195 0.9803 -0.1966
vn -0.8122 0.3609 0.4584
vn 0.9543 -0.2956 0.0436
vn 0.8266 -0.5606 0.0500
vn 0.5043 -0.7399 0.4452
vn 0.0065 0.9731 0.2305
vn -0.0344 -0.7528 0.6574
vn -0.7228 0.6563 0.2165
vn 0.5878 -0.7518 0.2990
vn 0.5878 -0.7517 0.2990
vn -0.3666 -0.1934 -0.9101
vn -0.4375 -0.0126 -0.8991
vn 0.0137 0.0824 -0.9965
vn 0.0897 -0.1360 -0.9866
vn 0.2888 0.1339 -0.9480
vn 0.9514 0.3078 -0.0133
vn 0.4177 -0.2929 -0.8601
vn 0.2122 -0.3666 -0.9059
vn -0.4225 -0.0264 -0.9060
vn 0.2057 0.0970 -0.9738
vn -0.3943 0.1292 -0.9099
vn -0.3941 0.1291 -0.9100
vn 0.0244 0.1260 -0.9917
vn 0.2053 0.0969 -0.9739
vn -0.1995 0.2358 -0.9511
vn -0.2191 -0.5470 -0.8079
vn 0.5607 0.1089 -0.8208
vn 0.3671 0.2985 -0.8810
vn -0.4543 -0.4475 0.7703
vn 0.7250 0.0424 -0.6874
vn -0.0504 -0.3451 -0.9372
vn -0.5271 -0.3314 -0.7825
vn 0.2122 -0.3663 -0.9060
vn 0.4943 0.1464 -0.8569
vn -0.5503 -0.0246 -0.8346
vn -0.1997 0.2356 -0.9511
vn 0.1283 -0.3746 -0.9183
vn -0.3352 -0.3332 -0.8812
vn -0.7279 -0.2263 -0.6473
vn -0.3668 -0.1935 -0.9099
vn -0.4378 -0.0126 -0.8990
vn 0.6191 0.3521 -0.7020
vn 0.9915 0.0929 -0.0907
vn 0.4167 0.9059 -0.0753
vn 0.3950 -0.0588 -0.9168
vn -0.2594 -0.0545 -0.9642
vn 0.2481 0.3650 -0.8974
vn 0.2076 -0.0721 -0.9756
vn 0.4426 -0.3530 -0.8243
vn -0.2193 -0.5472 -0.8077
vn -0.6775 -0.1487 -0.7203
vn 0.0138 0.0825 -0.9965
vn 0.0844 0.0664 -0.9942
vn 0.3668 0.2985 -0.8811
vn 0.0841 0.0663 -0.9942
vn 0.7755 0.6088 0.1670
vn 0.3379 -0.1999 -0.9197
vn -0.0501 -0.3449 -0.9373
vn -0.4066 -0.5254 -0.7474
vn 0.5713 0.5289 -0.6276
vn -0.2592 -0.0543 -0.9643
vn -0.0309 -0.0225 -0.9993
vn 0.7373 -0.2513 -0.6271
vn -0.6775 -0.1488 -0.7204
vn 0.0843 0.0663 -0.9942
vn -0.6192 0.7267 0.2974
vn 0.7287 0.1409 -0.6702
vn -0.7843 -0.2154 -0.5817
vn 0.5850 -0.0225 -0.8107
vn -0.6992 -0.4921 -0.5186
vn -0.9457 -0.2643 -0.1891
vn -0.6775 -0.1488 -0.7203
vn -0.7279 -0.2262 -0.6473
vn 0.5923 0.4611 -0.6608
vn 0.5922 0.4611 -0.6609
vn -0.6853 -0.3651 0.6301
vn -0.4116 -0.9102 0.0451
vn 0.7457 0.3178 -0.5856
vn 0.5902 -0.0155 -0.8071
vn -0.5010 -0.6778 -0.5381
vn 0.7689 0.3503 -0.5348
vn -0.8944 -0.1782 -0.4103
vn -0.6855 -0.3649 0.6300
vn -0.2683 -0.7294 -0.6293
vn 0.2321 0.0198 -0.9725
vn -0.8539 -0.3638 -0.3720
vn 0.8332 0.2352 -0.5004
vn -0.8487 0.0007 -0.5289
vn 0.6996 0.4414 -0.5619
vn -0.7333 -0.3348 -0.5918
vn -0.8589 -0.4077 -0.3100
vn 0.8681 -0.0800 -0.4899
vn 0.8051 0.5780 -0.1329
vn -0.7015 -0.1175 0.7029
vn -0.9477 0.1604 0.2760
vn 0.6245 0.7806 0.0263
vn 0.6781 0.6387 -0.3637
vn -0.0343 0.9976 0.0607
vn -0.2728 -0.3061 -0.9121
vn -0.4296 -0.4345 -0.7916
vn -0.2726 -0.3060 -0.9122
vn 0.6621 0.0780 -0.7453
vn 0.8471 0.2075 -0.4892
vn -0.4117 -0.9102 0.0450
vn -0.7850 -0.6013 0.1489
vn -0.2970 -0.4676 -0.8325
vn 0.1504 -0.1603 -0.9756
vn 0.4472 -0.1661 -0.8789
vn -0.6940 -0.5389 -0.4773
vn 0.9119 0.1785 -0.3695
vn 0.5839 0.7832 0.2138
vn -0.2971 -0.4677 -0.8324
vn 0.4051 -0.4393 -0.8018
vn 0.2411 -0.6320 -0.7365
vn 0.4053 -0.4392 -0.8017
vn 0.7191 0.0603 -0.6923
vn -0.2972 -0.4676 -0.8325
vn -0.9401 -0.3021 -0.1581
vn -0.8100 -0.5836 -0.0576
vn -0.8930 -0.4493 0.0251
vn -0.8944 -0.1782 -0.4102
vn -0.9488 -0.1002 0.2995
vn 0.8473 0.4943 -0.1943
vn -0.8173 -0.2452 0.5214
vn -0.6413 0.7122 0.2853
vn -0.1305 0.9747 0.1815
vn -0.4795 -0.7631 -0.4334
vn -0.4796 -0.7630 -0.4334
vn -0.5030 -0.6863 -0.5253
vn 0.7530 0.2577 -0.6054
vn 0.9517 0.0555 -0.3020
vn 0.9536 0.2912 -0.0767
vn -0.9914 -0.1145 -0.0637
vn -0.6560 -0.7156 0.2400
vn -0.9492 -0.3133 0.0301
vn -0.9842 -0.1638 0.0671
vn 0.9259 0.3588 -0.1183
vn 0.8051 0.5780 -0.1330
vn 0.1704 0.7318 0.6599
vn -0.0643 -0.8283 -0.5566
vn -0.4722 -0.8510 -0.2299
vn -0.7163 -0.6751 -0.1767
vn -0.9456 -0.3210 0.0524
vn 0.8606 0.3767 -0.3428
vn 0.8306 0.5486 -0.0954
vn 0.9160 0.3414 -0.2106
vn -0.9488 -0.1002 0.2996
vn 0.6246 0.7793 0.0513
vn -0.8597 -0.4745 -0.1892
vn 0.8903 0.2040 -0.4071
vn 0.6969 0.7007 0.1529
vn 0.1442 -0.6115 -0.7780
vn 0.1443 -0.6113 -0.7781
vn 0.2561 0.0426 -0.9657
vn -0.6395 -0.7180 -0.2750
vn -0.6456 0.4097 0.6444
vn -0.9967 0.0800 0.0135
vn 0.9685 -0.2303 0.0947
vn 0.8665 0.3936 0.3071
vn 0.8573 0.4837 0.1760
vn -0.8125 0.1298 0.5684
vn 0.4275 0.6562 0.6218
vn -0.0721 -0.9369 -0.3422
vn -0.0327 0.0554 -0.9979
vn 0.3255 -0.0673 -0.9432
vn 0.3134 0.4642 -0.8284
vn 0.8512 0.2800 -0.4440
vn -0.7307 -0.4631 0.5016
vn -0.8624 -0.2371 0.4473
vn 0.6970 0.7006 0.1529
vn -0.2964 0.4459 0.8446
vn 0.0546 -0.6240 -0.7795
vn 0.2854 -0.6094 -0.7397
vn 0.3067 -0.3757 -0.8745
vn 0.2756 0.3472 -0.8964
vn -0.4741 -0.8798 0.0328
vn 0.3473 0.6628 -0.6634
vn 0.9161 0.3975 0.0519
vn 0.9510 0.2602 0.1670
vn 0.6943 0.6094 0.3829
vn 0.0613 -0.9576 -0.2817
vn 0.0583 -0.9037 -0.4242
vn -0.7983 -0.5788 -0.1665
vn 0.0110 0.0237 -0.9997
vn 0.2880 -0.0174 -0.9575
vn -0.1164 0.7645 -0.6341
vn 0.8311 -0.5146 0.2109
vn 0.6942 0.6095 0.3829
vn 0.0493 0.4890 0.8709
vn 0.0546 -0.6242 -0.7793
vn 0.0581 -0.9038 -0.4239
vn 0.6015 0.1013 -0.7924
vn -0.3608 -0.9259 -0.1118
vn -0.5835 -0.8121 0.0026
vn 0.4222 0.6434 -0.6385
vn 0.4360 0.7713 -0.4638
vn 0.1706 0.8184 -0.5487
vn 0.2007 0.9414 -0.2710
vn -0.7267 -0.6676 0.1619
vn 0.8569 0.5036 -0.1103
vn 0.7303 0.6604 0.1747
vn 0.0615 -0.9576 -0.2815
vn 0.1439 -0.9894 -0.0171
vn -0.0721 -0.9370 -0.3419
vn 0.3431 -0.8237 -0.4514
vn 0.3066 -0.3759 -0.8745
vn 0.6014 0.1013 -0.7925
vn 0.5356 0.8180 -0.2096
vn -0.9309 -0.2027 0.3041
vn -0.8063 -0.3438 0.4814
vn 0.6957 0.4476 0.5618
vn -0.6607 0.0352 0.7498
vn -0.1340 -0.4857 -0.8638
vn 0.0379 -0.9717 -0.2333
vn 0.6529 -0.7573 0.0165
vn 0.8259 0.3715 0.4241
vn -0.6606 0.0351 0.7499
vn 0.4276 0.6561 0.6218
vn 0.3492 0.4492 0.8223
vn -0.3491 0.2708 0.8971
vn -0.1400 -0.9902 0.0037
vn 0.2595 0.9158 -0.3066
vn 0.2270 0.9698 0.0889
vn -0.6879 -0.6213 0.3753
vn 0.7365 0.0301 0.6757
vn 0.1102 -0.9915 0.0691
vn 0.1080 -0.9633 0.2459
vn -0.2671 -0.9340 0.2374
vn -0.6609 -0.3607 0.6581
vn 0.8537 0.5180 0.0529
vn 0.8344 0.2840 0.4723
vn -0.9005 0.0636 0.4302
vn 0.3490 0.4492 0.8225
vn -0.1107 -0.9678 0.2259
vn -0.6954 -0.7042 0.1436
vn -0.7452 -0.6020 0.2868
vn 0.6308 0.7750 0.0379
vn -0.8378 -0.3236 0.4398
vn 0.6635 0.5054 0.5516
vn 0.6149 0.3511 0.7061
vn -0.6588 -0.1714 0.7325
vn 0.6748 0.2786 0.6834
vn -0.2899 0.1417 0.9465
vn -0.3490 0.2707 0.8972
vn -0.1110 -0.9679 0.2257
vn 0.1061 -0.9263 0.3615
vn 0.1696 0.9369 0.3057
vn 0.6355 0.6871 0.3522
vn -0.8049 -0.0996 0.5850
vn -0.6638 0.1796 0.7260
vn -0.5215 -0.4435 0.7289
vn -0.2225 -0.7351 0.6404
vn 0.3461 -0.6465 0.6799
vn 0.6168 0.3447 0.7077
vn 0.4961 0.8072 0.3198
vn 0.0929 0.9665 0.2391
vn 0.4766 0.4655 0.7458
vn 0.3790 0.0390 0.9246
vn 0.4110 0.0346 0.9110
vn 0.4567 0.7347 0.5017
vn -0.5904 -0.0885 0.8022
vn 0.4720 -0.8705 0.1399
vn 0.4005 -0.5057 0.7641
vn 0.4358 -0.8754 -0.2091
vn 0.0197 -0.9949 0.0987
vn -0.1931 -0.9764 -0.0968
vn 0.3460 -0.6465 0.6799
vn 0.6168 0.3445 0.7077
vn -0.8518 -0.3491 0.3906
vn -0.5467 -0.5641 0.6188
vn 0.4087 -0.2020 0.8900
vn 0.3786 0.0724 0.9227
vn 0.4245 0.2526 0.8695
vn -0.1938 -0.9763 -0.0965
vn 0.1385 0.7793 0.6112
vn 0.6992 0.4064 0.5881
vn -0.0756 -0.0274 0.9968
vn -0.2134 -0.2956 0.9312
vn -0.0754 -0.0272 0.9968
vn 0.2119 -0.3324 0.9190
vn 0.1481 0.2175 0.9648
vn 0.1478 0.2174 0.9648
vn -0.1203 -0.6860 0.7176
vn -0.5972 -0.3577 0.7179
vn 0.2077 0.6363 0.7429
vn -0.2923 0.3307 0.8973
vn 0.1379 0.4143 0.8996
vn -0.2921 0.3308 0.8973
vn 0.2116 -0.3324 0.9191
vn -0.3317 -0.0566 0.9417
vn 0.3199 -0.9194 0.2289
vn 0.3245 0.2327 0.9168
vn 0.2078 0.6361 0.7431
vn 0.5065 0.7894 0.3467
vn -0.6320 -0.2183 0.7436
vn 0.4898 0.2788 0.8260
vn -0.5503 0.1393 0.8233
vn -0.0631 -0.0670 0.9958
vn -0.0629 -0.0669 0.9958
vn -0.2630 -0.6815 0.6829
vn -0.3500 -0.9172 0.1904
vn -0.0140 -0.3665 0.9303
vn -0.5572 -0.6315 0.5391
vn 0.7005 0.5080 0.5013
vn 0.2804 0.3050 0.9101
vn 0.5113 0.8556 0.0812
vn 0.6188 -0.0755 0.7819
vn 0.5586 0.7641 0.3227
vn 0.3969 -0.0166 0.9177
vn -0.0514 -0.9845 -0.1676
vn -0.1700 -0.1653 0.9715
vn 0.8534 -0.3975 0.3371
vn 0.2804 0.3048 0.9102
vn 0.7007 0.5078 0.5011
vn 0.5473 0.4019 0.7341
vn -0.4112 -0.1045 0.9055
vn -0.6098 0.0150 0.7924
vn 0.0965 0.2491 0.9637
vn 0.4719 -0.8705 0.1399
vn 0.7913 -0.5438 -0.2794
vn -0.6261 -0.1738 0.7601
vn 0.6273 0.6790 -0.3814
vn 0.5585 0.7642 0.3226
vn -0.3768 -0.3120 0.8721
vn -0.0109 0.0684 0.9976
vn -0.2097 0.0094 0.9777
vn -0.2095 0.0096 0.9778
vn -0.3641 -0.9267 0.0926
vn -0.6301 -0.3838 0.6750
vn 0.3731 0.8945 -0.2463
vn -0.6779 0.2496 0.6915
vn -0.3184 0.0647 0.9458
vn -0.3182 0.0645 0.9458
vn 0.2704 -0.9586 0.0890
vn 0.2706 -0.9586 0.0890
vn -0.7855 -0.6023 0.1422
vn -0.6780 0.2493 0.6915
vn 0.0652 0.3253 0.9434
vn 0.0130 0.7779 0.6283
vn -0.0111 0.0683 0.9976
vn 0.3011 -0.9306 -0.2083
vn 0.6727 0.4029 -0.6206
vn 0.6231 -0.3245 -0.7117
vn 0.0128 0.7780 0.6282
vn 0.0650 0.3254 0.9433
vn 0.0651 0.3252 0.9434
vn -0.5757 -0.3421 0.7427
vn -0.5838 -0.2674 0.7666
vn 0.0033 0.9109 0.4126
vn -0.1533 0.6437 0.7498
vn 0.1013 0.9049 0.4135
vn -0.2255 -0.9595 0.1686
vn 0.3009 -0.9307 -0.2081
vn -0.7388 -0.1947 0.6452
vn 0.2856 0.9583 -0.0093
vn 0.3398 -0.8323 -0.4380
vn -0.4690 -0.6017 0.6465
vn 0.9115 -0.2987 -0.2828
vn -0.3186 0.1194 0.9404
vn -0.1533 0.6435 0.7499
vn 0.3397 -0.8324 -0.4378
vn 0.1012 0.9048 0.4136
vn -0.4120 0.4361 0.8000
vn 0.9929 0.0237 -0.1166
vn 0.0031 0.9108 0.4128
vn -0.0521 -0.9986 0.0009
vn 0.9115 -0.2989 -0.2826
vn 0.6310 -0.7529 -0.1871
vn 0.5451 0.8312 0.1095
vn 0.8148 0.5793 -0.0206
vn 0.0430 -0.9963 0.0742
vn -0.4782 -0.8198 0.3149
vn -0.6395 -0.6812 0.3565
vn -0.3054 -0.1803 0.9350
vn -0.3405 0.5276 0.7782
vn -0.3404 0.5278 0.7782
vn 0.6192 0.6931 0.3691
vn -0.0040 0.7892 0.6142
vn -0.2647 -0.7140 0.6481
vn 0.8918 -0.2977 -0.3408
vn -0.5827 -0.4314 0.6887
vn -0.4578 -0.0153 0.8889
vn 0.6193 0.6930 0.3691
vn 0.6213 -0.7554 -0.2081
vn -0.4197 0.0810 0.9041
vn 0.0586 0.4273 0.9022
vn -0.0531 -0.7883 0.6130
vn -0.4827 -0.4593 0.7457
vn 0.9480 0.0951 0.3038
vn -0.2204 0.2968 0.9292
vn -0.0042 0.7890 0.6144
vn -0.3648 -0.2492 0.8971
vn -0.0116 0.0415 0.9991
vt 0.727590 0.464927
vt 0.727803 0.472287
vt 0.723640 0.464211
vt 0.731726 0.463698
vt 0.719111 0.467653
vt 0.728612 0.457510
vt 0.731878 0.460112
vt 0.727093 0.459104
vt 0.723901 0.457957
vt 0.735697 0.454632
vt 0.725916 0.454631
vt 0.717507 0.454564
vt 0.738906 0.460086
vt 0.721367 0.450459
vt 0.715437 0.448815
vt 0.718829 0.462058
vt 0.710103 0.467646
vt 0.711610 0.459556
vt 0.723889 0.446093
vt 0.718649 0.441570
vt 0.721282 0.438778
vt 0.730641 0.451402
vt 0.713887 0.456917
vt 0.725443 0.443215
vt 0.705174 0.434691
vt 0.715734 0.431863
vt 0.724100 0.435448
vt 0.732538 0.444215
vt 0.696768 0.432850
vt 0.707494 0.427352
vt 0.706761 0.431123
vt 0.705069 0.454934
vt 0.703801 0.454725
vt 0.580449 0.354211
vt 0.587045 0.364075
vt 0.578427 0.361972
vt 0.736241 0.450366
vt 0.575533 0.361676
vt 0.571343 0.355881
vt 0.692053 0.440583
vt 0.028135 0.608889
vt 0.018290 0.589768
vt 0.034079 0.608501
vt 0.014945 0.603614
vt 0.714929 0.424434
vt 0.738528 0.448483
vt 0.950391 0.237746
vt 0.927137 0.217967
vt 0.945772 0.214315
vt 0.937519 0.206649
vt 0.565118 0.361044
vt 0.564865 0.351467
vt 0.727634 0.428736
vt 0.581241 0.370208
vt 0.572872 0.366281
vt 0.745512 0.438029
vt 0.745895 0.447853
vt 0.042042 0.601992
vt 0.031043 0.592965
vt 0.043351 0.593503
vt 0.051299 0.602710
vt 0.095252 0.603031
vt 0.097512 0.598570
vt 0.102006 0.604527
vt 0.737971 0.440747
vt 0.931353 0.238093
vt 0.916677 0.224653
vt 0.721268 0.425208
vt 0.938911 0.195031
vt 0.952373 0.201879
vt 0.571100 0.369173
vt 0.101089 0.589607
vt 0.570592 0.367280
vt 0.071113 0.602450
vt 0.068821 0.589612
vt 0.086069 0.605659
vt 0.101489 0.576932
vt 0.566101 0.371538
vt 0.569459 0.370920
vt 0.020527 0.573327
vt 0.058748 0.605847
vt 0.057377 0.592694
vt 0.926394 0.194906
vt 0.912879 0.197039
vt 0.033626 0.576867
vt 0.918272 0.197294
vt 0.045198 0.580586
vt 0.937370 0.181448
vt 0.943668 0.179066
vt 0.905569 0.234031
vt 0.064790 0.572848
vt 0.903032 0.197314
vt 0.054667 0.572656
vt 0.045961 0.556675
vt 0.893220 0.232708
vt 0.885747 0.171628
vt 0.898146 0.230361
vt 0.030474 0.569840
vt 0.915915 0.168892
vt 0.041025 0.573643
vt 0.923418 0.162315
vt 0.911572 0.175171
vt 0.894608 0.170385
vt 0.928492 0.161423
vt 0.942582 0.169799
vt 0.033960 0.568586
vt 0.906645 0.164562
vt 0.036437 0.561232
vt 0.897816 0.169672
vt 0.026508 0.560778
vt 0.929428 0.155634
vt 0.706986 0.679490
vt 0.704984 0.689739
vt 0.698535 0.686146
vt 0.697270 0.666411
vt 0.692207 0.678741
vt 0.915984 0.161236
vt 0.446919 0.160179
vt 0.447376 0.158117
vt 0.448947 0.161867
vt 0.442565 0.161180
vt 0.449594 0.164894
vt 0.712055 0.622562
vt 0.704246 0.629933
vt 0.708377 0.619456
vt 0.703039 0.637511
vt 0.706424 0.652192
vt 0.685528 0.663507
vt 0.683027 0.698420
vt 0.043454 0.561073
vt 0.925696 0.154661
vt 0.453448 0.131451
vt 0.456863 0.156458
vt 0.712224 0.614983
vt 0.698388 0.613027
vt 0.455950 0.174669
vt 0.450772 0.184490
vt 0.696766 0.652438
vt 0.463628 0.211441
vt 0.468429 0.231429
vt 0.459929 0.224070
vt 0.455540 0.236826
vt 0.676641 0.689647
vt 0.916216 0.157234
vt 0.910447 0.166069
vt 0.704545 0.594531
vt 0.460078 0.192058
vt 0.695299 0.636124
vt 0.694193 0.645571
vt 0.693193 0.649621
vt 0.462485 0.195781
vt 0.442565 0.256136
vt 0.952373 0.124504
vt 0.929689 0.153487
vt 0.938507 0.129071
vt 0.716444 0.716239
vt 0.910835 0.161311
vt 0.706474 0.582368
vt 0.716444 0.588499
vt 0.459780 0.129802
vt 0.683811 0.633884
vt 0.702450 0.647708
vt 0.699685 0.646858
vt 0.682067 0.647801
vt 0.024094 0.555878
vt 0.024516 0.560469
vt 0.000575 0.546045
vt 0.900783 0.164794
vt 0.695397 0.597207
vt 0.465754 0.168480
vt 0.688485 0.645297
vt 0.470866 0.206850
vt 0.877157 0.157575
vt 0.867013 0.162105
vt 0.836462 0.152828
vt 0.673679 0.705909
vt 0.929351 0.136432
vt 0.039121 0.554973
vt 0.029563 0.557375
vt 0.915991 0.154119
vt 0.699987 0.582802
vt 0.468833 0.196232
vt 0.670289 0.676025
vt 0.473347 0.235377
vt 0.457589 0.263107
vt 0.883146 0.164820
vt 0.462397 0.122793
vt 0.706425 0.571479
vt 0.471448 0.160728
vt 0.686185 0.608906
vt 0.470975 0.182748
vt 0.682789 0.627827
vt 0.468773 0.190156
vt 0.476359 0.215813
vt 0.676682 0.647868
vt 0.659434 0.700304
vt 0.891690 0.159374
vt 0.895909 0.163169
vt 0.908063 0.159233
vt 0.911501 0.150522
vt 0.904838 0.159870
vt 0.455111 0.112852
vt 0.460781 0.112864
vt 0.711924 0.571624
vt 0.698352 0.571685
vt 0.673736 0.658979
vt 0.875783 0.162232
vt 0.880132 0.162429
vt 0.713509 0.567520
vt 0.707346 0.568782
vt 0.703801 0.567088
vt 0.465622 0.130821
vt 0.675313 0.641080
vt 0.904036 0.154145
vt 0.575753 0.007271
vt 0.561419 0.012741
vt 0.568633 0.008484
vt 0.701012 0.558875
vt 0.695190 0.561627
vt 0.456688 0.108810
vt 0.479504 0.189091
vt 0.479142 0.202180
vt 0.480029 0.212132
vt 0.854661 0.144123
vt 0.876327 0.150089
vt 0.659673 0.681473
vt 0.887055 0.159626
vt 0.898504 0.157306
vt 0.901977 0.156030
vt 0.569059 0.001417
vt 0.469536 0.105858
vt 0.464143 0.112460
vt 0.696793 0.566624
vt 0.687596 0.572525
vt 0.676188 0.600997
vt 0.481477 0.176610
vt 0.482464 0.194626
vt 0.481322 0.224637
vt 0.486784 0.242591
vt 0.665749 0.664167
vt 0.925609 0.128611
vt 0.901539 0.152622
vt 0.562754 0.006671
vt 0.471172 0.120617
vt 0.476305 0.126266
vt 0.483895 0.163708
vt 0.678579 0.618190
vt 0.671500 0.626395
vt 0.665507 0.650415
vt 0.496529 0.263447
vt 0.907505 0.148789
vt 0.475781 0.143990
vt 0.671871 0.646702
vt 0.908401 0.143684
vt 0.554771 0.011839
vt 0.702637 0.554624
vt 0.695023 0.555213
vt 0.472646 0.113885
vt 0.896111 0.155388
vt 0.484465 0.184477
vt 0.664627 0.645702
vt 0.655739 0.669198
vt 0.652899 0.680948
vt 0.889149 0.151907
vt 0.902890 0.141348
vt 0.556388 0.008415
vt 0.694305 0.551403
vt 0.692008 0.547745
vt 0.687816 0.551877
vt 0.688318 0.566330
vt 0.492345 0.204298
vt 0.492300 0.225392
vt 0.651936 0.718609
vt 0.895502 0.147442
vt 0.696728 0.549987
vt 0.694396 0.545137
vt 0.692577 0.540578
vt 0.687113 0.546028
vt 0.478412 0.122068
vt 0.686205 0.561372
vt 0.671115 0.614363
vt 0.664834 0.638839
vt 0.642064 0.703600
vt 0.542822 0.013301
vt 0.697996 0.545393
vt 0.480419 0.110164
vt 0.688998 0.540815
vt 0.687238 0.535768
vt 0.683240 0.543333
vt 0.664262 0.642269
vt 0.905565 0.131993
vt 0.897062 0.140609
vt 0.547334 0.019839
vt 0.541109 0.023330
vt 0.687046 0.526326
vt 0.478916 0.103592
vt 0.483694 0.117596
vt 0.684221 0.535462
vt 0.683931 0.552451
vt 0.683015 0.547621
vt 0.681796 0.559090
vt 0.485646 0.126799
vt 0.678241 0.568097
vt 0.664939 0.630313
vt 0.473225 0.079169
vt 0.477226 0.081942
vt 0.469970 0.091646
vt 0.533785 0.042283
vt 0.543131 0.034107
vt 0.535702 0.054780
vt 0.679955 0.563576
vt 0.490485 0.165680
vt 0.494062 0.192173
vt 0.644364 0.676818
vt 0.881158 0.138624
vt 0.684893 0.523990
vt 0.685556 0.522008
vt 0.681815 0.523683
vt 0.663120 0.611796
vt 0.508026 0.259065
vt 0.625916 0.714019
vt 0.635477 0.688794
vt 0.890043 0.136995
vt 0.482809 0.091770
vt 0.531240 0.048786
vt 0.681005 0.540034
vt 0.679827 0.549772
vt 0.492212 0.128159
vt 0.653065 0.643517
vt 0.531720 0.018413
vt 0.526474 0.033655
vt 0.491532 0.101839
vt 0.487633 0.088708
vt 0.681273 0.529050
vt 0.665848 0.571202
vt 0.496566 0.182008
vt 0.891169 0.121319
vt 0.485430 0.078886
vt 0.491465 0.107310
vt 0.492967 0.117627
vt 0.673892 0.565909
vt 0.495462 0.156665
vt 0.657719 0.619462
vt 0.653786 0.636848
vt 0.503421 0.221246
vt 0.645617 0.657219
vt 0.514484 0.233808
vt 0.514277 0.266232
vt 0.532227 0.012342
vt 0.523447 0.023607
vt 0.678137 0.552078
vt 0.670737 0.567455
vt 0.500056 0.166152
vt 0.504671 0.182788
vt 0.501598 0.196689
vt 0.681121 0.520008
vt 0.531204 0.056277
vt 0.527400 0.048559
vt 0.677230 0.527061
vt 0.677477 0.534506
vt 0.676971 0.542884
vt 0.651343 0.621023
vt 0.648836 0.637861
vt 0.678286 0.523622
vt 0.669312 0.559508
vt 0.504014 0.191107
vt 0.520203 0.020048
vt 0.522248 0.037912
vt 0.493061 0.088544
vt 0.495571 0.083582
vt 0.497906 0.078440
vt 0.675911 0.522064
vt 0.523422 0.053667
vt 0.498357 0.110582
vt 0.499220 0.125714
vt 0.644190 0.642691
vt 0.642769 0.649519
vt 0.639074 0.660417
vt 0.527052 0.246738
vt 0.523354 0.012685
vt 0.673083 0.547429
vt 0.664546 0.565276
vt 0.509177 0.192098
vt 0.507982 0.197760
vt 0.638022 0.637056
vt 0.639556 0.641692
vt 0.634091 0.663226
vt 0.520578 0.221130
vt 0.521142 0.029971
vt 0.504005 0.118653
vt 0.672695 0.536919
vt 0.511106 0.183350
vt 0.643911 0.622295
vt 0.635150 0.628045
vt 0.512502 0.197149
vt 0.511808 0.218898
vt 0.496550 0.086723
vt 0.517057 0.038171
vt 0.513458 0.038414
vt 0.670027 0.554075
vt 0.505646 0.159151
vt 0.649550 0.602171
vt 0.507909 0.169588
vt 0.514274 0.207593
vt 0.635209 0.651403
vt 0.499849 0.102825
vt 0.500199 0.093525
vt 0.517870 0.025346
vt 0.498236 0.106978
vt 0.668179 0.545982
vt 0.670282 0.543671
vt 0.665860 0.556750
vt 0.657737 0.564785
vt 0.661414 0.562360
vt 0.654011 0.569400
vt 0.503505 0.076889
vt 0.517507 0.028371
vt 0.517480 0.021852
vt 0.514157 0.026318
vt 0.511421 0.024758
vt 0.657878 0.568059
vt 0.508854 0.146595
vt 0.508693 0.164067
vt 0.640826 0.609468
vt 0.498990 0.070847
vt 0.510604 0.018537
vt 0.503029 0.109672
vt 0.498017 0.025254
vt 0.502512 0.020734
vt 0.489935 0.026557
vt 0.507253 0.127678
vt 0.639796 0.594019
vt 0.514332 0.160415
vt 0.633571 0.604947
vt 0.504343 0.088067
vt 0.505328 0.099839
vt 0.495232 0.020990
vt 0.460973 0.027369
vt 0.473094 0.025130
vt 0.472866 0.028264
vt 0.513746 0.123007
vt 0.506412 0.074602
vt 0.514046 0.015929
vt 0.505007 0.094366
vt 0.511214 0.106433
vt 0.649380 0.568452
vt 0.650306 0.565256
vt 0.517925 0.147913
vt 0.511196 0.012140
vt 0.500062 0.013896
vt 0.505730 0.012638
vt 0.476823 0.026055
vt 0.476130 0.027508
vt 0.515580 0.122762
vt 0.507347 0.103137
vt 0.510163 0.102954
vt 0.487444 0.019276
vt 0.475013 0.023162
vt 0.482262 0.023402
vt 0.509747 0.077919
vt 0.508700 0.070438
vt 0.509098 0.092715
vt 0.493147 0.013879
vt 0.506531 0.009699
vt 0.509388 0.089236
vt 0.500501 0.006802
vt 0.509767 0.099508
vt 0.512499 0.103197
vt 0.511271 0.065380
vt 0.513364 0.098380
vt 0.512456 0.093612
vt 0.497585 0.007270
vt 0.517019 0.087728
vt 0.513085 0.069371
vt 0.512122 0.048012
vt 0.512976 0.055091
vt 0.492184 0.011600
vt 0.494736 0.009111
vt 0.514829 0.062888
vt 0.513326 0.075678
vt 0.511743 0.081921
vt 0.511780 0.087374
vt 0.515186 0.087360
vt 0.481714 0.017459
vt 0.490390 0.003168
vt 0.484573 0.011537
vt 0.516162 0.070362
vt 0.515662 0.056336
vt 0.515171 0.077296
vt 0.513758 0.084703
vt 0.521462 0.057487
vt 0.516957 0.059447
vt 0.518496 0.077431
vt 0.484916 0.001417
vt 0.517589 0.061714
vt 0.519234 0.067256
vt 0.520184 0.060883
vt 0.521913 0.074268
vt 0.524907 0.075825
vt 0.524420 0.063102
vt 0.521500 0.068760
vt 0.520951 0.063282
s 1
usemtl Material_0
f 4649/4165/4057 4646/4166/4058 4650/4167/4059
f 4648/4168/4060 4646/4166/4058 4649/4165/4057
f 4650/4167/4059 4646/4166/4058 4647/4169/4061
f 4651/4170/4062 4652/4171/4063 4653/4172/4064
f 4652/4171/4063 4648/4168/4060 4653/4172/4064
f 4648/4168/4060 4649/4165/4057 4653/4172/4064
f 4653/4172/4064 4649/4165/4057 4654/4173/4065
f 4651/4170/4062 4655/4174/4066 4652/4171/4063
f 4653/4172/4064 4656/4175/4067 4651/4170/4062
f 4654/4173/4065 4628/4176/4068 4656/4175/4067
f 4656/4175/4067 4653/4172/4064 4654/4173/4065
f 4648/4168/4060 4652/4171/4063 4645/4177/4069
f 4628/4176/4068 4657/4178/4070 4656/4175/4067
f 4628/4176/4068 4658/4179/4071 4657/4178/4070
f 4649/4165/4057 4659/4180/4072 4654/4173/4065
f 4659/4180/4072 4628/4176/4068 4654/4173/4065
f 4649/4165/4057 4650/4167/4059 4659/4180/4072
f 4650/4167/4059 4647/4169/4061 4659/4180/4072
f 4612/4181/4073 4620/4182/4074 4647/4169/4061
f 4651/4170/4062 4656/4175/4067 4655/4174/4066
f 4660/4183/4075 4657/4178/4070 4661/4184/4076
f 4657/4178/4070 4658/4179/4071 4661/4184/4076
f 4661/4184/4076 4662/4185/4077 4660/4183/4075
f 4660/4183/4075 4663/4186/4078 4657/4178/4070
f 4645/4177/4069 4652/4171/4063 4655/4174/4066
f 4659/4180/4072 4636/4187/4079 4628/4176/4068
f 4647/4169/4061 4620/4182/4074 4659/4180/4072
f 4664/4188/4080 4663/4186/4078 4660/4183/4075
f 4656/4175/4067 4663/4186/4078 4655/4174/4066
f 4656/4175/4067 4657/4178/4070 4663/4186/4078
f 4658/4179/4071 4622/4189/4081 4661/4184/4076
f 4628/4176/4068 4622/4189/4081 4658/4179/4071
f 4660/4183/4075 4662/4185/4077 4664/4188/4080
f 4661/4184/4076 4665/4190/4082 4662/4185/4077
f 4659/4180/4072 4620/4182/4074 4636/4187/4079
f 4662/4185/4077 4666/4191/4083 4664/4188/4080
f 4664/4188/4080 4606/4192/4084 4663/4186/4078
f 4622/4189/4081 4628/4176/4068 4626/4193/4085
f 4664/4188/4080 4666/4191/4083 4606/4192/4084
f 4665/4190/4082 4661/4184/4076 4642/4194/4086
f 4622/4189/4081 4624/4195/4087 4661/4184/4076
f 4620/4182/4074 4618/4196/4088 4636/4187/4079
f 4612/4181/4073 4616/4197/4089 4620/4182/4074
f 4611/4198/4090 4613/4199/4091 4615/4200/4092
f 4655/4174/4066 4663/4186/4078 4667/4201/4093
f 4661/4184/4076 4624/4195/4087 4642/4194/4086
f 4617/4202/4094 4619/4203/4074 4615/4200/4092
f 4666/4191/4083 4662/4185/4077 4665/4190/4082
f 4667/4201/4093 4663/4186/4078 4606/4192/4084
f 4636/4187/4079 4630/4204/4095 4628/4176/4068
f 4621/4205/4096 4532/4206/4097 4623/4207/4098
f 4625/4208/4099 4532/4206/4097 4621/4205/4096
f 4665/4190/4082 4610/4209/4100 4666/4191/4083
f 4606/4192/4084 4596/4210/4101 4667/4201/4093
f 4629/4211/4068 4631/4212/4102 4627/4213/4103
f 4627/4213/4103 4631/4212/4102 4632/4214/4104
f 4617/4202/4094 4633/4215/4105 4635/4216/4106
f 4666/4191/4083 4604/4217/4107 4606/4192/4084
f 4665/4190/4082 4642/4194/4086 4610/4209/4100
f 4615/4200/4092 4638/4218/4108 4639/4219/4109
f 4615/4200/4092 4613/4199/4091 4638/4218/4108
f 4596/4210/4101 4601/4220/4110 4668/4221/4111
f 4641/4222/4112 4623/4207/4098 4528/4223/4113
f 4615/4200/4092 4639/4219/4109 4617/4202/4094
f 4641/4222/4112 4536/4224/4114 4609/4225/4115
f 4595/4226/4116 4597/4227/4117 4599/4228/4118
f 4606/4192/4084 4598/4229/4119 4596/4210/4101
f 4623/4207/4098 4532/4206/4097 4528/4223/4113
f 4617/4202/4094 4639/4219/4109 4633/4215/4105
f 4637/4230/4106 4634/4231/4105 4631/4212/4102
f 4610/4209/4100 4608/4232/4120 4666/4191/4083
f 4641/4222/4112 4528/4223/4113 4536/4224/4114
f 4666/4191/4083 4608/4232/4120 4604/4217/4107
f 4627/4213/4103 4535/4233/4121 4533/4234/4122
f 4638/4218/4108 4643/4235/4123 4639/4219/4109
f 4597/4227/4117 4602/4236/4124 4599/4228/4118
f 4556/4237/4125 4639/4219/4109 4643/4235/4123
f 4535/4233/4121 4627/4213/4103 4632/4214/4104
f 4603/4238/4126 4594/4239/4127 4605/4240/4128
f 4597/4227/4117 4591/4241/4129 4602/4236/4124
f 4592/4242/4130 4643/4235/4123 4644/4243/4131
f 4605/4240/4128 4594/4239/4127 4597/4227/4117
f 4532/4206/4097 4529/4244/4132 4528/4223/4113
f 4643/4235/4123 4592/4242/4130 4556/4237/4125
f 4607/4245/4133 4540/4246/4134 4603/4238/4126
f 4631/4212/4102 4543/4247/4135 4632/4214/4104
f 4634/4231/4105 4547/4248/4136 4631/4212/4102
f 4528/4223/4113 4531/4249/4137 4536/4224/4114
f 4631/4212/4102 4546/4250/4138 4543/4247/4135
f 4609/4225/4115 4540/4246/4134 4607/4245/4133
f 4536/4224/4114 4537/4251/4139 4609/4225/4115
f 4528/4223/4113 4529/4244/4132 4531/4249/4137
f 4533/4234/4122 4534/4252/4140 4530/4253/4141
f 4533/4234/4122 4535/4233/4121 4534/4252/4140
f 4536/4224/4114 4531/4249/4137 4537/4251/4139
f 4609/4225/4115 4537/4251/4139 4540/4246/4134
f 4540/4246/4134 4594/4239/4127 4603/4238/4126
f 4535/4233/4121 4632/4214/4104 4543/4247/4135
f 4640/4254/4142 4547/4248/4136 4634/4231/4105
f 4564/4255/4143 4597/4227/4117 4594/4239/4127
f 4591/4241/4129 4597/4227/4117 4564/4255/4143
f 4631/4212/4102 4547/4248/4136 4546/4250/4138
f 4640/4254/4142 4549/4256/4144 4547/4248/4136
f 4540/4246/4134 4541/4257/4145 4594/4239/4127
f 4591/4241/4129 4564/4255/4143 4553/4258/4146
f 4593/4259/4147 4554/4260/4148 4557/4261/4149
f 4557/4261/4149 4549/4256/4144 4640/4254/4142
f 4529/4244/4132 4538/4262/4150 4531/4249/4137
f 4540/4246/4134 4537/4251/4139 4541/4257/4145
f 4535/4233/4121 4542/4263/4151 4534/4252/4140
f 4535/4233/4121 4543/4247/4135 4542/4263/4151
f 4531/4249/4137 4544/4264/4152 4537/4251/4139
f 4594/4239/4127 4541/4257/4145 4564/4255/4143
f 4531/4249/4137 4538/4262/4150 4544/4264/4152
f 4534/4252/4140 4545/4265/4153 4530/4253/4141
f 4534/4252/4140 4542/4263/4151 4545/4265/4153
f 4546/4250/4138 4547/4248/4136 4548/4266/4154
f 4555/4267/4155 4549/4256/4144 4557/4261/4149
f 4549/4256/4144 4548/4266/4154 4547/4248/4136
f 4537/4251/4139 4544/4264/4152 4541/4257/4145
f 4530/4253/4141 4545/4265/4153 4550/4268/4156
f 4539/4269/4157 4530/4253/4141 4550/4268/4156
f 4538/4262/4150 4551/4270/4158 4544/4264/4152
f 4549/4256/4144 4552/4271/4159 4548/4266/4154
f 4546/4250/4138 4548/4266/4154 4543/4247/4135
f 4554/4260/4148 4555/4267/4155 4557/4261/4149
f 4543/4247/4135 4548/4266/4154 4542/4263/4151
f 4544/4264/4152 4558/4272/4160 4541/4257/4145
f 4551/4270/4158 4558/4272/4160 4544/4264/4152
f 4555/4267/4155 4559/4273/4161 4549/4256/4144
f 4551/4270/4158 4538/4262/4150 4560/4274/4162
f 4550/4268/4156 4561/4275/4163 4539/4269/4157
f 4549/4256/4144 4559/4273/4161 4552/4271/4159
f 4171/4276/4164 4174/4277/4165 4175/4278/4166
f 4171/4276/4164 4175/4278/4166 4177/4279/4167
f 4177/4279/4167 4175/4278/4166 4178/4280/4168
f 4551/4270/4158 4560/4274/4162 4558/4272/4160
f 4542/4263/4151 4562/4281/4169 4545/4265/4153
f 4486/4282/4170 4487/4283/4171 4489/4284/4172
f 4486/4282/4170 4490/4285/4173 4487/4283/4171
f 4486/4282/4170 4489/4284/4172 4490/4285/4173
f 4489/4284/4172 4492/4286/4174 4490/4285/4173
f 4493/4287/4175 4494/4288/4176 4491/4289/4177
f 4493/4287/4175 4190/4290/4178 4494/4288/4176
f 4180/4291/4179 4171/4276/4164 4177/4279/4167
f 4177/4279/4167 4178/4280/4168 4181/4292/4180
f 4175/4278/4166 4182/4293/4181 4178/4280/4168
f 4541/4257/4145 4563/4294/4182 4564/4255/4143
f 4564/4255/4143 4563/4294/4182 4553/4258/4146
f 4550/4268/4156 4565/4295/4183 4561/4275/4163
f 4550/4268/4156 4545/4265/4153 4565/4295/4183
f 4495/4296/4184 4497/4297/4185 4487/4283/4171
f 4487/4283/4171 4497/4297/4185 4489/4284/4172
f 4488/4298/4186 4491/4289/4177 4498/4299/4187
f 4497/4297/4185 4499/4300/4188 4492/4286/4174
f 4497/4297/4185 4492/4286/4174 4489/4284/4172
f 4499/4300/4188 4189/4301/4189 4492/4286/4174
f 4177/4279/4167 4184/4302/4190 4180/4291/4179
f 4185/4303/4191 4186/4304/4192 4170/4305/4193
f 4170/4305/4193 4186/4304/4192 4173/4306/4194
f 4181/4292/4180 4178/4280/4168 4188/4307/4195
f 4178/4280/4168 4182/4293/4181 4188/4307/4195
f 4541/4257/4145 4558/4272/4160 4563/4294/4182
f 4545/4265/4153 4562/4281/4169 4566/4308/4196
f 4548/4266/4154 4567/4309/4197 4542/4263/4151
f 4488/4298/4186 4498/4299/4187 4500/4310/4198
f 4491/4289/4177 4494/4288/4176 4498/4299/4187
f 4499/4300/4188 4200/4311/4199 4189/4301/4189
f 4494/4288/4176 4192/4312/4200 4498/4299/4187
f 4190/4290/4178 4192/4312/4200 4494/4288/4176
f 4190/4290/4178 4191/4313/4201 4192/4312/4200
f 4184/4302/4190 4177/4279/4167 4193/4314/4202
f 4179/4315/4203 4185/4303/4191 4170/4305/4193
f 4193/4314/4202 4177/4279/4167 4181/4292/4180
f 4186/4304/4192 4195/4316/4204 4173/4306/4194
f 4176/4317/4205 4199/4318/4206 4183/4319/4207
f 4174/4277/4165 4198/4320/4208 4175/4278/4166
f 4561/4275/4163 4565/4295/4183 4199/4318/4206
f 4565/4295/4183 4545/4265/4153 4566/4308/4196
f 4562/4281/4169 4542/4263/4151 4568/4321/4209
f 4568/4321/4209 4542/4263/4151 4567/4309/4197
f 4567/4309/4197 4548/4266/4154 4552/4271/4159
f 4501/4322/4210 4496/4323/4211 4500/4310/4198
f 4502/4324/4212 4497/4297/4185 4495/4296/4184
f 4488/4298/4186 4500/4310/4198 4496/4323/4211
f 4192/4312/4200 4205/4325/4213 4498/4299/4187
f 4190/4290/4178 4201/4326/4214 4202/4327/4215
f 4190/4290/4178 4202/4327/4215 4191/4313/4201
f 4180/4291/4179 4184/4302/4190 4202/4327/4215
f 4184/4302/4190 4193/4314/4202 4191/4313/4201
f 4202/4327/4215 4184/4302/4190 4191/4313/4201
f 4193/4314/4202 4181/4292/4180 4203/4328/4216
f 4194/4329/4217 4197/4330/4218 4172/4331/4194
f 4559/4273/4161 4569/4332/4219 4552/4271/4159
f 4500/4310/4198 4503/4333/4220 4501/4322/4210
f 4500/4310/4198 4498/4299/4187 4503/4333/4220
f 4497/4297/4185 4504/4334/4221 4499/4300/4188
f 4499/4300/4188 4504/4334/4221 4200/4311/4199
f 4192/4312/4200 4204/4335/4222 4205/4325/4213
f 4204/4335/4222 4192/4312/4200 4191/4313/4201
f 4185/4303/4191 4206/4336/4223 4186/4304/4192
f 4214/4337/4224 4196/4338/4225 4187/4339/4226
f 4182/4293/4181 4207/4340/4227 4188/4307/4195
f 4199/4318/4206 4208/4341/4228 4183/4319/4207
f 4558/4272/4160 4570/4342/4229 4563/4294/4182
f 4572/4343/4230 4560/4274/4162 4197/4330/4218
f 4565/4295/4183 4566/4308/4196 4574/4344/4231
f 4562/4281/4169 4568/4321/4209 4566/4308/4196
f 4567/4309/4197 4552/4271/4159 4568/4321/4209
f 4501/4322/4210 4503/4333/4220 4418/4345/4232
f 4202/4327/4215 4201/4326/4214 4180/4291/4179
f 4209/4346/4233 4185/4303/4191 4179/4315/4203
f 4193/4314/4202 4204/4335/4222 4191/4313/4201
f 4204/4335/4222 4193/4314/4202 4203/4328/4216
f 4188/4307/4195 4210/4347/4234 4181/4292/4180
f 4211/4348/4235 4213/4349/4224 4186/4304/4192
f 4194/4329/4217 4572/4343/4230 4197/4330/4218
f 4558/4272/4160 4572/4343/4230 4570/4342/4229
f 4560/4274/4162 4572/4343/4230 4558/4272/4160
f 4199/4318/4206 4574/4344/4231 4208/4341/4228
f 4554/4260/4148 4571/4350/4236 4555/4267/4155
f 4574/4344/4231 4199/4318/4206 4565/4295/4183
f 4568/4321/4209 4574/4344/4231 4566/4308/4196
f 4505/4351/4237 4502/4324/4212 4495/4296/4184
f 4501/4322/4210 4407/4352/4238 4496/4323/4211
f 4497/4297/4185 4506/4353/4239 4504/4334/4221
f 4498/4299/4187 4507/4354/4240 4503/4333/4220
f 4504/4334/4221 4220/4355/4241 4200/4311/4199
f 4498/4299/4187 4205/4325/4213 4508/4356/4242
f 4179/4315/4203 4215/4357/4243 4209/4346/4233
f 4179/4315/4203 4200/4311/4199 4215/4357/4243
f 4209/4346/4233 4206/4336/4223 4185/4303/4191
f 4186/4304/4192 4206/4336/4223 4216/4358/4244
f 4203/4328/4216 4181/4292/4180 4217/4359/4245
f 4186/4304/4192 4216/4358/4244 4211/4348/4235
f 4188/4307/4195 4218/4360/4246 4210/4347/4234
f 4563/4294/4182 4570/4342/4229 4553/4258/4146
f 4571/4350/4236 4575/4361/4247 4555/4267/4155
f 4575/4361/4247 4576/4362/4248 4555/4267/4155
f 4555/4267/4155 4576/4362/4248 4559/4273/4161
f 4574/4344/4231 4577/4363/4249 4578/4364/4250
f 4574/4344/4231 4568/4321/4209 4577/4363/4249
f 4559/4273/4161 4576/4362/4248 4569/4332/4219
f 4568/4321/4209 4552/4271/4159 4577/4363/4249
f 4569/4332/4219 4579/4365/4251 4552/4271/4159
f 4495/4296/4184 4405/4366/4252 4412/4367/4253
f 4495/4296/4184 4412/4367/4253 4505/4351/4237
f 4407/4352/4238 4406/4368/4254 4496/4323/4211
f 4501/4322/4210 4413/4369/4255 4407/4352/4238
f 4501/4322/4210 4418/4345/4232 4413/4369/4255
f 4502/4324/4212 4506/4353/4239 4497/4297/4185
f 4507/4354/4240 4498/4299/4187 4508/4356/4242
f 4200/4311/4199 4220/4355/4241 4215/4357/4243
f 4181/4292/4180 4221/4370/4256 4217/4359/4245
f 4181/4292/4180 4210/4347/4234 4221/4370/4256
f 4218/4360/4246 4188/4307/4195 4207/4340/4227
f 4196/4338/4225 4214/4337/4224 4573/4371/4257
f 4571/4350/4236 4573/4371/4257 4580/4372/4258
f 4208/4341/4228 4574/4344/4231 4578/4364/4250
f 4569/4332/4219 4576/4362/4248 4579/4365/4251
f 4552/4271/4159 4579/4365/4251 4577/4363/4249
f 4402/4373/4259 4403/4374/4260 4404/4375/4261
f 4403/4374/4260 4402/4373/4259 4406/4368/4254
f 4406/4368/4254 4407/4352/4238 4403/4374/4260
f 4403/4374/4260 4407/4352/4238 4404/4375/4261
f 4502/4324/4212 4505/4351/4237 4509/4376/4262
f 4502/4324/4212 4509/4376/4262 4506/4353/4239
f 4204/4335/4222 4203/4328/4216 4222/4377/4263
f 4222/4377/4263 4203/4328/4216 4217/4359/4245
f 4214/4337/4224 4580/4372/4258 4573/4371/4257
f 4577/4363/4249 4581/4378/4264 4578/4364/4250
f 4579/4365/4251 4581/4378/4264 4577/4363/4249
f 4401/4379/4265 4408/4380/4266 4410/4381/4267
f 4402/4373/4259 4404/4375/4261 4409/4382/4268
f 4404/4375/4261 4411/4383/4269 4409/4382/4268
f 4400/4384/4270 4412/4367/4253 4405/4366/4252
f 4407/4352/4238 4413/4369/4255 4404/4375/4261
f 4506/4353/4239 4220/4355/4241 4504/4334/4221
f 4209/4346/4233 4223/4385/4271 4224/4386/4272
f 4209/4346/4233 4224/4386/4272 4206/4336/4223
f 4205/4325/4213 4222/4377/4263 4508/4356/4242
f 4205/4325/4213 4204/4335/4222 4222/4377/4263
f 4206/4336/4223 4225/4387/4273 4216/4358/4244
f 4214/4337/4224 4212/4388/4274 4233/4389/4275
f 4210/4347/4234 4218/4360/4246 4226/4390/4276
f 4214/4337/4224 4582/4391/4277 4580/4372/4258
f 4571/4350/4236 4580/4372/4258 4582/4391/4277
f 4576/4362/4248 4583/4392/4278 4579/4365/4251
f 4579/4365/4251 4584/4393/4279 4581/4378/4264
f 4410/4381/4267 4415/4394/4280 4401/4379/4265
f 4414/4395/4281 4416/4396/4282 4400/4384/4270
f 4416/4396/4282 4412/4367/4253 4400/4384/4270
f 4411/4383/4269 4404/4375/4261 4417/4397/4283
f 4404/4375/4261 4413/4369/4255 4417/4397/4283
f 4413/4369/4255 4418/4345/4232 4419/4398/4284
f 4503/4333/4220 4507/4354/4240 4441/4399/4285
f 4220/4355/4241 4506/4353/4239 4234/4400/4286
f 4220/4355/4241 4223/4385/4271 4215/4357/4243
f 4215/4357/4243 4223/4385/4271 4209/4346/4233
f 4223/4385/4271 4227/4401/4287 4224/4386/4272
f 4206/4336/4223 4224/4386/4272 4225/4387/4273
f 4216/4358/4244 4228/4402/4288 4211/4348/4235
f 4228/4402/4288 4229/4403/4289 4211/4348/4235
f 4221/4370/4256 4210/4347/4234 4230/4404/4290
f 4208/4341/4228 4578/4364/4250 4219/4405/4291
f 4571/4350/4236 4582/4391/4277 4575/4361/4247
f 4578/4364/4250 4581/4378/4264 4585/4406/4292
f 4579/4365/4251 4583/4392/4278 4584/4393/4279
f 4415/4394/4280 4410/4381/4267 4420/4407/4293
f 4510/4408/4294 4505/4351/4237 4416/4396/4282
f 4416/4396/4282 4505/4351/4237 4412/4367/4253
f 4509/4376/4262 4505/4351/4237 4511/4409/4295
f 4419/4398/4284 4418/4345/4232 4503/4333/4220
f 4512/4410/4296 4234/4400/4286 4506/4353/4239
f 4507/4354/4240 4508/4356/4242 4513/4411/4297
f 4508/4356/4242 4222/4377/4263 4245/4412/4298
f 4217/4359/4245 4221/4370/4256 4231/4413/4299
f 4229/4403/4289 4232/4414/4300 4211/4348/4235
f 4233/4389/4275 4582/4391/4277 4214/4337/4224
f 4575/4361/4247 4583/4392/4278 4576/4362/4248
f 4586/4415/4301 4578/4364/4250 4585/4406/4292
f 4420/4407/4293 4410/4381/4267 4408/4380/4266
f 4509/4376/4262 4514/4416/4302 4506/4353/4239
f 4234/4400/4286 4223/4385/4271 4220/4355/4241
f 4217/4359/4245 4235/4417/4303 4222/4377/4263
f 4225/4387/4273 4228/4402/4288 4216/4358/4244
f 4217/4359/4245 4231/4413/4299 4235/4417/4303
f 4210/4347/4234 4226/4390/4276 4230/4404/4290
f 4243/4418/4304 4578/4364/4250 4586/4415/4301
f 4584/4393/4279 4583/4392/4278 4585/4406/4292
f 4584/4393/4279 4585/4406/4292 4581/4378/4264
f 4420/4407/4293 4408/4380/4266 4421/4419/4305
f 4422/4420/4306 4409/4382/4268 4423/4421/4307
f 4409/4382/4268 4411/4383/4269 4423/4421/4307
f 4416/4396/4282 4433/4422/4308 4510/4408/4294
f 4505/4351/4237 4510/4408/4294 4511/4409/4295
f 4509/4376/4262 4511/4409/4295 4514/4416/4302
f 4507/4354/4240 4513/4411/4297 4441/4399/4285
f 4508/4356/4242 4245/4412/4298 4513/4411/4297
f 4221/4370/4256 4230/4404/4290 4231/4413/4299
f 4219/4405/4291 4578/4364/4250 4243/4418/4304
f 4582/4391/4277 4587/4423/4309 4575/4361/4247
f 4575/4361/4247 4587/4423/4309 4583/4392/4278
f 4514/4416/4302 4512/4410/4296 4506/4353/4239
f 4234/4400/4286 4236/4424/4310 4223/4385/4271
f 4235/4417/4303 4231/4413/4299 4237/4425/4311
f 4226/4390/4276 4238/4426/4312 4230/4404/4290
f 4226/4390/4276 4239/4427/4313 4238/4426/4312
f 4218/4360/4246 4239/4427/4313 4226/4390/4276
f 4582/4391/4277 4233/4389/4275 4588/4428/4314
f 4252/4429/4315 4586/4415/4301 4585/4406/4292
f 4586/4415/4301 4252/4429/4315 4243/4418/4304
f 4587/4423/4309 4585/4406/4292 4583/4392/4278
f 4421/4419/4305 4425/4430/4316 4420/4407/4293
f 4426/4431/4317 4423/4421/4307 4427/4432/4318
f 4423/4421/4307 4428/4433/4319 4427/4432/4318
f 4413/4369/4255 4429/4434/4320 4417/4397/4283
f 4413/4369/4255 4419/4398/4284 4429/4434/4320
f 4224/4386/4272 4240/4435/4321 4225/4387/4273
f 4225/4387/4273 4241/4436/4322 4228/4402/4288
f 4228/4402/4288 4241/4436/4322 4229/4403/4289
f 4218/4360/4246 4242/4437/4323 4239/4427/4313
f 4588/4428/4314 4587/4423/4309 4582/4391/4277
f 4589/4438/4324 4585/4406/4292 4587/4423/4309
f 4420/4407/4293 4425/4430/4316 4415/4394/4280
f 4422/4420/4306 4423/4421/4307 4431/4439/4325
f 4431/4439/4325 4423/4421/4307 4426/4431/4317
f 4426/4431/4317 4432/4440/4326 4431/4439/4325
f 4426/4431/4317 4427/4432/4318 4432/4440/4326
f 4427/4432/4318 4289/4441/4327 4432/4440/4326
f 4416/4396/4282 4414/4395/4281 4433/4422/4308
f 4289/4441/4327 4427/4432/4318 4290/4442/4328
f 4510/4408/4294 4433/4422/4308 4515/4443/4329
f 4428/4433/4319 4290/4442/4328 4427/4432/4318
f 4510/4408/4294 4515/4443/4329 4511/4409/4295
f 4411/4383/4269 4434/4444/4330 4423/4421/4307
f 4428/4433/4319 4423/4421/4307 4434/4444/4330
f 4417/4397/4283 4429/4434/4320 4411/4383/4269
f 4503/4333/4220 4441/4399/4285 4419/4398/4284
f 4513/4411/4297 4245/4412/4298 4516/4445/4331
f 4224/4386/4272 4227/4401/4287 4240/4435/4321
f 4222/4377/4263 4244/4446/4332 4245/4412/4298
f 4222/4377/4263 4235/4417/4303 4244/4446/4332
f 4230/4404/4290 4238/4426/4312 4231/4413/4299
f 4239/4427/4313 4242/4437/4323 4246/4447/4333
f 4588/4428/4314 4589/4438/4324 4587/4423/4309
f 4425/4430/4316 4421/4419/4305 4436/4448/4334
f 4432/4440/4326 4302/4449/4335 4431/4439/4325
f 4432/4440/4326 4289/4441/4327 4302/4449/4335
f 4433/4422/4308 4414/4395/4281 4437/4450/4336
f 4289/4441/4327 4290/4442/4328 4286/4451/4337
f 4286/4451/4337 4287/4452/4338 4289/4441/4327
f 4290/4442/4328 4291/4453/4339 4286/4451/4337
f 4286/4451/4337 4291/4453/4339 4287/4452/4338
f 4411/4383/4269 4429/4434/4320 4434/4444/4330
f 4513/4411/4297 4516/4445/4331 4441/4399/4285
f 4235/4417/4303 4248/4454/4340 4244/4446/4332
f 4235/4417/4303 4237/4425/4311 4248/4454/4340
f 4240/4435/4321 4241/4436/4322 4225/4387/4273
f 4243/4418/4304 4252/4429/4315 4247/4455/4341
f 4589/4438/4324 4590/4456/4342 4585/4406/4292
f 4421/4419/4305 4430/4457/4343 4436/4448/4334
f 4430/4457/4343 4301/4458/4344 4436/4448/4334
f 4287/4452/4338 4293/4459/4345 4289/4441/4327
f 4414/4395/4281 4438/4460/4346 4437/4450/4336
f 4433/4422/4308 4445/4461/4347 4515/4443/4329
f 4291/4453/4339 4294/4462/4348 4287/4452/4338
f 4428/4433/4319 4439/4463/4349 4296/4464/4350
f 4428/4433/4319 4296/4464/4350 4290/4442/4328
f 4434/4444/4330 4439/4463/4349 4428/4433/4319
f 4440/4465/4351 4439/4463/4349 4434/4444/4330
f 4511/4409/4295 4517/4466/4352 4514/4416/4302
f 4514/4416/4302 4517/4466/4352 4512/4410/4296
f 4419/4398/4284 4441/4399/4285 4442/4467/4353
f 4245/4412/4298 4244/4446/4332 4264/4468/4354
f 4241/4436/4322 4232/4414/4300 4229/4403/4289
f 4585/4406/4292 4590/4456/4342 4252/4429/4315
f 4435/4469/4355 4443/4470/4356 4424/4471/4357
f 4414/4395/4281 4424/4471/4357 4438/4460/4346
f 4295/4472/4358 4288/4473/4359 4292/4474/4360
f 4293/4459/4345 4287/4452/4338 4294/4462/4348
f 4511/4409/4295 4515/4443/4329 4517/4466/4352
f 4296/4464/4350 4291/4453/4339 4290/4442/4328
f 4429/4434/4320 4444/4475/4361 4434/4444/4330
f 4434/4444/4330 4444/4475/4361 4440/4465/4351
f 4512/4410/4296 4257/4476/4362 4234/4400/4286
f 4223/4385/4271 4249/4477/4363 4227/4401/4287
f 4239/4427/4313 4246/4447/4333 4250/4478/4364
f 4233/4389/4275 4166/4479/4365 4588/4428/4314
f 4293/4459/4345 4297/4480/4366 4299/4481/4367
f 4297/4480/4366 4293/4459/4345 4300/4482/4368
f 4433/4422/4308 4437/4450/4336 4445/4461/4347
f 4419/4398/4284 4442/4467/4353 4429/4434/4320
f 4429/4434/4320 4442/4467/4353 4444/4475/4361
f 4234/4400/4286 4257/4476/4362 4236/4424/4310
f 4236/4424/4310 4249/4477/4363 4223/4385/4271
f 4245/4412/4298 4518/4483/4369 4516/4445/4331
f 4264/4468/4354 4518/4483/4369 4245/4412/4298
f 4231/4413/4299 4238/4426/4312 4237/4425/4311
f 4241/4436/4322 4165/4484/4370 4232/4414/4300
f 4246/4447/4333 4251/4485/4371 4254/4486/4372
f 4166/4479/4365 4589/4438/4324 4588/4428/4314
f 4169/4487/4373 4590/4456/4342 4589/4438/4324
f 4288/4473/4359 4295/4472/4358 4301/4458/4344
f 4443/4470/4356 4446/4488/4374 4424/4471/4357
f 4292/4474/4360 4298/4489/4367 4295/4472/4358
f 4291/4453/4339 4296/4464/4350 4303/4490/4375
f 4439/4463/4349 4306/4491/4376 4296/4464/4350
f 4291/4453/4339 4303/4490/4375 4294/4462/4348
f 4439/4463/4349 4440/4465/4351 4306/4491/4376
f 4517/4466/4352 4519/4492/4377 4512/4410/4296
f 4237/4425/4311 4256/4493/4378 4248/4454/4340
f 4239/4427/4313 4250/4478/4364 4238/4426/4312
f 4166/4479/4365 4169/4487/4373 4589/4438/4324
f 4301/4458/4344 4308/4494/4379 4436/4448/4334
f 4295/4472/4358 4304/4495/4380 4301/4458/4344
f 4438/4460/4346 4424/4471/4357 4447/4496/4381
f 4443/4470/4356 4448/4497/4382 4446/4488/4374
f 4293/4459/4345 4305/4498/4383 4300/4482/4368
f 4294/4462/4348 4305/4498/4383 4293/4459/4345
f 4303/4490/4375 4305/4498/4383 4294/4462/4348
f 4303/4490/4375 4296/4464/4350 4306/4491/4376
f 4442/4467/4353 4441/4399/4285 4449/4499/4384
f 4516/4445/4331 4518/4483/4369 4441/4399/4285
f 4257/4476/4362 4258/4500/4385 4236/4424/4310
f 4255/4501/4386 4252/4429/4315 4590/4456/4342
f 4443/4470/4356 4322/4502/4387 4448/4497/4382
f 4435/4469/4355 4322/4502/4387 4443/4470/4356
f 4424/4471/4357 4446/4488/4374 4447/4496/4381
f 4300/4482/4368 4299/4481/4367 4297/4480/4366
f 4438/4460/4346 4450/4503/4388 4437/4450/4336
f 4515/4443/4329 4453/4504/4389 4517/4466/4352
f 4445/4461/4347 4453/4504/4389 4515/4443/4329
f 4442/4467/4353 4451/4505/4390 4444/4475/4361
f 4520/4506/4391 4257/4476/4362 4512/4410/4296
f 4441/4399/4285 4518/4483/4369 4449/4499/4384
f 4236/4424/4310 4258/4500/4385 4249/4477/4363
f 4264/4468/4354 4521/4507/4392 4518/4483/4369
f 4249/4477/4363 4240/4435/4321 4227/4401/4287
f 4244/4446/4332 4256/4493/4378 4259/4508/4393
f 4244/4446/4332 4248/4454/4340 4256/4493/4378
f 4260/4509/4394 4241/4436/4322 4240/4435/4321
f 4238/4426/4312 4250/4478/4364 4261/4510/4395
f 4260/4509/4394 4165/4484/4370 4241/4436/4322
f 4246/4447/4333 4254/4486/4372 4250/4478/4364
f 4165/4484/4370 4167/4511/4396 4168/4512/4397
f 4436/4448/4334 4308/4494/4379 4323/4513/4398
f 4301/4458/4344 4307/4514/4399 4308/4494/4379
f 4295/4472/4358 4298/4489/4367 4304/4495/4380
f 4306/4491/4376 4309/4515/4400 4303/4490/4375
f 4442/4467/4353 4449/4499/4384 4452/4516/4401
f 4519/4492/4377 4520/4506/4391 4512/4410/4296
f 4266/4517/4402 4258/4500/4385 4257/4476/4362
f 4258/4500/4385 4262/4518/4403 4249/4477/4363
f 4249/4477/4363 4263/4519/4404 4240/4435/4321
f 4264/4468/4354 4244/4446/4332 4259/4508/4393
f 4238/4426/4312 4261/4510/4395 4237/4425/4311
f 4300/4482/4368 4311/4520/4405 4299/4481/4367
f 4310/4521/4405 4312/4522/4406 4298/4489/4367
f 4305/4498/4383 4315/4523/4407 4300/4482/4368
f 4437/4450/4336 4453/4504/4389 4445/4461/4347
f 4303/4490/4375 4316/4524/4408 4305/4498/4383
f 4317/4525/4409 4316/4524/4408 4303/4490/4375
f 4444/4475/4361 4309/4515/4400 4440/4465/4351
f 4440/4465/4351 4309/4515/4400 4306/4491/4376
f 4303/4490/4375 4309/4515/4400 4317/4525/4409
f 4451/4505/4390 4442/4467/4353 4452/4516/4401
f 4264/4468/4354 4268/4526/4410 4521/4507/4392
f 4259/4508/4393 4268/4526/4410 4264/4468/4354
f 4256/4493/4378 4265/4527/4411 4259/4508/4393
f 4237/4425/4311 4261/4510/4395 4256/4493/4378
f 4590/4456/4342 4169/4487/4373 4255/4501/4386
f 4301/4458/4344 4304/4495/4380 4307/4514/4399
f 4438/4460/4346 4447/4496/4381 4450/4503/4388
f 4300/4482/4368 4318/4528/4412 4311/4520/4405
f 4315/4523/4407 4318/4528/4412 4300/4482/4368
f 4450/4503/4388 4453/4504/4389 4437/4450/4336
f 4305/4498/4383 4316/4524/4408 4315/4523/4407
f 4331/4529/4413 4444/4475/4361 4451/4505/4390
f 4520/4506/4391 4266/4517/4402 4257/4476/4362
f 4266/4517/4402 4262/4518/4403 4258/4500/4385
f 4267/4530/4414 4263/4519/4404 4249/4477/4363
f 4268/4526/4410 4259/4508/4393 4265/4527/4411
f 4240/4435/4321 4263/4519/4404 4260/4509/4394
f 4320/4531/4415 4308/4494/4379 4307/4514/4399
f 4321/4532/4416 4304/4495/4380 4298/4489/4367
f 4454/4533/4417 4448/4497/4382 4339/4534/4418
f 4339/4534/4418 4448/4497/4382 4322/4502/4387
f 4324/4535/4419 4339/4534/4418 4322/4502/4387
f 4321/4532/4416 4298/4489/4367 4312/4522/4406
f 4311/4520/4405 4318/4528/4412 4313/4536/4420
f 4321/4532/4416 4312/4522/4406 4314/4537/4421
f 4315/4523/4407 4313/4536/4420 4318/4528/4412
f 4455/4538/4422 4453/4504/4389 4450/4503/4388
f 4517/4466/4352 4453/4504/4389 4459/4539/4423
f 4459/4539/4423 4519/4492/4377 4517/4466/4352
f 4262/4518/4403 4267/4530/4414 4249/4477/4363
f 4265/4527/4411 4256/4493/4378 4269/4540/4424
f 4270/4541/4425 4256/4493/4378 4261/4510/4395
f 4261/4510/4395 4250/4478/4364 4271/4542/4426
f 4271/4542/4426 4250/4478/4364 4254/4486/4372
f 4260/4509/4394 4167/4511/4396 4165/4484/4370
f 4167/4511/4396 4253/4543/4386 4168/4512/4397
f 4323/4513/4398 4308/4494/4379 4325/4544/4427
f 4446/4488/4374 4454/4533/4417 4447/4496/4381
f 4446/4488/4374 4448/4497/4382 4454/4533/4417
f 4326/4545/4428 4317/4525/4409 4309/4515/4400
f 4444/4475/4361 4331/4529/4413 4309/4515/4400
f 4451/4505/4390 4452/4516/4401 4331/4529/4413
f 4452/4516/4401 4449/4499/4384 4456/4546/4429
f 4262/4518/4403 4272/4547/4430 4267/4530/4414
f 4272/4547/4430 4274/4548/4431 4267/4530/4414
f 4267/4530/4414 4274/4548/4431 4263/4519/4404
f 4273/4549/4432 4269/4540/4424 4276/4550/4433
f 4273/4549/4432 4265/4527/4411 4269/4540/4424
f 4270/4541/4425 4261/4510/4395 4271/4542/4426
f 4271/4542/4426 4254/4486/4372 4278/4551/4434
f 4277/4552/4435 4253/4543/4386 4167/4511/4396
f 4320/4531/4415 4325/4544/4427 4308/4494/4379
f 4307/4514/4399 4304/4495/4380 4327/4553/4436
f 4453/4504/4389 4455/4538/4422 4458/4554/4437
f 4315/4523/4407 4316/4524/4408 4329/4555/4438
f 4316/4524/4408 4317/4525/4409 4329/4555/4438
f 4458/4554/4437 4459/4539/4423 4453/4504/4389
f 4452/4516/4401 4456/4546/4429 4331/4529/4413
f 4272/4547/4430 4262/4518/4403 4279/4556/4439
f 4268/4526/4410 4265/4527/4411 4281/4557/4440
f 4280/4558/4441 4281/4557/4440 4273/4549/4432
f 4281/4557/4440 4265/4527/4411 4273/4549/4432
f 4274/4548/4431 4272/4547/4430 4275/4559/4442
f 4263/4519/4404 4274/4548/4431 4260/4509/4394
f 4260/4509/4394 4274/4548/4431 4282/4560/4443
f 4256/4493/4378 4270/4541/4425 4269/4540/4424
f 4260/4509/4394 4282/4560/4443 4167/4511/4396
f 4339/4534/4418 4460/4561/4444 4454/4533/4417
f 4314/4537/4421 4330/4562/4445 4321/4532/4416
f 4314/4537/4421 4328/4563/4446 4330/4562/4445
f 4326/4545/4428 4329/4555/4438 4317/4525/4409
f 4331/4529/4413 4332/4564/4447 4309/4515/4400
f 4309/4515/4400 4332/4564/4447 4326/4545/4428
f 4519/4492/4377 4459/4539/4423 4520/4506/4391
f 4520/4506/4391 4459/4539/4423 4522/4565/4448
f 4520/4506/4391 4522/4565/4448 4266/4517/4402
f 4518/4483/4369 4465/4566/4449 4449/4499/4384
f 4266/4517/4402 4285/4567/4450 4262/4518/4403
f 4275/4559/4442 4283/4568/4451 4274/4548/4431
f 4276/4550/4433 4269/4540/4424 4270/4541/4425
f 4274/4548/4431 4283/4568/4451 4282/4560/4443
f 4276/4550/4433 4270/4541/4425 4284/4569/4452
f 4284/4569/4452 4270/4541/4425 4278/4551/4434
f 4283/4568/4451 4277/4552/4435 4282/4560/4443
f 4271/4542/4426 4278/4551/4434 4270/4541/4425
f 4167/4511/4396 4282/4560/4443 4277/4552/4435
f 4327/4553/4436 4304/4495/4380 4321/4532/4416
f 4447/4496/4381 4454/4533/4417 4461/4570/4453
f 4454/4533/4417 4460/4561/4444 4462/4571/4454
f 4320/4531/4415 4307/4514/4399 4333/4572/4455
f 4307/4514/4399 4327/4553/4436 4333/4572/4455
f 4450/4503/4388 4447/4496/4381 4463/4573/4456
f 4450/4503/4388 4463/4573/4456 4455/4538/4422
f 4326/4545/4428 4335/4574/4457 4337/4575/4458
f 4331/4529/4413 4335/4574/4457 4332/4564/4447
f 4332/4564/4447 4335/4574/4457 4326/4545/4428
f 4456/4546/4429 4343/4576/4459 4331/4529/4413
f 4456/4546/4429 4464/4577/4460 4347/4578/4461
f 4449/4499/4384 4465/4566/4449 4466/4579/4462
f 4522/4565/4448 4285/4567/4450 4266/4517/4402
f 4521/4507/4392 4465/4566/4449 4518/4483/4369
f 4521/4507/4392 4268/4526/4410 4465/4566/4449
f 4285/4567/4450 4279/4556/4439 4262/4518/4403
f 4324/4535/4419 4338/4580/4463 4339/4534/4418
f 4454/4533/4417 4462/4571/4454 4461/4570/4453
f 4327/4553/4436 4321/4532/4416 4340/4581/4464
f 4447/4496/4381 4461/4570/4453 4463/4573/4456
f 4320/4531/4415 4333/4572/4455 4341/4582/4465
f 4327/4553/4436 4340/4581/4464 4333/4572/4455
f 4333/4572/4455 4336/4583/4466 4334/4584/4467
f 4333/4572/4455 4340/4581/4464 4336/4583/4466
f 4337/4575/4458 4329/4555/4438 4326/4545/4428
f 4331/4529/4413 4343/4576/4459 4335/4574/4457
f 4456/4546/4429 4347/4578/4461 4343/4576/4459
f 4464/4577/4460 4456/4546/4429 4467/4585/4468
f 4456/4546/4429 4449/4499/4384 4467/4585/4468
f 4459/4539/4423 4523/4586/4469 4522/4565/4448
f 4524/4587/4470 4285/4567/4450 4522/4565/4448
f 4281/4557/4440 4280/4558/4441 4525/4588/4471
f 4324/4535/4419 4319/4589/4472 4338/4580/4463
f 4320/4531/4415 4341/4582/4465 4344/4590/4473
f 4463/4573/4456 4461/4570/4453 4468/4591/4474
f 4463/4573/4456 4468/4591/4474 4455/4538/4422
f 4341/4582/4465 4333/4572/4455 4334/4584/4467
f 4330/4562/4445 4340/4581/4464 4321/4532/4416
f 4336/4583/4466 4340/4581/4464 4328/4563/4446
f 4330/4562/4445 4328/4563/4446 4340/4581/4464
f 4455/4538/4422 4468/4591/4474 4458/4554/4437
f 4334/4584/4467 4342/4592/4459 4345/4593/4475
f 4342/4592/4459 4346/4594/4476 4345/4593/4475
f 4459/4539/4423 4458/4554/4437 4474/4595/4477
f 4449/4499/4384 4466/4579/4462 4467/4585/4468
f 4466/4579/4462 4465/4566/4449 4481/4596/4478
f 4481/4596/4478 4465/4566/4449 4525/4588/4471
f 4522/4565/4448 4526/4597/4479 4524/4587/4470
f 4285/4567/4450 4526/4597/4479 4279/4556/4439
f 4527/4598/4480 4525/4588/4471 4280/4558/4441
f 4268/4526/4410 4281/4557/4440 4465/4566/4449
f 4281/4557/4440 4525/4588/4471 4465/4566/4449
f 4338/4580/4463 4348/4599/4481 4339/4534/4418
f 4460/4561/4444 4348/4599/4481 4462/4571/4454
f 4339/4534/4418 4348/4599/4481 4460/4561/4444
f 4462/4571/4454 4469/4600/4482 4461/4570/4453
f 4341/4582/4465 4334/4584/4467 4344/4590/4473
f 4346/4594/4476 4349/4601/4483 4345/4593/4475
f 4457/4602/4437 4470/4603/4484 4472/4604/4485
f 4458/4554/4437 4473/4605/4486 4474/4595/4477
f 4459/4539/4423 4474/4595/4477 4523/4586/4469
f 4285/4567/4450 4524/4587/4470 4526/4597/4479
f 4319/4589/4472 4350/4606/4487 4338/4580/4463
f 4320/4531/4415 4344/4590/4473 4351/4607/4488
f 4462/4571/4454 4364/4608/4489 4469/4600/4482
f 4334/4584/4467 4345/4593/4475 4344/4590/4473
f 4468/4591/4474 4471/4609/4490 4458/4554/4437
f 4477/4610/4491 4479/4611/4492 4464/4577/4460
f 4347/4578/4461 4464/4577/4460 4479/4611/4492
f 4464/4577/4460 4467/4585/4468 4477/4610/4491
f 4477/4610/4491 4467/4585/4468 4466/4579/4462
f 4477/4610/4491 4466/4579/4462 4481/4596/4478
f 4473/4605/4486 4480/4612/4493 4474/4595/4477
f 4474/4595/4477 4480/4612/4493 4523/4586/4469
f 4522/4565/4448 4523/4586/4469 4480/4612/4493
f 4480/4612/4493 4526/4597/4479 4522/4565/4448
f 4481/4596/4478 4525/4588/4471 4527/4598/4480
f 4351/4607/4488 4344/4590/4473 4353/4613/4494
f 4469/4600/4482 4468/4591/4474 4461/4570/4453
f 4344/4590/4473 4354/4614/4495 4355/4615/4496
f 4345/4593/4475 4354/4614/4495 4344/4590/4473
f 4472/4604/4485 4470/4603/4484 4478/4616/4497
f 4478/4616/4497 4475/4617/4498 4472/4604/4485
f 4476/4618/4499 4480/4612/4493 4473/4605/4486
f 4462/4571/4454 4348/4599/4481 4364/4608/4489
f 4469/4600/4482 4482/4619/4500 4468/4591/4474
f 4468/4591/4474 4482/4619/4500 4471/4609/4490
f 4482/4619/4500 4483/4620/4501 4471/4609/4490
f 4346/4594/4476 4356/4621/4502 4349/4601/4483
f 4478/4616/4497 4470/4603/4484 4484/4622/4503
f 4478/4616/4497 4484/4622/4503 4358/4623/4504
f 4478/4616/4497 4358/4623/4504 4346/4594/4476
f 4346/4594/4476 4358/4623/4504 4356/4621/4502
f 4350/4606/4487 4360/4624/4505 4338/4580/4463
f 4350/4606/4487 4352/4625/4506 4360/4624/4505
f 4353/4613/4494 4344/4590/4473 4355/4615/4496
f 4469/4600/4482 4364/4608/4489 4368/4626/4507
f 4345/4593/4475 4361/4627/4508 4354/4614/4495
f 4345/4593/4475 4349/4601/4483 4361/4627/4508
f 4338/4580/4463 4360/4624/4505 4348/4599/4481
f 4353/4613/4494 4355/4615/4496 4362/4628/4509
f 4364/4608/4489 4348/4599/4481 4365/4629/4510
f 4355/4615/4496 4354/4614/4495 4366/4630/4511
f 4469/4600/4482 4379/4631/4512 4482/4619/4500
f 4379/4631/4512 4483/4620/4501 4482/4619/4500
f 4483/4620/4501 4485/4632/4513 4471/4609/4490
f 4356/4621/4502 4361/4627/4508 4349/4601/4483
f 4352/4625/4506 4363/4633/4514 4360/4624/4505
f 4355/4615/4496 4366/4630/4511 4362/4628/4509
f 4360/4624/4505 4365/4629/4510 4348/4599/4481
f 4364/4608/4489 4365/4629/4510 4368/4626/4507
f 4368/4626/4507 4379/4631/4512 4469/4600/4482
f 4359/4634/4515 4379/4631/4512 4370/4635/4516
f 4379/4631/4512 4359/4634/4515 4485/4632/4513
f 4366/4630/4511 4354/4614/4495 4369/4636/4517
f 4483/4620/4501 4379/4631/4512 4485/4632/4513
f 4357/4637/4518 4359/4634/4515 4370/4635/4516
f 4360/4624/4505 4363/4633/4514 4371/4638/4519
f 4367/4639/4520 4372/4640/4521 4363/4633/4514
f 4354/4614/4495 4373/4641/4522 4374/4642/4523
f 4363/4633/4514 4375/4643/4524 4371/4638/4519
f 4360/4624/4505 4371/4638/4519 4376/4644/4525
f 4363/4633/4514 4372/4640/4521 4375/4643/4524
f 4360/4624/4505 4376/4644/4525 4377/4645/4526
f 4360/4624/4505 4378/4646/4527 4365/4629/4510
f 4360/4624/4505 4377/4645/4526 4378/4646/4527
f 4368/4626/4507 4365/4629/4510 4378/4646/4527
f 4368/4626/4507 4378/4646/4527 4370/4635/4516
f 4368/4626/4507 4370/4635/4516 4379/4631/4512
f 4354/4614/4495 4374/4642/4523 4369/4636/4517
f 4357/4637/4518 4370/4635/4516 4381/4647/4528
f 4361/4627/4508 4373/4641/4522 4354/4614/4495
f 4356/4621/4502 4380/4648/4529 4361/4627/4508
f 4366/4630/4511 4369/4636/4517 4382/4649/4530
f 4384/4650/4531 4361/4627/4508 4380/4648/4529
f 4371/4638/4519 4375/4643/4524 4386/4651/4532
f 4371/4638/4519 4386/4651/4532 4376/4644/4525
f 4372/4640/4521 4387/4652/4533 4375/4643/4524
f 4376/4644/4525 4388/4653/4534 4377/4645/4526
f 4372/4640/4521 4367/4639/4520 4387/4652/4533
f 4388/4653/4534 4389/4654/4535 4377/4645/4526
f 4377/4645/4526 4389/4654/4535 4378/4646/4527
f 4369/4636/4517 4374/4642/4523 4382/4649/4530
f 4378/4646/4527 4389/4654/4535 4370/4635/4516
f 4370/4635/4516 4389/4654/4535 4381/4647/4528
f 4367/4639/4520 4383/4655/4536 4387/4652/4533
f 4361/4627/4508 4384/4650/4531 4373/4641/4522
f 4376/4644/4525 4386/4651/4532 4388/4653/4534
f 4387/4652/4533 4390/4656/4537 4375/4643/4524
f 4387/4652/4533 4383/4655/4536 4390/4656/4537
f 4389/4654/4535 4391/4657/4538 4381/4647/4528
f 4374/4642/4523 4392/4658/4539 4382/4649/4530
f 4373/4641/4522 4392/4658/4539 4374/4642/4523
f 4373/4641/4522 4384/4650/4531 4392/4658/4539
f 4390/4656/4537 4394/4659/4540 4375/4643/4524
f 4386/4651/4532 4375/4643/4524 4395/4660/4541
f 4388/4653/4534 4386/4651/4532 4395/4660/4541
f 4388/4653/4534 4391/4657/4538 4389/4654/4535
f 4394/4659/4540 4395/4660/4541 4375/4643/4524
f 4390/4656/4537 4383/4655/4536 4396/4661/4542
f 4388/4653/4534 4395/4660/4541 4391/4657/4538
f 4391/4657/4538 4397/4662/4543 4381/4647/4528
f 4385/4663/4544 4381/4647/4528 4397/4662/4543
f 4397/4662/4543 4393/4664/4539 4385/4663/4544
f 4393/4664/4539 4398/4665/4545 4395/4660/4541
f 4391/4657/4538 4395/4660/4541 4397/4662/4543
f 4398/4665/4545 4397/4662/4543 4395/4660/4541
f 4398/4665/4545 4393/4664/4539 4397/4662/4543
f 4390/4656/4537 4396/4661/4542 4394/4659/4540
f 4399/4666/4546 4395/4660/4541 4394/4659/4540
f 4395/4660/4541 4399/4666/4546 4393/4664/4539
f 4396/4661/4542 4383/4655/4536 4393/4664/4539
f 4394/4659/4540 4396/4661/4542 4399/4666/4546
f 4393/4664/4539 4399/4666/4546 4396/4661/4542
l 4612 4614
o Mesh_0.003
v 0.337768 0.311121 0.503312
v 0.337768 0.311121 0.503312
v 0.313814 0.339450 0.513312
v 0.313814 0.339450 0.513312
v 0.329246 0.343844 0.496933
v 0.329246 0.343844 0.496933
v 0.333924 0.294694 0.517677
v 0.287742 0.470320 0.515217
v 0.287742 0.470320 0.515217
v 0.287742 0.470320 0.515217
v 0.287742 0.470320 0.515217
v 0.287742 0.470320 0.515217
v 0.266431 0.469955 0.504523
v 0.266431 0.469955 0.504523
v 0.266431 0.469955 0.504523
v 0.299401 0.451757 0.498495
v 0.299401 0.451757 0.498495
v 0.389033 0.273079 0.518723
v 0.389033 0.273079 0.518723
v 0.357953 0.258260 0.529661
v 0.353296 0.292565 0.506237
v 0.353296 0.292565 0.506237
v 0.392375 0.257215 0.533073
v 0.399433 0.296921 0.520329
v 0.399433 0.296921 0.520329
v 0.399433 0.296921 0.520329
v 0.399793 0.265471 0.530412
v 0.332531 0.265975 0.550201
v 0.314621 0.315175 0.529351
v 0.404346 0.321943 0.526066
v 0.404346 0.321943 0.526066
v 0.380526 0.379619 0.509752
v 0.380526 0.379619 0.509752
v 0.416049 0.325744 0.550076
v 0.295806 0.385042 0.548603
v 0.295806 0.385042 0.548603
v 0.297208 0.453140 0.505416
v 0.297208 0.453140 0.505416
v 0.297208 0.453140 0.505416
v 0.274522 0.478294 0.518970
v 0.274522 0.478294 0.518970
v 0.274522 0.478294 0.518970
v 0.292495 0.484378 0.524378
v 0.292495 0.484378 0.524378
v 0.370340 0.217913 0.529253
v 0.373623 0.252734 0.533213
v 0.393441 0.241884 0.529844
v 0.407772 0.263828 0.543799
v 0.407772 0.263828 0.543799
v 0.371673 0.428913 0.525035
v 0.371673 0.428913 0.525035
v 0.332925 0.495580 0.512123
v 0.332925 0.495580 0.512123
v 0.332925 0.495580 0.512123
v 0.325290 0.506792 0.519197
v 0.325290 0.506792 0.519197
v 0.325290 0.506792 0.519197
v 0.325290 0.506792 0.519197
v 0.353562 0.457057 0.551238
v 0.408981 0.242037 0.535559
v 0.306986 0.323213 0.549210
v 0.381177 0.416053 0.552430
v 0.315375 0.508304 0.526492
v 0.315375 0.508304 0.526492
v 0.351044 0.242077 0.543619
v 0.355073 0.251808 0.543607
v 0.415451 0.289030 0.546202
v 0.300241 0.487338 0.538147
v 0.297492 0.503040 0.518373
v 0.297492 0.503040 0.518373
v 0.319061 0.487576 0.546126
v 0.409021 0.358252 0.561337
v 0.339065 0.254049 0.560195
v 0.430434 0.246091 0.555030
v 0.430434 0.246091 0.555030
v 0.417061 0.276756 0.563107
v 0.417061 0.276756 0.563107
v 0.417061 0.276756 0.563107
v 0.325463 0.265935 0.573611
v 0.301406 0.409003 0.567524
v 0.419719 0.321224 0.577422
v 0.370461 0.422836 0.567891
v 0.332011 0.420353 0.585145
v 0.397097 0.374511 0.576263
v 0.347036 0.432506 0.577599
v 0.414483 0.276207 0.565645
v 0.422542 0.297710 0.582204
v 0.303335 0.359688 0.576591
v 0.303335 0.359688 0.576591
v 0.416268 0.279216 0.582573
v 0.323818 0.273924 0.585058
v 0.329286 0.234304 0.582691
v 0.334956 0.261392 0.581504
v 0.432695 0.262285 0.590461
v 0.412475 0.284009 0.597433
v 0.412475 0.284009 0.597433
v 0.308923 0.383912 0.584161
v 0.383545 0.366197 0.599125
v 0.333160 0.264080 0.590952
v 0.333160 0.264080 0.590952
v 0.333160 0.264080 0.590952
v 0.352095 0.391192 0.599535
v 0.322909 0.306327 0.605335
v 0.322909 0.306327 0.605335
v 0.413220 0.297525 0.605946
v 0.328874 0.226077 0.602487
v 0.328874 0.226077 0.602487
v 0.420934 0.273773 0.610309
v 0.335148 0.245814 0.614217
v 0.333225 0.338318 0.613034
v 0.348297 0.374863 0.606606
v 0.408277 0.288153 0.605562
v 0.408277 0.288153 0.605562
v 0.340369 0.267791 0.601319
v 0.350749 0.276347 0.614880
v 0.350749 0.276347 0.614880
v 0.395330 0.304536 0.620096
v 0.395620 0.287821 0.615991
v 0.395620 0.287821 0.615991
v 0.368367 0.337653 0.618612
v 0.345995 0.293910 0.621184
v 0.409053 0.261646 0.637693
v 0.349335 0.317404 0.622187
v 0.366231 0.261937 0.640956
v 0.369771 0.283354 0.622479
v 0.369771 0.283354 0.622479
v 0.377591 0.277594 0.632050
v 0.376880 0.297617 0.626659
v 0.468571 0.034583 0.656828
v 0.498476 0.047093 0.698609
v 0.498476 0.047093 0.698609
v 0.462137 0.041405 0.685978
v 0.462137 0.041405 0.685978
v 0.363816 0.079095 0.668137
v 0.376024 0.067706 0.678301
v 0.376024 0.067706 0.678301
v 0.376561 0.080315 0.685878
v 0.376561 0.080315 0.685878
v 0.422336 0.041054 0.668497
v 0.402442 0.043097 0.686595
v 0.409804 0.036544 0.672391
v 0.380412 0.045649 0.668665
v 0.390675 0.044381 0.683090
v 0.390675 0.044381 0.683090
v 0.368161 0.085428 0.678968
v 0.435800 0.040559 0.677202
v 0.448205 0.045591 0.685800
v 0.448205 0.045591 0.685800
v 0.426427 0.049290 0.692898
v 0.426427 0.049290 0.692898
v 0.493155 0.055205 0.670122
v 0.491487 0.058556 0.687473
v 0.455736 0.108422 0.672742
v 0.455736 0.108422 0.672742
v 0.441573 0.105415 0.686993
v 0.441573 0.105415 0.686993
v 0.447262 0.102703 0.691190
v 0.417897 0.102706 0.695018
v 0.417897 0.102706 0.695018
v 0.381144 0.201119 0.669416
v 0.389827 0.109983 0.691033
v 0.492573 0.037328 0.701187
v 0.370577 0.060727 0.688327
v 0.370577 0.060727 0.688327
v 0.464737 0.085930 0.691632
v 0.464737 0.085930 0.691632
v 0.483553 0.070797 0.682744
v 0.463740 0.085846 0.677771
v 0.455933 0.081378 0.683724
v 0.382315 0.100865 0.689131
v 0.382315 0.100865 0.689131
v 0.452937 0.099064 0.678294
v 0.449939 0.087663 0.692483
v 0.454854 0.086977 0.679749
v 0.375113 0.108894 0.684093
v 0.366298 0.106699 0.672089
v 0.413546 0.042667 0.694743
v 0.413546 0.042667 0.694743
v 0.369587 0.074796 0.698901
v 0.369587 0.074796 0.698901
v 0.492142 0.070559 0.692545
v 0.492142 0.070559 0.692545
v 0.449958 0.083506 0.697155
v 0.449958 0.083506 0.697155
v 0.435893 0.070580 0.696284
v 0.435893 0.070580 0.696284
v 0.435893 0.070580 0.696284
v 0.419584 0.098193 0.688012
v 0.413319 0.182334 0.670397
v 0.390586 0.040700 0.695488
v 0.371656 0.049409 0.715351
v 0.430950 0.053779 0.698755
v 0.430950 0.053779 0.698755
v 0.430950 0.053779 0.698755
v 0.496715 0.055595 0.699515
v 0.496715 0.055595 0.699515
v 0.487624 0.081483 0.703639
v 0.381862 0.093830 0.692589
v 0.417514 0.092485 0.690009
v 0.417514 0.092485 0.690009
v 0.405556 0.091705 0.691752
v 0.395171 0.098154 0.693931
v 0.498340 0.070423 0.711674
v 0.498340 0.070423 0.711674
v 0.402298 0.085790 0.696781
v 0.417102 0.078712 0.706736
v 0.421867 0.082274 0.695935
v 0.386062 0.089557 0.704898
v 0.386062 0.089557 0.704898
v 0.450067 0.042176 0.706644
v 0.424362 0.053374 0.705832
v 0.424362 0.053374 0.705832
v 0.367878 0.063177 0.715038
v 0.472894 0.038513 0.718415
v 0.431296 0.065918 0.703410
v 0.431296 0.065918 0.703410
v 0.409265 0.084688 0.731101
v 0.409265 0.084688 0.731101
v 0.457962 0.081773 0.713918
v 0.469189 0.085836 0.710438
v 0.390531 0.034862 0.735562
v 0.492105 0.046672 0.715859
v 0.424534 0.070634 0.710707
v 0.499770 0.055161 0.730440
v 0.378797 0.077927 0.730930
v 0.378797 0.077927 0.730930
v 0.398128 0.087793 0.727325
v 0.398128 0.087793 0.727325
v 0.409733 0.043372 0.743302
v 0.416917 0.045253 0.739750
v 0.488397 0.077922 0.722183
v 0.482320 0.044240 0.722732
v 0.458100 0.045613 0.723407
v 0.496839 0.044480 0.730775
v 0.425408 0.059715 0.731499
v 0.425408 0.059715 0.731499
v 0.458244 0.070295 0.724814
v 0.477588 0.077462 0.725090
v 0.381266 0.040483 0.736690
v 0.469065 0.045353 0.727585
v 0.373459 0.059941 0.738827
v 0.465622 0.059361 0.731295
v 0.418406 0.074102 0.739104
v 0.418406 0.074102 0.739104
v 0.478227 0.056910 0.731308
v 0.394761 0.077714 0.746507
v 0.493198 0.055597 0.736239
v 0.421864 0.055778 0.742888
v 0.383761 0.071747 0.746570
v 0.409104 0.070447 0.750875
v 0.387102 0.046369 0.747579
v 0.380022 0.059872 0.746595
v 0.401118 0.049094 0.750901
v 0.388466 0.040433 0.768505
v 0.399111 0.052290 0.758037
v 0.393284 0.058431 0.763040
v 0.392546 0.038472 0.763388
v 0.395267 0.039976 0.768675
v 0.422097 0.086338 0.572717
v 0.434157 0.074405 0.588505
v 0.411420 0.061818 0.596617
v 0.449546 0.106213 0.583351
v 0.460669 0.089989 0.604623
v 0.389677 0.071371 0.592489
v 0.443978 0.073802 0.601855
v 0.429921 0.066607 0.601335
v 0.399295 0.069501 0.600516
v 0.403713 0.043350 0.613434
v 0.418968 0.045619 0.606249
v 0.455037 0.052703 0.609652
v 0.362640 0.080447 0.622998
v 0.387289 0.078556 0.582757
v 0.453105 0.077655 0.610229
v 0.362626 0.090466 0.604429
v 0.455176 0.045843 0.616916
v 0.384363 0.060811 0.613991
v 0.461990 0.079613 0.619867
v 0.461990 0.079613 0.619867
v 0.450749 0.130935 0.579998
v 0.465287 0.093554 0.616408
v 0.465287 0.093554 0.616408
v 0.419052 0.039099 0.613513
v 0.377459 0.069450 0.621499
v 0.415099 0.035433 0.628312
v 0.387143 0.045028 0.629138
v 0.468020 0.056459 0.621307
v 0.371329 0.061201 0.629002
v 0.371650 0.057060 0.644159
v 0.464076 0.045014 0.633368
v 0.470909 0.070624 0.646178
v 0.463591 0.088717 0.640263
v 0.463591 0.088717 0.640263
v 0.356301 0.091642 0.635822
v 0.459143 0.134346 0.599534
v 0.459143 0.134346 0.599534
v 0.463907 0.102082 0.652025
v 0.367438 0.082316 0.644006
v 0.427402 0.043002 0.648366
v 0.452718 0.041013 0.645013
v 0.378129 0.053506 0.653482
v 0.478317 0.044539 0.643111
v 0.410248 0.036514 0.644862
v 0.398739 0.033923 0.653377
v 0.472130 0.038835 0.642846
v 0.485495 0.055389 0.651081
v 0.479241 0.069121 0.651113
v 0.362520 0.090281 0.653355
v 0.467275 0.078698 0.657632
v 0.363097 0.096893 0.660444
v 0.363097 0.096893 0.660444
v 0.455967 0.097025 0.663980
v 0.455967 0.097025 0.663980
v 0.444156 0.179652 0.642719
v 0.346792 0.184596 0.647102
v 0.385983 0.193499 0.527964
v 0.417183 0.201738 0.534476
v 0.417147 0.148396 0.542744
v 0.357761 0.189349 0.539465
v 0.374878 0.157001 0.539515
v 0.387214 0.115725 0.556826
v 0.432816 0.225732 0.550813
v 0.355036 0.152664 0.555512
v 0.439894 0.155949 0.559762
v 0.446713 0.172330 0.567298
v 0.336843 0.176013 0.570279
v 0.437319 0.130911 0.563772
v 0.444476 0.233605 0.582734
v 0.444476 0.233605 0.582734
v 0.339889 0.152748 0.579611
v 0.450590 0.205063 0.583030
v 0.328955 0.185046 0.598834
v 0.338544 0.140101 0.599390
v 0.454348 0.192301 0.602931
v 0.454348 0.192301 0.602931
v 0.440994 0.241475 0.606405
v 0.447496 0.216861 0.614449
v 0.333590 0.176552 0.622565
v 0.333590 0.176552 0.622565
v 0.342864 0.225592 0.635671
v 0.436389 0.216662 0.637705
v 0.350666 0.246288 0.637838
v 0.381681 0.266195 0.641605
v 0.362690 0.216907 0.656553
v 0.417134 0.204748 0.661924
v 0.358570 0.192317 0.658653
v 0.401374 0.217017 0.667554
v 0.374935 0.171868 0.670977
v 0.298267 0.415070 0.345724
v 0.298267 0.415070 0.345724
v 0.298267 0.415070 0.345724
v 0.317097 0.428423 0.415679
v 0.317097 0.428423 0.415679
v 0.290796 0.395893 0.369725
v 0.290796 0.395893 0.369725
v 0.291467 0.400274 0.406521
v 0.262910 0.373611 0.353116
v 0.262910 0.373611 0.353116
v 0.283627 0.397917 0.418623
v 0.239454 0.370989 0.389303
v 0.239454 0.370989 0.389303
v 0.252015 0.389456 0.425996
v 0.323696 0.445418 0.472954
v 0.327878 0.463364 0.424473
v 0.327878 0.463364 0.424473
v 0.332166 0.461232 0.452589
v 0.216165 0.386533 0.413424
v 0.216165 0.386533 0.413424
v 0.248338 0.406004 0.450631
v 0.248338 0.406004 0.450631
v 0.333611 0.488692 0.481136
v 0.333611 0.488692 0.481136
v 0.289607 0.433439 0.476288
v 0.330372 0.468831 0.473417
v 0.309026 0.440856 0.489404
v 0.321067 0.447072 0.485637
v 0.332837 0.467577 0.496569
v 0.332837 0.467577 0.496569
v 0.319097 0.441065 0.491121
v 0.319097 0.441065 0.491121
v 0.344344 0.347610 0.491580
v 0.328499 0.492666 0.490726
v 0.354787 0.400697 0.494169
v 0.360463 0.310603 0.498449
v 0.383548 0.318128 0.504618
v 0.337376 0.471112 0.501420
v 0.323113 0.502274 0.502790
v 0.323113 0.502274 0.502790
v 0.318733 0.502359 0.501578
v 0.318733 0.502359 0.501578
v 0.318733 0.502359 0.501578
v 0.318733 0.502359 0.501578
v 0.209842 0.485210 0.410848
v 0.209842 0.485210 0.410848
v 0.209842 0.485210 0.410848
v 0.266158 0.495522 0.513586
v 0.266158 0.495522 0.513586
v 0.275093 0.516231 0.489557
v 0.275093 0.516231 0.489557
v 0.301567 0.523142 0.490864
v 0.301567 0.523142 0.490864
v 0.305856 0.520968 0.501841
v 0.305856 0.520968 0.501841
v 0.316163 0.515582 0.497680
v 0.316163 0.515582 0.497680
v 0.283091 0.507443 0.517447
v 0.290034 0.506464 0.520325
v 0.302243 0.511125 0.513359
v 0.302243 0.511125 0.513359
v 0.259363 0.477463 0.503604
v 0.259363 0.477463 0.503604
v 0.275064 0.495861 0.522435
v 0.285008 0.496807 0.525491
v 0.211059 0.387031 0.259398
v 0.211059 0.387031 0.259398
v 0.230436 0.395130 0.254025
v 0.238466 0.379708 0.279957
v 0.219013 0.441853 0.263731
v 0.219013 0.441853 0.263731
v 0.209477 0.450680 0.251027
v 0.204534 0.477816 0.269737
v 0.212602 0.462215 0.286415
v 0.212602 0.462215 0.286415
v 0.222966 0.365956 0.308111
v 0.195314 0.383519 0.268299
v 0.242963 0.469088 0.308666
v 0.199048 0.371082 0.295507
v 0.175799 0.387084 0.279919
v 0.199124 0.478483 0.253916
v 0.194242 0.487562 0.281064
v 0.187964 0.499761 0.279694
v 0.191873 0.474925 0.298485
v 0.268911 0.406122 0.270712
v 0.268911 0.406122 0.270712
v 0.274079 0.395601 0.304367
v 0.266214 0.432389 0.280040
v 0.250147 0.429371 0.259509
v 0.283841 0.492998 0.383776
v 0.198850 0.471712 0.308492
v 0.198850 0.471712 0.308492
v 0.178748 0.464629 0.309830
v 0.178748 0.464629 0.309830
v 0.178748 0.464629 0.309830
v 0.178748 0.464629 0.309830
v 0.164250 0.492527 0.292119
v 0.164250 0.492527 0.292119
v 0.183796 0.375998 0.344149
v 0.271634 0.382601 0.328714
v 0.158698 0.399006 0.315357
v 0.156320 0.406360 0.303654
v 0.155434 0.418075 0.296986
v 0.155434 0.418075 0.296986
v 0.154550 0.421848 0.323477
v 0.151204 0.430913 0.302148
v 0.151204 0.430913 0.302148
v 0.239507 0.488732 0.346154
v 0.242718 0.366174 0.328448
v 0.160488 0.442426 0.309389
v 0.160488 0.442426 0.309389
v 0.158519 0.406726 0.339744
v 0.207508 0.480955 0.328915
v 0.211490 0.363009 0.336284
v 0.231192 0.362296 0.352720
v 0.167913 0.391125 0.343933
v 0.185169 0.457835 0.397851
v 0.248777 0.502789 0.391348
v 0.173621 0.422249 0.393016
v 0.310010 0.462230 0.379759
v 0.211839 0.371477 0.380908
v 0.279837 0.421912 0.292273
v 0.276427 0.506783 0.408395
v 0.184235 0.403223 0.401308
v 0.196159 0.387390 0.397074
v 0.308345 0.496634 0.425225
v 0.200488 0.403504 0.421569
v 0.200875 0.419333 0.434135
v 0.205625 0.446828 0.446466
v 0.328159 0.491250 0.458136
v 0.220724 0.412045 0.446277
v 0.324396 0.508265 0.486523
v 0.245598 0.440554 0.481954
v 0.255252 0.417957 0.259642
v 0.255252 0.417957 0.259642
v 0.230492 0.428464 0.244202
v 0.230492 0.428464 0.244202
v 0.210358 0.430066 0.252999
v 0.222016 0.436441 0.258891
v 0.210697 0.421024 0.249051
v 0.204427 0.424055 0.241559
v 0.207775 0.406505 0.249072
v 0.207775 0.406505 0.249072
v 0.207775 0.406505 0.249072
v 0.194142 0.400935 0.257392
v 0.194142 0.400935 0.257392
v 0.177709 0.402653 0.257129
v 0.187704 0.508281 0.264246
v 0.174548 0.404220 0.270782
v 0.174548 0.404220 0.270782
v 0.164804 0.404794 0.278685
v 0.164804 0.404794 0.278685
v 0.157547 0.409376 0.280400
v 0.171730 0.504490 0.283747
vn 0.3715 0.6725 -0.6401
vn 0.2116 0.9215 -0.3258
vn 0.2411 0.5841 -0.7750
vn 0.4606 0.6417 -0.6132
vn 0.7376 0.0242 -0.6748
vn 0.7656 0.2425 -0.5959
vn -0.5584 0.3871 -0.7337
vn -0.1340 -0.7435 -0.6552
vn -0.2893 -0.8906 -0.3509
vn -0.5305 -0.7205 -0.4465
vn -0.5305 -0.7206 -0.4464
vn -0.2895 -0.8905 -0.3511
vn 0.3855 -0.8574 0.3410
vn 0.6316 0.0414 -0.7742
vn 0.5690 0.5113 -0.6441
vn -0.3809 -0.5573 -0.7378
vn -0.6003 -0.6731 -0.4319
vn 0.3035 -0.6127 -0.7297
vn 0.3316 -0.8427 -0.4241
vn 0.7940 0.5999 -0.0979
vn 0.9005 0.3094 -0.3056
vn 0.7404 -0.2953 -0.6038
vn -0.1441 -0.9624 -0.2303
vn 0.6315 0.0410 -0.7743
vn -0.6182 -0.7730 -0.1427
vn 0.8794 0.1421 -0.4543
vn 0.7405 -0.2951 -0.6038
vn 0.4604 0.6419 -0.6132
vn 0.3165 0.8079 -0.4970
vn 0.5542 0.7929 -0.2532
vn 0.0783 -0.9655 -0.2484
vn 0.6656 0.4957 -0.5579
vn -0.2603 -0.9326 -0.2501
vn 0.8065 0.5174 0.2863
vn 0.6987 0.2304 0.6773
vn 0.5952 0.6265 0.5033
vn 0.8574 0.3088 0.4117
vn 0.3236 0.7860 0.5268
vn -0.9353 -0.3285 -0.1319
vn -0.6181 -0.7730 -0.1427
vn -0.7919 -0.5612 0.2407
vn -0.3049 -0.8831 0.3567
vn 0.5435 0.1754 0.8208
vn 0.7253 -0.6215 -0.2960
vn -0.7918 -0.5613 0.2408
vn 0.4753 0.7659 -0.4330
vn -0.0603 0.9849 -0.1624
vn -0.4147 0.7466 0.5202
vn -0.5564 -0.8144 0.1648
vn 0.6541 -0.7281 -0.2050
vn -0.8539 -0.5203 -0.0087
vn -0.9839 0.0882 0.1553
vn -0.5454 -0.1746 0.8198
vn 0.0947 0.9237 -0.3713
vn 0.3256 -0.9331 -0.1527
vn -0.7147 0.3004 0.6316
vn -0.0605 0.9848 -0.1625
vn -0.9437 -0.2441 0.2230
vn 0.9121 -0.3163 -0.2610
vn -0.4146 0.7465 0.5204
vn -0.2498 0.9400 -0.2323
vn -0.2254 -0.9720 0.0656
vn 0.9120 -0.3167 -0.2609
vn 0.4849 -0.8741 0.0291
vn 0.0540 -0.9936 0.0989
vn -0.7651 -0.6085 0.2105
vn 0.7387 -0.6725 -0.0460
vn -0.6442 0.7475 0.1620
vn -0.8521 0.4458 0.2743
vn -0.6440 0.7477 0.1618
vn -0.1919 0.9675 -0.1649
vn -0.9226 -0.0282 0.3848
vn 0.8198 0.3859 -0.4231
vn -0.3192 -0.9015 0.2923
vn 0.1243 -0.9417 0.3127
vn 0.9120 -0.3167 -0.2608
vn 0.8717 -0.4879 -0.0455
vn 0.7386 -0.6725 -0.0458
vn 0.2096 0.9346 -0.2873
vn -0.7692 -0.4495 0.4543
vn 0.9594 0.0839 -0.2692
vn 0.6226 -0.7705 0.1367
vn 0.4849 -0.8741 0.0293
vn 0.8719 -0.4876 -0.0457
vn -0.5586 -0.7257 0.4016
vn 0.4450 -0.8387 0.3140
vn 0.1247 -0.9416 0.3127
vn -0.2904 -0.8027 0.5209
vn 0.6102 0.7089 -0.3537
vn -0.5775 -0.5746 0.5799
vn 0.1156 0.9931 -0.0199
vn -0.7171 -0.3011 0.6286
vn 0.1206 -0.8714 0.4755
vn 0.7663 -0.6064 0.2125
vn 0.9595 0.0835 -0.2691
vn 0.9831 -0.1810 -0.0265
vn -0.8030 0.0920 0.5888
vn -0.2902 -0.8028 0.5209
vn 0.8469 0.4613 -0.2644
vn -0.4325 -0.5878 0.6836
vn 0.9773 0.0556 0.2043
vn -0.0512 -0.7605 0.6474
vn -0.0516 -0.7604 0.6475
vn -0.7337 0.3352 0.5911
vn -0.4510 0.8710 0.1947
vn 0.7645 0.6429 -0.0484
vn 0.0964 -0.7969 0.5964
vn -0.3154 -0.4899 0.8127
vn 0.9677 -0.2283 0.1068
vn -0.6367 -0.2362 0.7341
vn -0.6442 0.7475 0.1621
vn -0.7336 0.3354 0.5911
vn -0.4512 0.8709 0.1950
vn -0.3778 -0.5713 0.7286
vn 0.0617 -0.9422 0.3294
vn 0.7813 -0.6223 -0.0493
vn 0.8333 0.0777 -0.5473
vn -0.5048 -0.1945 -0.8410
vn 0.0512 -0.4400 -0.8965
vn -0.0162 -0.1016 -0.9947
vn -0.3781 -0.5711 0.7286
vn 0.9754 0.0090 0.2203
vn 0.3609 0.1241 -0.9243
vn 0.0511 -0.4398 -0.8966
vn 0.6203 0.6969 0.3599
vn 0.1154 0.9931 -0.0195
vn 0.2671 0.8645 0.4259
vn -0.4637 -0.3619 -0.8087
vn 0.0740 -0.2473 -0.9661
vn 0.5098 -0.0568 -0.8584
vn 0.6552 0.3561 -0.6662
vn -0.6031 -0.7324 0.3159
vn 0.5941 0.8028 0.0503
vn 0.5943 0.8027 0.0502
vn -0.8249 -0.2296 -0.5165
vn 0.7486 0.2025 -0.6313
vn -0.8690 -0.3484 -0.3513
vn 0.8395 0.5150 -0.1731
vn 0.3271 -0.4422 -0.8352
vn -0.2088 -0.4854 -0.8490
vn -0.4640 -0.3620 -0.8085
vn -0.8250 -0.2297 -0.5164
vn -0.5049 -0.1946 -0.8409
vn -0.8690 -0.3483 -0.3515
vn 0.1842 0.8292 0.5278
vn -0.3570 0.7371 0.5739
vn -0.6364 -0.4905 -0.5953
vn 0.8320 0.0649 -0.5510
vn -0.6827 -0.4907 0.5415
vn -0.3779 -0.5713 0.7285
vn 0.2670 0.8646 0.4257
vn 0.3270 -0.4424 -0.8351
vn -0.3000 -0.6981 -0.6501
vn -0.2091 -0.4856 -0.8488
vn 0.7303 -0.1105 -0.6741
vn 0.8589 0.3983 -0.3220
vn -0.6826 -0.4906 0.5416
vn 0.0765 0.5639 0.8223
vn 0.1548 0.7994 0.5805
vn 0.1840 0.8292 0.5278
vn -0.4209 -0.4238 0.8020
vn 0.5496 0.8317 0.0787
vn 0.1841 0.8290 0.5281
vn 0.1842 0.8290 0.5281
vn 0.1548 0.7995 0.5804
vn 0.5495 0.8317 0.0789
vn 0.2900 -0.2206 -0.9313
vn 0.7304 -0.1105 -0.6740
vn 0.6542 -0.4396 -0.6154
vn -0.7315 -0.5663 -0.3798
vn -0.8569 -0.3554 -0.3733
vn -0.6368 -0.2361 0.7340
vn -0.5075 0.2144 0.8345
vn -0.0913 0.4972 0.8628
vn 0.0464 0.8630 0.5031
vn 0.5494 0.8318 0.0789
vn -0.0436 -0.1354 -0.9898
vn 0.1355 0.1358 -0.9814
vn 0.4831 -0.0205 -0.8753
vn -0.3312 0.0107 -0.9435
vn 0.8322 0.0649 -0.5507
vn 0.7488 0.2026 -0.6310
vn 0.9476 0.1370 -0.2886
vn -0.9957 -0.0926 0.0017
vn -0.8690 -0.3481 -0.3516
vn -0.6827 -0.4907 0.5414
vn -0.4207 -0.4237 0.8022
vn -0.6827 -0.4906 0.5415
vn -0.6202 0.0440 0.7832
vn -0.4210 -0.4234 0.8022
vn 0.3381 -0.2831 -0.8975
vn 0.4841 0.2129 -0.8487
vn -0.1378 -0.1836 -0.9733
vn 0.7537 0.0626 -0.6542
vn 0.8590 0.3985 -0.3216
vn 0.8395 0.5150 -0.1729
vn 0.5496 0.8317 0.0791
vn 0.6711 0.6099 0.4214
vn -0.0188 0.1922 0.9812
vn -0.6127 -0.1499 -0.7760
vn -0.2921 -0.3503 -0.8899
vn -0.9658 -0.2489 -0.0725
vn -0.9957 -0.0924 0.0021
vn 0.8666 0.4869 0.1094
vn 0.0464 0.8628 0.5035
vn -0.6749 0.0950 -0.7318
vn -0.6103 -0.3041 -0.7315
vn 0.7539 0.0624 -0.6540
vn 0.7305 -0.1105 -0.6739
vn 0.9216 -0.0954 -0.3762
vn -0.6358 0.4256 0.6439
vn -0.0913 0.4971 0.8629
vn -0.2492 -0.4848 -0.8384
vn 0.7815 0.1412 -0.6077
vn 0.0484 0.6193 0.7837
vn -0.6717 -0.3766 -0.6380
vn 0.7882 0.3500 -0.5062
vn 0.9325 0.3607 -0.0175
vn 0.2326 -0.5431 -0.8069
vn 0.7193 -0.1482 -0.6787
vn 0.8860 0.0046 -0.4637
vn -0.8491 -0.3450 -0.4001
vn -0.8911 -0.1669 -0.4220
vn 0.9896 -0.1320 0.0575
vn -0.8087 -0.5877 0.0265
vn 0.9896 -0.1321 0.0573
vn -0.8629 0.1344 0.4871
vn 0.8582 -0.0504 -0.5109
vn 0.9609 0.2146 0.1753
vn 0.6643 0.5348 0.5222
vn -0.2429 0.4072 0.8805
vn 0.6809 -0.1224 -0.7221
vn 0.9411 0.2919 -0.1706
vn 0.7992 0.4392 0.4103
vn 0.2834 0.5386 0.7935
vn 0.7104 -0.2584 -0.6546
vn -0.8722 -0.3307 -0.3605
vn 0.9627 0.1256 -0.2397
vn 0.7884 0.3502 -0.5058
vn 0.9896 -0.1320 0.0573
vn 0.9357 -0.2697 0.2275
vn 0.9632 -0.0115 0.2687
vn -0.9345 -0.0788 0.3472
vn -0.3731 -0.6899 -0.6203
vn 0.7431 0.6598 -0.1120
vn -0.8738 -0.3735 0.3113
vn -0.9343 -0.0787 0.3476
vn 0.4461 -0.6621 -0.6022
vn -0.9785 0.0522 -0.1996
vn -0.9120 -0.4072 -0.0494
vn 0.9411 0.2921 -0.1703
vn 0.8385 0.5415 -0.0605
vn 0.9359 0.2955 0.1918
vn -0.7055 0.1661 0.6890
vn -0.1136 -0.6601 -0.7425
vn 0.8251 -0.3150 -0.4690
vn -0.9940 -0.1066 -0.0262
vn 0.5478 0.4199 0.7236
vn -0.3415 -0.8581 -0.3834
vn 0.5559 -0.7677 -0.3187
vn -0.7733 -0.5304 -0.3473
vn -0.9304 -0.1593 0.3301
vn 0.3478 -0.5909 -0.7279
vn -0.9407 -0.3278 -0.0873
vn 0.9908 0.1335 0.0233
vn 0.1699 0.4413 0.8811
vn -0.9818 0.0630 0.1792
vn -0.7856 -0.1656 0.5962
vn 0.8268 -0.0443 0.5608
vn -0.4737 -0.8373 -0.2728
vn 0.8911 0.3888 0.2339
vn 0.9313 0.2642 0.2506
vn 0.7117 0.6147 0.3399
vn -0.7854 -0.1655 0.5965
vn -0.3445 -0.7599 -0.5512
vn -0.0063 -0.6379 -0.7701
vn 0.4682 -0.3341 -0.8180
vn -0.8307 -0.5339 -0.1576
vn 0.6700 -0.3644 -0.6468
vn -0.9459 -0.0948 0.3102
vn 0.9907 0.1336 0.0237
vn -0.9817 0.0630 0.1796
vn -0.8866 0.2477 0.3906
vn -0.9304 -0.1592 0.3302
vn -0.4820 0.1542 0.8625
vn -0.1081 0.3369 0.9353
vn 0.3949 -0.8067 -0.4398
vn -0.6651 -0.3190 -0.6751
vn 0.9257 -0.0786 -0.3699
vn 0.9864 -0.0742 -0.1467
vn 0.9674 0.0650 -0.2450
vn 0.7352 0.1385 0.6635
vn 0.7352 0.1385 0.6636
vn -0.3352 -0.8427 -0.4213
vn -0.6400 -0.4504 -0.6225
vn -0.8327 0.3270 0.4469
vn -0.6520 0.0636 0.7555
vn 0.4946 0.0867 0.8648
vn 0.1445 -0.9788 -0.1450
vn -0.5928 -0.7436 -0.3093
vn 0.8282 -0.1496 -0.5402
vn 0.4531 0.2923 0.8422
vn 0.1587 0.3089 0.9378
vn -0.7234 -0.6094 -0.3244
vn -0.8156 0.1409 0.5612
vn 0.7629 0.3213 0.5611
vn -0.4172 -0.2384 0.8770
vn -0.8247 -0.5655 -0.0077
vn 0.2793 -0.8542 -0.4386
vn 0.8103 0.4472 -0.3787
vn 0.9865 -0.0740 -0.1463
vn 0.9931 0.1156 0.0174
vn 0.9258 -0.0787 -0.3697
vn -0.8990 -0.4137 0.1435
vn 0.8128 0.2795 0.5111
vn -0.9459 -0.0946 0.3105
vn 0.4737 0.5573 0.6819
vn -0.2439 0.1122 0.9633
vn 0.9931 0.1160 0.0173
vn 0.9674 0.0650 -0.2446
vn 0.9632 -0.0523 0.2635
vn -0.3862 0.4855 0.7843
vn -0.2456 0.3213 0.9146
vn -0.0665 0.7205 0.6903
vn 0.1756 -0.1425 0.9741
vn -0.9043 -0.4241 0.0492
vn -0.9358 -0.1140 0.3335
vn -0.7996 0.0180 0.6003
vn -0.6665 0.3302 0.6684
vn 0.1125 -0.9929 0.0373
vn -0.0400 -0.9683 -0.2466
vn -0.8111 -0.5848 0.0104
vn 0.7709 -0.4065 -0.4904
vn 0.3235 -0.9336 0.1543
vn -0.1932 -0.9812 -0.0010
vn 0.3494 -0.8344 -0.4262
vn 0.8279 0.0811 -0.5550
vn -0.9358 -0.1141 0.3337
vn 0.0148 0.5677 0.8231
vn 0.1412 -0.9876 -0.0680
vn 0.6520 0.5739 -0.4956
vn -0.9409 -0.3067 0.1437
vn -0.4869 0.2563 0.8350
vn 0.5500 0.2235 0.8047
vn -0.7341 -0.6511 0.1926
vn -0.9548 -0.1816 0.2352
vn 0.7937 0.6025 -0.0840
vn -0.6211 0.0737 0.7802
vn 0.1965 0.2523 0.9475
vn 0.9666 0.0973 -0.2372
vn 0.9418 0.1330 0.3086
vn 0.4511 0.8764 0.1688
vn 0.9418 0.1329 0.3087
vn 0.8683 0.1904 0.4580
vn -0.8318 -0.2021 0.5169
vn 0.9128 -0.2961 0.2812
vn 0.1997 0.4259 0.8825
vn 0.1752 -0.9362 0.3048
vn 0.1535 -0.9808 0.1201
vn 0.6813 0.6801 -0.2707
vn 0.3902 0.3135 0.8657
vn -0.2094 0.2460 0.9464
vn -0.4554 -0.8897 0.0323
vn -0.0906 -0.9937 0.0661
vn -0.0540 -0.9768 0.2071
vn -0.8275 -0.0075 0.5615
vn -0.6467 0.0011 0.7628
vn -0.5551 0.1179 0.8234
vn -0.9456 -0.2956 0.1355
vn -0.9702 0.1403 0.1978
vn 0.6951 0.5058 0.5109
vn 0.9883 -0.1040 0.1113
vn 0.8684 0.1903 0.4579
vn -0.0405 -0.9755 0.2164
vn 0.8970 0.3809 -0.2246
vn -0.5648 0.1704 0.8074
vn -0.5647 0.1703 0.8076
vn -0.2487 -0.8989 0.3606
vn 0.2017 -0.9094 0.3638
vn 0.2574 0.9241 0.2826
vn 0.4950 0.4119 0.7650
vn 0.1993 0.4259 0.8825
vn 0.1567 0.4301 0.8891
vn -0.2717 0.1883 0.9438
vn 0.2503 -0.1375 0.9583
vn 0.6491 -0.7604 0.0214
vn -0.0906 -0.9937 0.0657
vn -0.4554 -0.8897 0.0325
vn -0.8821 -0.2950 -0.3672
vn -0.9456 -0.2956 0.1357
vn 0.0779 0.9910 -0.1086
vn 0.3348 -0.9275 -0.1663
vn -0.9514 0.3024 -0.0579
vn 0.7678 0.4496 -0.4565
vn -0.9701 0.1402 0.1979
vn -0.3119 0.8886 0.3365
vn -0.2099 0.7440 0.6344
vn 0.4694 -0.2311 0.8522
vn -0.2369 -0.9533 -0.1875
vn -0.8294 -0.5572 -0.0399
vn -0.0047 -0.7934 0.6087
vn -0.8822 -0.2953 -0.3668
vn 0.9931 -0.0400 -0.1102
vn 0.7676 0.4499 -0.4564
vn 0.5184 0.8393 -0.1637
vn -0.7096 0.5713 0.4124
vn 0.3052 0.2492 0.9191
vn 0.1354 0.2579 0.9566
vn 0.2503 -0.1376 0.9584
vn 0.0011 0.3427 0.9394
vn -0.9515 0.3020 -0.0577
vn 0.9156 0.4021 -0.0016
vn 0.2587 0.8039 0.5356
vn 0.5719 0.7793 0.2561
vn -0.2102 0.7439 0.6343
vn 0.5752 0.5838 0.5729
vn -0.0438 0.9340 0.3545
vn -0.4142 -0.8970 0.1547
vn -0.2488 -0.8990 0.3605
vn -0.0045 -0.7934 0.6087
vn 0.9931 -0.0401 -0.1101
vn -0.0049 -0.7934 0.6087
vn 0.7880 -0.5489 0.2790
vn 0.2021 -0.9093 0.3638
vn -0.9983 0.0279 0.0508
vn 0.9156 0.4022 -0.0015
vn 0.0527 -0.9484 0.3126
vn 0.0946 0.3420 0.9349
vn 0.4173 0.8718 0.2564
vn -0.3122 0.8886 0.3362
vn -0.3726 0.8039 0.4637
vn -0.0225 0.9729 0.2301
vn -0.1090 -0.9642 0.2418
vn 0.3797 -0.8874 -0.2614
vn 0.8714 0.4472 0.2018
vn 0.9126 0.0844 0.4000
vn -0.6768 0.6422 0.3599
vn -0.2100 0.7438 0.6346
vn 0.0948 0.3419 0.9349
vn -0.6768 0.6423 0.3597
vn -0.0846 0.9662 0.2437
vn 0.3383 -0.8230 0.4563
vn 0.6094 -0.7207 0.3305
vn 0.7880 -0.5491 0.2786
vn 0.4463 0.7559 0.4789
vn 0.1445 -0.8577 0.4934
vn -0.4946 -0.5583 0.6661
vn 0.4567 -0.7683 0.4485
vn 0.9841 -0.0663 0.1648
vn -0.4579 0.3874 0.8001
vn -0.0213 0.6771 0.7356
vn -0.4862 -0.5929 0.6419
vn -0.0774 -0.5863 0.8064
vn -0.9028 0.0235 0.4294
vn -0.3198 0.0266 0.9471
vn 0.7265 0.5502 0.4116
vn -0.1443 -0.7334 0.6643
vn -0.1238 0.7962 0.5922
vn -0.0440 0.9340 0.3545
vn -0.0847 0.9661 0.2438
vn 0.2063 0.0174 0.9783
vn 0.8294 -0.1750 0.5306
vn 0.9841 -0.0667 0.1648
vn -0.6170 0.5545 0.5585
vn 0.7263 0.5502 0.4120
vn 0.4171 0.8718 0.2568
vn 0.4447 0.4650 0.7655
vn -0.5366 -0.8032 0.2588
vn -0.8330 -0.0063 0.5532
vn 0.0537 -0.9456 0.3208
vn -0.6089 -0.4800 0.6316
vn 0.7683 -0.0563 0.6376
vn 0.0044 0.4120 0.9112
vn -0.2162 -0.8699 -0.4433
vn 0.5143 -0.4701 0.7173
vt 0.153132 0.601735
vt 0.156017 0.602504
vt 0.159754 0.609341
vt 0.160068 0.594636
vt 0.156586 0.599464
vt 0.154721 0.590689
vt 0.159613 0.599287
vt 0.664427 0.894636
vt 0.650509 0.884328
vt 0.665152 0.887917
vt 0.505043 0.850061
vt 0.510989 0.861178
vt 0.504416 0.855296
vt 0.921381 0.822912
vt 0.925490 0.810436
vt 0.926713 0.821986
vt 0.657699 0.893971
vt 0.649526 0.890233
vt 0.669251 0.901523
vt 0.662379 0.911910
vt 0.163793 0.583221
vt 0.158846 0.581071
vt 0.672529 0.918880
vt 0.505434 0.860576
vt 0.676989 0.910238
vt 0.513383 0.865027
vt 0.918764 0.837058
vt 0.913091 0.827473
vt 0.936890 0.811981
vt 0.945096 0.828382
vt 0.167658 0.588442
vt 0.651505 0.912928
vt 0.645405 0.884007
vt 0.925820 0.831251
vt 0.948123 0.815866
vt 0.650494 0.902205
vt 0.170220 0.578295
vt 0.175274 0.569293
vt 0.171299 0.573843
vt 0.166645 0.570448
vt 0.176728 0.581115
vt 0.636081 0.886744
vt 0.521471 0.867181
vt 0.514343 0.867603
vt 0.180428 0.569431
vt 0.662475 0.928039
vt 0.635498 0.882245
vt 0.950888 0.853327
vt 0.179045 0.584296
vt 0.183552 0.580129
vt 0.633452 0.907152
vt 0.654460 0.930229
vt 0.634628 0.891224
vt 0.626636 0.886875
vt 0.630825 0.879964
vt 0.956868 0.837661
vt 0.647894 0.922456
vt 0.624695 0.878291
vt 0.957998 0.818071
vt 0.626145 0.894909
vt 0.914096 0.857868
vt 0.963066 0.813856
vt 0.961307 0.827480
vt 0.640972 0.914661
vt 0.664132 0.943715
vt 0.643424 0.933595
vt 0.638597 0.923575
vt 0.629057 0.900775
vt 0.653580 0.942863
vt 0.584623 0.892820
vt 0.618222 0.871617
vt 0.597373 0.897879
vt 0.978347 0.844680
vt 0.967101 0.851057
vt 0.609037 0.905570
vt 0.935735 0.863506
vt 0.626411 0.922020
vt 0.628370 0.932034
vt 0.718182 0.660156
vt 0.723817 0.635908
vt 0.727104 0.657293
vt 0.961700 0.859725
vt 0.612264 0.913729
vt 0.936610 0.879440
vt 0.734275 0.645866
vt 0.736415 0.668826
vt 0.923238 0.878045
vt 0.617495 0.918888
vt 0.739835 0.643669
vt 0.750463 0.661495
vt 0.615593 0.928882
vt 0.955199 0.870293
vt 0.608694 0.922061
vt 0.969567 0.886475
vt 0.601984 0.921211
vt 0.751754 0.645593
vt 0.733980 0.615780
vt 0.718489 0.624584
vt 0.724927 0.617063
vt 0.591441 0.917894
vt 0.761898 0.654638
vt 0.952006 0.883255
vt 0.600744 0.929723
vt 0.954331 0.890775
vt 0.756956 0.635139
vt 0.599402 0.937027
vt 0.721485 0.604321
vt 0.560817 0.931865
vt 0.978347 0.879264
vt 0.960424 0.889225
vt 0.746544 0.620400
vt 0.583873 0.933754
vt 0.727286 0.609971
vt 0.567872 0.935628
vt 0.536792 0.227271
vt 0.519973 0.188725
vt 0.531738 0.189402
vt 0.761547 0.609831
vt 0.742051 0.612839
vt 0.736451 0.611730
vt 0.730524 0.604125
vt 0.651829 0.027419
vt 0.650520 0.059036
vt 0.645877 0.029195
vt 0.637587 0.064964
vt 0.569319 0.938941
vt 0.721669 0.600874
vt 0.635675 0.043510
vt 0.739136 0.610398
vt 0.964353 0.891045
vt 0.536474 0.180829
vt 0.533665 0.177593
vt 0.648939 0.016976
vt 0.641858 0.015136
vt 0.633533 0.016480
vt 0.634573 0.065571
vt 0.748234 0.610710
vt 0.720074 0.595676
vt 0.961662 0.895543
vt 0.658003 0.028867
vt 0.624403 0.034867
vt 0.749231 0.608721
vt 0.723603 0.594733
vt 0.536792 0.174474
vt 0.634335 0.001561
vt 0.645929 0.010135
vt 0.282808 0.578640
vt 0.275147 0.589854
vt 0.271725 0.581816
vt 0.658003 0.064251
vt 0.632446 0.073592
vt 0.962430 0.896096
vt 0.523669 0.182163
vt 0.289952 0.581761
vt 0.622753 0.013760
vt 0.006493 0.058982
vt 0.000325 0.064934
vt 0.000325 0.051225
vt 0.966747 0.895221
vt 0.297142 0.557432
vt 0.303018 0.573575
vt 0.288951 0.572290
vt 0.628984 0.007751
vt 0.618463 0.051130
vt 0.754910 0.604715
vt 0.523709 0.179452
vt 0.528182 0.176619
vt 0.531957 0.169683
vt 0.563130 0.943715
vt 0.563596 0.939358
vt 0.719892 0.590656
vt 0.718182 0.594436
vt 0.001715 0.073592
vt 0.004289 0.066084
vt 0.008658 0.073592
vt 0.304337 0.556849
vt 0.291547 0.550923
vt 0.301127 0.553090
vt 0.303131 0.589547
vt 0.284465 0.591902
vt 0.514940 0.194641
vt 0.518809 0.184387
vt 0.524381 0.176511
vt 0.527486 0.169937
vt 0.531759 0.168752
vt 0.326101 0.562944
vt 0.309388 0.557031
vt 0.324541 0.550400
vt 0.317548 0.568656
vt 0.382170 0.978463
vt 0.378746 0.953880
vt 0.390255 0.979368
vt 0.264700 0.610846
vt 0.238264 0.604614
vt 0.234726 0.612611
vt 0.435873 0.910980
vt 0.438321 0.915537
vt 0.431335 0.915497
vt 0.513034 0.187157
vt 0.344111 0.553035
vt 0.310175 0.550311
vt 0.305612 0.566597
vt 0.302512 0.546858
vt 0.392770 0.941820
vt 0.403403 0.916558
vt 0.408862 0.913673
vt 0.410426 0.934599
vt 0.514468 0.178277
vt 0.519091 0.180662
vt 0.328217 0.574548
vt 0.339419 0.568329
vt 0.284368 0.601225
vt 0.454542 0.944828
vt 0.401430 0.949142
vt 0.414019 0.913381
vt 0.310708 0.580312
vt 0.307279 0.578610
vt 0.387819 0.999991
vt 0.378746 0.986652
vt 0.388940 0.991574
vt 0.427157 0.919159
vt 0.422827 0.910980
vt 0.355391 0.566123
vt 0.320020 0.541231
vt 0.419731 0.922371
vt 0.342351 0.577449
vt 0.311635 0.539381
vt 0.397539 0.969880
vt 0.369596 0.556709
vt 0.344786 0.544760
vt 0.340235 0.540410
vt 0.308995 0.590929
vt 0.335709 0.588470
vt 0.300401 0.538676
vt 0.304755 0.599354
vt 0.394556 0.999090
vt 0.440925 0.942638
vt 0.357784 0.541956
vt 0.399761 0.984159
vt 0.409531 0.948139
vt 0.426841 0.946539
vt 0.355720 0.547515
vt 0.321060 0.533429
vt 0.404787 0.966110
vt 0.419355 0.944431
vt 0.366943 0.545534
vt 0.345099 0.587969
vt 0.331557 0.534926
vt 0.147185 0.988724
vt 0.140115 0.998491
vt 0.139632 0.997305
vt 0.400287 0.993129
vt 0.276926 0.616878
vt 0.371601 0.569209
vt 0.135321 0.995828
vt 0.302671 0.605171
vt 0.448955 0.957492
vt 0.377315 0.552913
vt 0.318691 0.600219
vt 0.309499 0.601925
vt 0.142863 0.978170
vt 0.135412 0.986907
vt 0.405760 0.999886
vt 0.130178 0.995688
vt 0.440897 0.951869
vt 0.381552 0.562224
vt 0.376502 0.542329
vt 0.337498 0.600381
vt 0.414146 0.969454
vt 0.376169 0.569438
vt 0.380768 0.549128
vt 0.370083 0.581974
vt 0.310428 0.606809
vt 0.382573 0.554909
vt 0.352413 0.592636
vt 0.339002 0.531450
vt 0.424068 0.959408
vt 0.324647 0.607640
vt 0.297334 0.614198
vt 0.409043 0.993693
vt 0.380248 0.568119
vt 0.133845 0.977168
vt 0.134412 0.968291
vt 0.127355 0.988529
vt 0.443257 0.980081
vt 0.389958 0.568410
vt 0.388882 0.562157
vt 0.390130 0.549228
vt 0.377226 0.585273
vt 0.382187 0.545114
vt 0.344634 0.607403
vt 0.140883 0.961681
vt 0.077463 0.988139
vt 0.085447 0.988214
vt 0.087664 0.999992
vt 0.436490 0.972012
vt 0.427739 0.964959
vt 0.393640 0.550575
vt 0.384016 0.575543
vt 0.383542 0.541532
vt 0.377925 0.538761
vt 0.360314 0.536859
vt 0.125382 0.995232
vt 0.410225 0.997669
vt 0.392463 0.563143
vt 0.381563 0.580003
vt 0.090390 0.998953
vt 0.094972 0.998893
vt 0.416926 0.991890
vt 0.396792 0.567158
vt 0.391165 0.577273
vt 0.392438 0.544923
vt 0.436207 0.996508
vt 0.445304 0.995329
vt 0.117970 0.995137
vt 0.423841 0.978439
vt 0.384771 0.583088
vt 0.084765 0.976265
vt 0.125287 0.966237
vt 0.435698 0.988500
vt 0.415974 0.997871
vt 0.389002 0.586687
vt 0.398959 0.547901
vt 0.393234 0.537151
vt 0.143292 0.925058
vt 0.135916 0.922752
vt 0.143758 0.921236
vt 0.375274 0.592577
vt 0.127013 0.953950
vt 0.071917 0.965582
vt 0.117246 0.983105
vt 0.432474 0.982142
vt 0.388888 0.532830
vt 0.147185 0.940892
vt 0.131236 0.926838
vt 0.099968 0.986712
vt 0.105171 0.996700
vt 0.107402 0.992153
vt 0.427050 0.996512
vt 0.424505 0.992196
vt 0.380951 0.592281
vt 0.378458 0.601508
vt 0.082704 0.958185
vt 0.092496 0.982810
vt 0.404757 0.564590
vt 0.403810 0.553996
vt 0.392913 0.586978
vt 0.401825 0.543750
vt 0.400480 0.571451
vt 0.400622 0.577807
vt 0.402980 0.546862
vt 0.402164 0.540041
vt 0.077592 0.934290
vt 0.106718 0.986686
vt 0.408372 0.548921
vt 0.397476 0.536744
vt 0.379318 0.597406
vt 0.093728 0.969393
vt 0.114003 0.962440
vt 0.398532 0.588671
vt 0.387270 0.597061
vt 0.395458 0.532712
vt 0.089400 0.961608
vt 0.108182 0.967302
vt 0.408124 0.538341
vt 0.394650 0.527066
vt 0.400419 0.527967
vt 0.126774 0.923896
vt 0.122660 0.926579
vt 0.083196 0.934431
vt 0.418111 0.540014
vt 0.115241 0.925958
vt 0.406557 0.577502
vt 0.408823 0.571100
vt 0.405937 0.532511
vt 0.110317 0.953697
vt 0.099808 0.961593
vt 0.405181 0.587014
vt 0.418080 0.555542
vt 0.412956 0.566183
vt 0.387522 0.599901
vt 0.088383 0.933395
vt 0.094085 0.954346
vt 0.395493 0.596840
vt 0.391699 0.600674
vt 0.400395 0.525180
vt 0.397831 0.523041
vt 0.393798 0.522953
vt 0.408803 0.582905
vt 0.412358 0.536306
vt 0.389177 0.604702
vt 0.091024 0.926204
vt 0.417249 0.563141
vt 0.414522 0.575306
vt 0.402216 0.524752
vt 0.404058 0.521162
vt 0.403104 0.516149
vt 0.402023 0.518736
vt 0.093712 0.934032
vt 0.104605 0.925886
vt 0.110448 0.391113
vt 0.116953 0.390489
vt 0.128564 0.393936
vt 0.078450 0.914119
vt 0.084443 0.916427
vt 0.083332 0.918582
vt 0.404298 0.526034
vt 0.413981 0.582764
vt 0.086989 0.919683
vt 0.411376 0.532762
vt 0.085828 0.922849
vt 0.405916 0.521603
vt 0.412143 0.518158
vt 0.406723 0.510243
vt 0.411653 0.588822
vt 0.414533 0.596536
vt 0.416789 0.574003
vt 0.409345 0.600562
vt 0.417096 0.536744
vt 0.108291 0.366035
vt 0.122679 0.360712
vt 0.111974 0.367834
vt 0.091970 0.922586
vt 0.104254 0.921867
vt 0.099561 0.922986
vt 0.405339 0.507954
vt 0.408081 0.509192
vt 0.096742 0.925800
vt 0.419261 0.604548
vt 0.418218 0.531855
vt 0.096375 0.920457
vt 0.098011 0.916920
vt 0.103411 0.914633
vt 0.102309 0.918669
vt 0.092142 0.920094
vt 0.129028 0.390217
vt 0.136363 0.392549
vt 0.135876 0.382465
vt 0.105495 0.385735
vt 0.101263 0.909933
vt 0.099101 0.910246
vt 0.100437 0.908076
vt 0.422156 0.603280
vt 0.104483 0.375205
vt 0.120178 0.387588
vt 0.097003 0.905580
vt 0.100902 0.914205
vt 0.092436 0.913860
vt 0.129577 0.364466
vt 0.125068 0.368296
vt 0.120608 0.367107
vt 0.421417 0.594746
vt 0.112264 0.384809
vt 0.097502 0.913708
vt 0.109837 0.379439
vt 0.429773 0.611037
vt 0.136363 0.369671
vt 0.135725 0.374891
vt 0.087355 0.914833
vt 0.091080 0.915411
vt 0.424620 0.592935
vt 0.424258 0.590366
vt 0.417604 0.582381
vt 0.112840 0.372445
vt 0.116302 0.384728
vt 0.125504 0.385287
vt 0.111648 0.382245
vt 0.095139 0.907922
vt 0.124356 0.374311
vt 0.117606 0.372375
vt 0.421139 0.596457
vt 0.121186 0.384239
vt 0.423862 0.600389
vt 0.122083 0.378950
vt 0.091892 0.908441
vt 0.118308 0.380499
vt 0.437957 0.605025
vt 0.439845 0.616878
vt 0.441555 0.603730
vt 0.113351 0.379613
vt 0.428612 0.590607
vt 0.427827 0.587892
vt 0.432660 0.606341
vt 0.437022 0.592007
vt 0.440486 0.593516
vt 0.437013 0.595501
vt 0.427150 0.598946
vt 0.427020 0.601559
vt 0.429017 0.596755
vt 0.431476 0.600847
vt 0.432475 0.596924
vt 0.434725 0.600624
vt 0.431321 0.599609
vt 0.432105 0.599426
s 1
usemtl Material_0
f 5156/4667/4547 5155/4668/4548 5151/4669/4549
f 5156/4667/4547 5085/4670/4550 5153/4671/4551
f 5156/4667/4547 5087/4672/4552 5085/4670/4550
f 5156/4667/4547 5153/4671/4551 5155/4668/4548
f 5153/4671/4551 5154/4673/4553 5155/4668/4548
f 5155/4668/4548 5154/4673/4553 5151/4669/4549
f 5082/4674/4554 5165/4675/4555 5159/4676/4556
f 5158/4677/4557 5164/4678/4558 5161/4679/4559
f 5150/4680/4560 5152/4681/4549 5104/4682/4561
f 5153/4671/4551 5085/4670/4550 5154/4673/4553
f 5154/4673/4553 5085/4670/4550 5151/4669/4549
f 5092/4683/4562 5095/4684/4563 5082/4674/4554
f 5082/4674/4554 5083/4685/4564 5084/4686/4565
f 5082/4674/4554 5095/4684/4563 5165/4675/4555
f 5085/4670/4550 5087/4672/4552 5088/4687/4566
f 5087/4672/4552 5096/4688/4567 5088/4687/4566
f 5083/4685/4564 5100/4689/4568 5084/4686/4565
f 5162/4690/4569 5161/4679/4559 5164/4678/4558
f 5083/4685/4564 5149/4691/4570 5100/4689/4568
f 5162/4690/4569 5164/4678/4558 5166/4692/4571
f 5150/4680/4560 5137/4693/4572 5101/4694/4573
f 5150/4680/4560 5104/4682/4561 5137/4693/4572
f 5086/4695/4574 5093/4696/4575 5152/4681/4549
f 5085/4670/4550 5088/4687/4566 5089/4697/4576
f 5082/4674/4554 5091/4698/4577 5092/4683/4562
f 5095/4684/4563 5167/4699/4571 5165/4675/4555
f 5137/4693/4572 5104/4682/4561 5103/4700/4578
f 5104/4682/4561 5152/4681/4549 5093/4696/4575
f 5090/4701/4576 5093/4696/4575 5086/4695/4574
f 5092/4683/4562 5091/4698/4577 5094/4702/4579
f 5092/4683/4562 5094/4702/4579 5095/4684/4563
f 5096/4688/4567 5097/4703/4580 5088/4687/4566
f 5169/4704/4581 5098/4705/4582 5163/4706/4583
f 5097/4703/4580 5098/4705/4582 5099/4707/4584
f 5082/4674/4554 5084/4686/4565 5091/4698/4577
f 5095/4684/4563 5117/4708/4585 5167/4699/4571
f 5166/4692/4586 5118/4709/4587 5168/4710/4588
f 5088/4687/4566 5097/4703/4580 5089/4697/4576
f 5098/4705/4582 5169/4704/4581 5112/4711/4589
f 5100/4689/4568 5102/4712/4590 5084/4686/4565
f 5117/4708/4585 5119/4713/4591 5167/4699/4571
f 5103/4700/4578 5104/4682/4561 5105/4714/4592
f 5089/4697/4576 5097/4703/4580 5099/4707/4584
f 5089/4697/4576 5099/4707/4584 5106/4715/4593
f 5108/4716/4594 5098/4705/4582 5112/4711/4589
f 5099/4707/4584 5098/4705/4582 5108/4716/4594
f 5095/4684/4563 5094/4702/4579 5114/4717/4595
f 5084/4686/4565 5102/4712/4590 5115/4718/4596
f 5095/4684/4563 5116/4719/4597 5117/4708/4585
f 5119/4713/4591 5120/4720/4598 5122/4721/4599
f 5090/4701/4576 5123/4722/4600 5093/4696/4575
f 5084/4686/4565 5124/4723/4601 5091/4698/4577
f 5117/4708/4585 5120/4720/4598 5119/4713/4591
f 5093/4696/4575 5105/4714/4592 5104/4682/4561
f 5099/4707/4584 5108/4716/4594 5106/4715/4593
f 5084/4686/4565 5115/4718/4596 5124/4723/4601
f 5120/4720/4598 5126/4724/4602 5122/4721/4599
f 5107/4725/4603 5123/4722/4600 5090/4701/4576
f 5117/4708/4585 5116/4719/4597 5127/4726/4604
f 5117/4708/4585 5127/4726/4604 5120/4720/4598
f 5101/4694/4573 5137/4693/4572 5018/4727/4605
f 5107/4725/4603 5111/4728/4606 5128/4729/4607
f 5128/4729/4607 5123/4722/4600 5107/4725/4603
f 5091/4698/4577 5129/4730/4608 5094/4702/4579
f 5095/4684/4563 5114/4717/4595 5116/4719/4597
f 5100/4689/4568 5016/4731/4609 5102/4712/4590
f 5094/4702/4579 5129/4730/4608 5114/4717/4595
f 5115/4718/4596 5024/4732/4610 5124/4723/4601
f 5091/4698/4577 5130/4733/4611 5129/4730/4608
f 5091/4698/4577 5124/4723/4601 5130/4733/4611
f 5131/4734/4612 5127/4726/4604 5116/4719/4597
f 5114/4717/4595 5131/4734/4612 5116/4719/4597
f 5102/4712/4590 5021/4735/4613 5115/4718/4596
f 5016/4731/4609 5021/4735/4613 5102/4712/4590
f 5126/4724/4602 5061/4736/4614 5110/4737/4594
f 5126/4724/4602 5132/4738/4615 5061/4736/4614
f 5111/4728/4606 5062/4739/4616 5128/4729/4607
f 5093/4696/4575 5123/4722/4600 5105/4714/4592
f 5128/4729/4607 5133/4740/4617 5123/4722/4600
f 5130/4733/4611 5114/4717/4595 5129/4730/4608
f 5130/4733/4611 5124/4723/4601 5024/4732/4610
f 5134/4741/4618 5120/4720/4598 5127/4726/4604
f 5103/4700/4578 5105/4714/4592 5135/4742/4619
f 5136/4743/4620 5131/4734/4612 5114/4717/4595
f 5024/4732/4610 5115/4718/4596 5021/4735/4613
f 5137/4693/4572 5103/4700/4578 5135/4742/4619
f 5024/4732/4610 5027/4744/4621 5130/4733/4611
f 5130/4733/4611 5136/4743/4620 5114/4717/4595
f 5017/4745/4622 5019/4746/4623 5022/4747/4624
f 5123/4722/4600 5138/4748/4625 5105/4714/4592
f 5131/4734/4612 5139/4749/4626 5127/4726/4604
f 5137/4693/4572 5032/4750/4627 5018/4727/4605
f 5120/4720/4598 5132/4738/4615 5126/4724/4602
f 5130/4733/4611 5027/4744/4621 5136/4743/4620
f 5022/4747/4624 5023/4751/4628 5025/4752/4629
f 5018/4727/4605 5032/4750/4627 5020/4753/4630
f 5134/4741/4618 5132/4738/4615 5120/4720/4598
f 5128/4729/4607 5062/4739/4616 5133/4740/4617
f 5136/4743/4620 5140/4754/4631 5131/4734/4612
f 5131/4734/4612 5140/4754/4631 5139/4749/4626
f 5139/4749/4626 5134/4741/4618 5127/4726/4604
f 5025/4752/4629 5026/4755/4632 5028/4756/4633
f 5023/4751/4628 5026/4755/4632 5025/4752/4629
f 5019/4746/4623 5023/4751/4628 5022/4747/4624
f 5137/4693/4572 5135/4742/4619 5032/4750/4627
f 5133/4740/4617 5138/4748/4625 5123/4722/4600
f 5136/4743/4620 5034/4757/4634 5140/4754/4631
f 5105/4714/4592 5141/4758/4635 5135/4742/4619
f 5027/4744/4621 5034/4757/4634 5136/4743/4620
f 5142/4759/4636 5139/4749/4626 5140/4754/4631
f 5105/4714/4592 5138/4748/4625 5141/4758/4635
f 5133/4740/4617 5068/4760/4637 5138/4748/4625
f 5140/4754/4631 5034/4757/4634 5142/4759/4636
f 5139/4749/4626 5143/4761/4638 5134/4741/4618
f 5028/4756/4633 5026/4755/4632 5029/4762/4639
f 5023/4751/4628 5030/4763/4640 5026/4755/4632
f 5139/4749/4626 5142/4759/4636 5143/4761/4638
f 5019/4746/4623 5031/4764/4641 5033/4765/4642
f 5134/4741/4618 5144/4766/4643 5132/4738/4615
f 5023/4751/4628 5019/4746/4623 5030/4763/4640
f 5028/4756/4633 5029/4762/4639 5035/4767/4644
f 5135/4742/4619 5145/4768/4645 5032/4750/4627
f 5141/4758/4635 5145/4768/4645 5135/4742/4619
f 5142/4759/4636 5034/4757/4634 5146/4769/4646
f 5032/4750/4627 5145/4768/4645 5039/4770/4647
f 5029/4762/4639 5037/4771/4648 5035/4767/4644
f 5036/4772/4649 5146/4769/4646 5034/4757/4634
f 5031/4764/4641 5038/4773/4647 5033/4765/4642
f 5146/4769/4646 5143/4761/4638 5142/4759/4636
f 5143/4761/4638 5144/4766/4643 5134/4741/4618
f 5019/4746/4623 5033/4765/4642 5030/4763/4640
f 5064/4774/4650 5061/4736/4614 5132/4738/4615
f 5144/4766/4643 5064/4774/4650 5132/4738/4615
f 5062/4739/4616 5066/4775/4651 5133/4740/4617
f 5147/4776/4652 5145/4768/4645 5141/4758/4635
f 5141/4758/4635 5138/4748/4625 5068/4760/4637
f 5037/4771/4648 5029/4762/4639 5040/4777/4653
f 5029/4762/4639 5026/4755/4632 5040/4777/4653
f 5040/4777/4653 5026/4755/4632 5030/4763/4640
f 5148/4778/4654 5143/4761/4638 5146/4769/4646
f 5147/4776/4652 5141/4758/4635 5068/4760/4637
f 5033/4765/4642 5041/4779/4655 5030/4763/4640
f 5033/4765/4642 5038/4773/4647 5041/4779/4655
f 5133/4740/4617 5066/4775/4651 5068/4760/4637
f 5143/4761/4638 5148/4778/4654 5144/4766/4643
f 5146/4769/4646 5036/4772/4649 5148/4778/4654
f 5148/4778/4654 5078/4780/4656 5144/4766/4643
f 5145/4768/4645 5147/4776/4652 5039/4770/4647
f 5060/4781/4657 5063/4782/4658 5065/4783/4659
f 5040/4777/4653 4683/4784/4660 5037/4771/4648
f 5030/4763/4640 5042/4785/4661 5040/4777/4653
f 5030/4763/4640 5043/4786/4662 5042/4785/4661
f 5041/4779/4655 5045/4787/4663 5043/4786/4662
f 5030/4763/4640 5041/4779/4655 5043/4786/4662
f 4674/4788/4664 5046/4789/4665 5048/4790/4666
f 5048/4790/4666 5046/4789/4665 5044/4791/4663
f 5036/4772/4649 4682/4792/4667 5148/4778/4654
f 5049/4793/4668 5041/4779/4655 5038/4773/4647
f 5048/4790/4666 5044/4791/4663 5050/4794/4669
f 5042/4785/4661 5043/4786/4662 5047/4795/4670
f 5148/4778/4654 4682/4792/4667 5078/4780/4656
f 5043/4786/4662 5045/4787/4663 5047/4795/4670
f 5078/4780/4656 5064/4774/4650 5144/4766/4643
f 5045/4787/4663 5041/4779/4655 5049/4793/4668
f 5068/4760/4637 5072/4796/4671 5147/4776/4652
f 5067/4797/4672 5065/4783/4659 5069/4798/4673
f 4670/4799/4674 4674/4788/4664 5048/4790/4666
f 5048/4790/4666 5051/4800/4675 4670/4799/4674
f 5051/4800/4675 5048/4790/4666 5052/4801/4676
f 5048/4790/4666 5050/4794/4669 5052/4801/4676
f 5050/4794/4669 5044/4791/4663 5053/4802/4677
f 5040/4777/4653 5042/4785/4661 4685/4803/4678
f 5040/4777/4653 4685/4803/4678 4683/4784/4660
f 5038/4773/4647 5054/4804/4679 5049/4793/4668
f 5147/4776/4652 5055/4805/4680 5039/4770/4647
f 5072/4796/4671 5055/4805/4680 5147/4776/4652
f 4674/4788/4664 4672/4806/4681 5046/4789/4665
f 5050/4794/4669 4701/4807/4682 5052/4801/4676
f 5050/4794/4669 5053/4802/4677 4701/4807/4682
f 5042/4785/4661 5047/4795/4670 4707/4808/4683
f 5042/4785/4661 4707/4808/4683 4685/4803/4678
f 5045/4787/4663 5049/4793/4668 4722/4809/4684
f 5067/4797/4672 5069/4798/4673 5071/4810/4671
f 5051/4800/4675 4687/4811/4685 4690/4812/4686
f 5051/4800/4675 4690/4812/4686 4670/4799/4674
f 5051/4800/4675 5052/4801/4676 4687/4811/4685
f 4669/4813/4687 4671/4814/4688 4673/4815/4689
f 4672/4806/4681 4706/4816/4690 5046/4789/4665
f 5053/4802/4677 5044/4791/4663 4721/4817/4684
f 5055/4805/4680 5072/4796/4671 5059/4818/4691
f 5063/4782/4658 5073/4819/4692 5065/4783/4659
f 5065/4783/4659 5073/4819/4692 5069/4798/4673
f 4669/4813/4687 4675/4820/4693 4671/4814/4688
f 4701/4807/4682 4699/4821/4694 5052/4801/4676
f 4676/4822/4695 4681/4823/4696 4684/4824/4678
f 5059/4818/4691 5072/4796/4671 5070/4825/4697
f 4686/4826/4698 4688/4827/4699 4689/4828/4700
f 4675/4820/4693 4669/4813/4687 4689/4828/4700
f 4694/4829/4701 4687/4811/4685 5052/4801/4676
f 5053/4802/4677 4721/4817/4684 4719/4830/4702
f 4707/4808/4683 4680/4831/4703 4685/4803/4678
f 5049/4793/4668 5054/4804/4679 4722/4809/4684
f 5074/4832/4704 5076/4833/4705 5069/4798/4673
f 5057/4834/4706 5069/4798/4673 5076/4833/4705
f 5052/4801/4676 4699/4821/4694 4694/4829/4701
f 5053/4802/4677 4719/4830/4702 4701/4807/4682
f 4682/4792/4667 4679/4835/4703 4710/4836/4707
f 5054/4804/4679 4726/4837/4708 4722/4809/4684
f 5058/4838/4709 4726/4837/4708 5054/4804/4679
f 5056/4839/4710 5075/4840/4711 4723/4841/4712
f 4686/4826/4698 4691/4842/4713 4688/4827/4699
f 4686/4826/4698 4692/4843/4714 4695/4844/4715
f 4675/4820/4693 4696/4845/4716 4697/4846/4717
f 4675/4820/4693 4697/4846/4717 4671/4814/4688
f 4682/4792/4667 4710/4836/4707 5078/4780/4656
f 5077/4847/4718 5079/4848/4719 5063/4782/4658
f 5076/4833/4705 5074/4832/4704 4738/4849/4720
f 5076/4833/4705 4732/4850/4721 4725/4851/4722
f 5076/4833/4705 4738/4849/4720 4732/4850/4721
f 5073/4819/4692 5074/4832/4704 5069/4798/4673
f 4983/4852/4723 4715/4853/4724 4984/4854/4725
f 4983/4852/4723 4713/4855/4726 4715/4853/4724
f 4686/4826/4698 4695/4844/4715 4691/4842/4713
f 4689/4828/4700 4688/4827/4699 4675/4820/4693
f 4698/4856/4727 4700/4857/4728 4702/4858/4729
f 4671/4814/4688 4703/4859/4730 4705/4860/4731
f 4703/4859/4730 4677/4861/4732 4705/4860/4731
f 4708/4862/4733 4678/4863/4734 4711/4864/4735
f 5077/4847/4718 4709/4865/4736 5079/4848/4719
f 5063/4782/4658 5079/4848/4719 5073/4819/4692
f 4983/4852/4723 4984/4854/4725 4985/4866/4737
f 4984/4854/4725 4715/4853/4724 4728/4867/4738
f 4713/4855/4726 4714/4868/4739 4715/4853/4724
f 4714/4868/4739 4691/4842/4713 4715/4853/4724
f 4688/4827/4699 4696/4845/4716 4675/4820/4693
f 4695/4844/4715 4692/4843/4714 4716/4869/4740
f 4700/4857/4728 4718/4870/4741 4702/4858/4729
f 4720/4871/4742 4724/4872/4743 4727/4873/4744
f 4709/4865/4736 4712/4874/4735 5079/4848/4719
f 4738/4849/4720 5074/4832/4704 4712/4874/4735
f 4712/4874/4735 5074/4832/4704 5080/4875/4745
f 5073/4819/4692 5079/4848/4719 5080/4875/4745
f 5073/4819/4692 5080/4875/4745 5074/4832/4704
f 4986/4876/4746 4983/4852/4723 4987/4877/4747
f 4983/4852/4723 4985/4866/4737 4987/4877/4747
f 4986/4876/4746 4713/4855/4726 4983/4852/4723
f 4715/4853/4724 4691/4842/4713 4728/4867/4738
f 4691/4842/4713 4714/4868/4739 4688/4827/4699
f 4729/4878/4748 4703/4859/4730 4671/4814/4688
f 4704/4879/4749 4711/4864/4735 4678/4863/4734
f 4730/4880/4750 4718/4870/4741 4720/4871/4742
f 5079/4848/4719 4712/4874/4735 5080/4875/4745
f 4727/4873/4744 4724/4872/4743 4731/4881/4751
f 4733/4882/4752 4714/4868/4739 4713/4855/4726
f 4688/4827/4699 4714/4868/4739 4734/4883/4753
f 4691/4842/4713 4695/4844/4715 4716/4869/4740
f 4717/4884/4754 4693/4885/4755 4735/4886/4756
f 4711/4864/4735 4736/4887/4757 4737/4888/4758
f 4736/4887/4757 4731/4881/4751 4737/4888/4758
f 4988/4889/4759 4987/4877/4747 4985/4866/4737
f 4986/4876/4746 4733/4882/4752 4713/4855/4726
f 4728/4867/4738 4989/4890/4760 4984/4854/4725
f 4714/4868/4739 4733/4882/4752 4734/4883/4753
f 4691/4842/4713 4716/4869/4740 4728/4867/4738
f 4693/4885/4755 4702/4858/4729 4735/4886/4756
f 4693/4885/4755 4698/4856/4727 4702/4858/4729
f 4697/4846/4717 4729/4878/4748 4671/4814/4688
f 4720/4871/4742 4727/4873/4744 4730/4880/4750
f 4736/4887/4757 4739/4891/4761 4731/4881/4751
f 4987/4877/4747 4990/4892/4762 4986/4876/4746
f 4728/4867/4738 4743/4893/4763 4989/4890/4760
f 4702/4858/4729 4718/4870/4741 4740/4894/4764
f 4718/4870/4741 4730/4880/4750 4740/4894/4764
f 4727/4873/4744 4731/4881/4751 4739/4891/4761
f 4985/4866/4737 4927/4895/4765 4988/4889/4759
f 4984/4854/4725 4991/4896/4766 4985/4866/4737
f 4984/4854/4725 4989/4890/4760 4992/4897/4767
f 4733/4882/4752 4741/4898/4768 4734/4883/4753
f 4734/4883/4753 4741/4898/4768 4688/4827/4699
f 4716/4869/4740 4743/4893/4763 4728/4867/4738
f 4987/4877/4747 4988/4889/4759 4990/4892/4762
f 4990/4892/4762 4993/4899/4769 4986/4876/4746
f 4986/4876/4746 4993/4899/4769 4733/4882/4752
f 4993/4899/4769 4741/4898/4768 4733/4882/4752
f 4688/4827/4699 4741/4898/4768 4696/4845/4716
f 4716/4869/4740 4745/4900/4770 4743/4893/4763
f 4696/4845/4716 4747/4901/4771 4697/4846/4717
f 4735/4886/4756 4746/4902/4772 4717/4884/4754
f 4697/4846/4717 4747/4901/4771 4729/4878/4748
f 4748/4903/4773 4736/4887/4757 4711/4864/4735
f 4985/4866/4737 4991/4896/4766 4947/4904/4774
f 4702/4858/4729 4749/4905/4775 4735/4886/4756
f 4730/4880/4750 4727/4873/4744 4750/4906/4776
f 4751/4907/4777 4739/4891/4761 4736/4887/4757
f 4927/4895/4765 4985/4866/4737 4994/4908/4778
f 4991/4896/4766 4984/4854/4725 4992/4897/4767
f 4743/4893/4763 4996/4909/4779 4989/4890/4760
f 4696/4845/4716 4741/4898/4768 4747/4901/4771
f 4740/4894/4764 4730/4880/4750 4752/4910/4780
f 4704/4879/4749 4748/4903/4773 4711/4864/4735
f 4727/4873/4744 4739/4891/4761 4753/4911/4781
f 4739/4891/4761 4751/4907/4777 4753/4911/4781
f 4927/4895/4765 4994/4908/4778 4930/4912/4782
f 4994/4908/4778 4985/4866/4737 4947/4904/4774
f 4997/4913/4783 4993/4899/4769 4990/4892/4762
f 4992/4897/4767 4989/4890/4760 4998/4914/4784
f 4989/4890/4760 4996/4909/4779 4998/4914/4784
f 4742/4915/4785 4744/4916/4786 4754/4917/4787
f 4735/4886/4756 4749/4905/4775 4755/4918/4788
f 4729/4878/4748 4756/4919/4789 4703/4859/4730
f 4988/4889/4759 4927/4895/4765 4940/4920/4790
f 4994/4908/4778 4947/4904/4774 4930/4912/4782
f 4991/4896/4766 4992/4897/4767 4947/4904/4774
f 4744/4916/4786 4758/4921/4791 4754/4917/4787
f 4735/4886/4756 4755/4918/4788 4746/4902/4772
f 4747/4901/4771 4759/4922/4792 4729/4878/4748
f 4702/4858/4729 4740/4894/4764 4749/4905/4775
f 4729/4878/4748 4759/4922/4792 4756/4919/4789
f 4757/4923/4793 4748/4903/4773 4704/4879/4749
f 4730/4880/4750 4750/4906/4776 4752/4910/4780
f 4927/4895/4765 4930/4912/4782 4928/4924/4794
f 4940/4920/4790 4990/4892/4762 4988/4889/4759
f 4741/4898/4768 4760/4925/4795 4761/4926/4796
f 4995/4927/4797 4742/4915/4785 4762/4928/4798
f 4741/4898/4768 4761/4926/4796 4747/4901/4771
f 4754/4917/4787 4758/4921/4791 4742/4915/4785
f 4993/4899/4769 4760/4925/4795 4741/4898/4768
f 4742/4915/4785 4758/4921/4791 4762/4928/4798
f 4755/4918/4788 4764/4929/4799 4746/4902/4772
f 4744/4916/4786 4763/4930/4799 4758/4921/4791
f 4740/4894/4764 4752/4910/4780 4749/4905/4775
f 4748/4903/4773 4765/4931/4800 4736/4887/4757
f 4765/4931/4800 4751/4907/4777 4736/4887/4757
f 4927/4895/4765 4928/4924/4794 4929/4932/4801
f 4930/4912/4782 4931/4933/4802 4928/4924/4794
f 4999/4934/4803 4760/4925/4795 4993/4899/4769
f 4750/4906/4776 4753/4911/4781 4766/4935/4804
f 4750/4906/4776 4727/4873/4744 4753/4911/4781
f 4927/4895/4765 4932/4936/4805 4940/4920/4790
f 4929/4932/4801 4932/4936/4805 4927/4895/4765
f 4931/4933/4802 4933/4937/4806 4928/4924/4794
f 4990/4892/4762 4942/4938/4807 4997/4913/4783
f 4760/4925/4795 4768/4939/4808 4761/4926/4796
f 4761/4926/4796 4768/4939/4808 4747/4901/4771
f 4757/4923/4793 4765/4931/4800 4748/4903/4773
f 4750/4906/4776 4766/4935/4804 4752/4910/4780
f 4928/4924/4794 4934/4940/4809 4929/4932/4801
f 4940/4920/4790 4942/4938/4807 4990/4892/4762
f 4930/4912/4782 4947/4904/4774 4931/4933/4802
f 5000/4941/4810 4999/4934/4803 4997/4913/4783
f 4997/4913/4783 4999/4934/4803 4993/4899/4769
f 4992/4897/4767 4998/4914/4784 5002/4942/4811
f 4998/4914/4784 4996/4909/4779 5002/4942/4811
f 4747/4901/4771 4768/4939/4808 4759/4922/4792
f 4758/4921/4791 4763/4930/4799 4762/4928/4798
f 4753/4911/4781 4770/4943/4812 4766/4935/4804
f 4753/4911/4781 4751/4907/4777 4770/4943/4812
f 4942/4938/4807 5000/4941/4810 4997/4913/4783
f 4999/4934/4803 4775/4944/4813 4760/4925/4795
f 4759/4922/4792 4771/4945/4814 4756/4919/4789
f 4749/4905/4775 4752/4910/4780 4773/4946/4815
f 4752/4910/4780 4766/4935/4804 4773/4946/4815
f 4929/4932/4801 4935/4947/4816 4932/4936/4805
f 4928/4924/4794 4933/4937/4806 4934/4940/4809
f 4760/4925/4795 4775/4944/4813 4768/4939/4808
f 4995/4927/4797 5003/4948/4817 5004/4949/4818
f 4995/4927/4797 4762/4928/4798 5003/4948/4817
f 4763/4930/4799 4776/4950/4819 4762/4928/4798
f 4759/4922/4792 4768/4939/4808 4771/4945/4814
f 4749/4905/4775 4764/4929/4799 4755/4918/4788
f 4749/4905/4775 4773/4946/4815 4764/4929/4799
f 4757/4923/4793 4772/4951/4820 4765/4931/4800
f 4936/4952/4821 4929/4932/4801 4937/4953/4822
f 4936/4952/4821 4935/4947/4816 4929/4932/4801
f 4929/4932/4801 4934/4940/4809 4937/4953/4822
f 4937/4953/4822 4934/4940/4809 4938/4954/4823
f 4932/4936/4805 4939/4955/4824 4940/4920/4790
f 4933/4937/4806 4931/4933/4802 4941/4956/4825
f 4940/4920/4790 4939/4955/4824 4942/4938/4807
f 5000/4941/4810 5006/4957/4826 4999/4934/4803
f 4992/4897/4767 5002/4942/4811 4947/4904/4774
f 5001/4958/4827 4995/4927/4797 5004/4949/4818
f 4774/4959/4828 4777/4960/4829 4767/4961/4830
f 4762/4928/4798 4776/4950/4819 5003/4948/4817
f 4778/4962/4831 4751/4907/4777 4765/4931/4800
f 4778/4962/4831 4779/4963/4832 4751/4907/4777
f 4751/4907/4777 4779/4963/4832 4770/4943/4812
f 4938/4954/4823 4943/4964/4833 4937/4953/4822
f 4936/4952/4821 4944/4965/4834 4935/4947/4816
f 4934/4940/4809 4933/4937/4806 4941/4956/4825
f 4934/4940/4809 4941/4956/4825 4938/4954/4823
f 4931/4933/4802 4946/4966/4835 4941/4956/4825
f 4931/4933/4802 4947/4904/4774 4949/4967/4836
f 4947/4904/4774 5002/4942/4811 4963/4968/4837
f 4763/4930/4799 4780/4969/4838 4776/4950/4819
f 4764/4929/4799 4773/4946/4815 4781/4970/4839
f 4937/4953/4822 4943/4964/4833 4950/4971/4840
f 4944/4965/4834 4951/4972/4841 4935/4947/4816
f 4932/4936/4805 4935/4947/4816 4951/4972/4841
f 4938/4954/4823 4941/4956/4825 4946/4966/4835
f 4932/4936/4805 4951/4972/4841 4939/4955/4824
f 4931/4933/4802 4949/4967/4836 4946/4966/4835
f 4947/4904/4774 4963/4968/4837 4949/4967/4836
f 4777/4960/4829 4782/4973/4842 4767/4961/4830
f 4782/4973/4842 4783/4974/4843 4767/4961/4830
f 4766/4935/4804 4785/4975/4844 4773/4946/4815
f 4772/4951/4820 4778/4962/4831 4765/4931/4800
f 4937/4953/4822 4952/4976/4845 4936/4952/4821
f 4937/4953/4822 4950/4971/4840 4952/4976/4845
f 4936/4952/4821 4953/4977/4846 4944/4965/4834
f 4954/4978/4847 4938/4954/4823 4946/4966/4835
f 4784/4979/4843 4772/4951/4820 4769/4980/4830
f 4786/4981/4848 4776/4950/4819 4780/4969/4838
f 4788/4982/4849 4770/4943/4812 4779/4963/4832
f 4770/4943/4812 4788/4982/4849 4766/4935/4804
f 4943/4964/4833 4938/4954/4823 4954/4978/4847
f 4955/4983/4850 4951/4972/4841 4944/4965/4834
f 4999/4934/4803 5006/4957/4826 4775/4944/4813
f 5007/4984/4851 4777/4960/4829 4774/4959/4828
f 5003/4948/4817 4776/4950/4819 5008/4985/4852
f 4777/4960/4829 4783/4974/4843 4782/4973/4842
f 4784/4979/4843 4789/4986/4853 4772/4951/4820
f 4787/4987/4848 4781/4970/4839 4785/4975/4844
f 4785/4975/4844 4781/4970/4839 4773/4946/4815
f 4789/4986/4853 4778/4962/4831 4772/4951/4820
f 4785/4975/4844 4766/4935/4804 4788/4982/4849
f 4952/4976/4845 4953/4977/4846 4936/4952/4821
f 4953/4977/4846 4956/4988/4854 4944/4965/4834
f 4943/4964/4833 4954/4978/4847 4957/4989/4855
f 4944/4965/4834 4956/4988/4854 4955/4983/4850
f 4954/4978/4847 4946/4966/4835 4958/4990/4856
f 4955/4983/4850 4939/4955/4824 4951/4972/4841
f 4948/4991/4857 4959/4992/4858 4945/4993/4859
f 4942/4938/4807 4939/4955/4824 4961/4994/4860
f 4942/4938/4807 4961/4994/4860 5000/4941/4810
f 5001/4958/4827 5004/4949/4818 4981/4995/4861
f 5005/4996/4862 5007/4984/4851 4774/4959/4828
f 4786/4981/4848 4790/4997/4863 4776/4950/4819
f 4791/4998/4864 4779/4963/4832 4778/4962/4831
f 4791/4998/4864 4788/4982/4849 4779/4963/4832
f 4946/4966/4835 4960/4999/4865 4958/4990/4856
f 4948/4991/4857 4962/5000/4866 4964/5001/4867
f 4776/4950/4819 4790/4997/4863 5008/4985/4852
f 4792/5002/4868 4793/5003/4869 4783/4974/4843
f 4793/5003/4869 4795/5004/4870 4786/4981/4848
f 4787/4987/4848 4785/4975/4844 4794/5005/4869
f 4789/4986/4853 4791/4998/4864 4778/4962/4831
f 4796/5006/4871 4788/4982/4849 4791/4998/4864
f 4785/4975/4844 4788/4982/4849 4796/5006/4871
f 4955/4983/4850 4965/5007/4872 4939/4955/4824
f 4948/4991/4857 4964/5001/4867 4959/4992/4858
f 5000/4941/4810 4978/5008/4873 5006/4957/4826
f 5005/4996/4862 4982/5009/4874 5007/4984/4851
f 5003/4948/4817 5008/4985/4852 5004/4949/4818
f 4777/4960/4829 5009/5010/4875 4783/4974/4843
f 4792/5002/4868 4795/5004/4870 4793/5003/4869
f 4786/4981/4848 4795/5004/4870 4790/4997/4863
f 4784/4979/4843 4796/5006/4871 4789/4986/4853
f 4794/5005/4869 4796/5006/4871 4784/4979/4843
f 4794/5005/4869 4785/4975/4844 4796/5006/4871
f 4789/4986/4853 4796/5006/4871 4791/4998/4864
f 4952/4976/4845 4950/4971/4840 4966/5011/4876
f 4943/4964/4833 4967/5012/4877 4950/4971/4840
f 4943/4964/4833 4957/4989/4855 4967/5012/4877
f 4956/4988/4854 4953/4977/4846 4968/5013/4878
f 4957/4989/4855 4954/4978/4847 4969/5014/4879
f 4954/4978/4847 4958/4990/4856 4969/5014/4879
f 4939/4955/4824 4965/5007/4872 4961/4994/4860
f 4961/4994/4860 4978/5008/4873 5000/4941/4810
f 4962/5000/4866 5001/4958/4827 4964/5001/4867
f 5007/4984/4851 5009/5010/4875 4777/4960/4829
f 4783/4974/4843 5009/5010/4875 4792/5002/4868
f 4952/4976/4845 4970/5015/4880 4971/5016/4881
f 4966/5011/4876 4970/5015/4880 4952/4976/4845
f 4950/4971/4840 4967/5012/4877 4966/5011/4876
f 4957/4989/4855 4972/5017/4882 4967/5012/4877
f 4972/5017/4882 4957/4989/4855 4969/5014/4879
f 4958/4990/4856 4973/5018/4883 4969/5014/4879
f 5001/4958/4827 4981/4995/4861 4964/5001/4867
f 5005/4996/4862 4977/5019/4884 4982/5009/4874
f 4981/4995/4861 5004/4949/4818 5008/4985/4852
f 4792/5002/4868 5010/5020/4885 4795/5004/4870
f 4953/4977/4846 4952/4976/4845 4971/5016/4881
f 4972/5017/4882 4969/5014/4879 4797/5021/4886
f 4958/4990/4856 4974/5022/4887 4973/5018/4883
f 4956/4988/4854 4965/5007/4872 4955/4983/4850
f 4965/5007/4872 4975/5023/4888 4961/4994/4860
f 5011/5024/4889 5009/5010/4875 5007/4984/4851
f 5008/4985/4852 4790/4997/4863 5012/5025/4890
f 4795/5004/4870 5010/5020/4885 4790/4997/4863
f 4972/5017/4882 4797/5021/4886 4967/5012/4877
f 4953/4977/4846 4971/5016/4881 4810/5026/4891
f 4968/5013/4878 4802/5027/4892 4956/4988/4854
f 4965/5007/4872 4802/5027/4892 4975/5023/4888
f 4958/4990/4856 4960/4999/4865 4976/5028/4893
f 4961/4994/4860 4975/5023/4888 4978/5008/4873
f 4982/5009/4874 5013/5029/4894 5007/4984/4851
f 5007/4984/4851 5013/5029/4894 5011/5024/4889
f 5011/5024/4889 4792/5002/4868 5009/5010/4875
f 5012/5025/4890 4790/4997/4863 5014/5030/4895
f 5010/5020/4885 4792/5002/4868 5014/5030/4895
f 4967/5012/4877 4797/5021/4886 4966/5011/4876
f 4953/4977/4846 4810/5026/4891 4968/5013/4878
f 4974/5022/4887 4819/5031/4896 4973/5018/4883
f 4956/4988/4854 4802/5027/4892 4965/5007/4872
f 4958/4990/4856 4976/5028/4893 4974/5022/4887
f 4960/4999/4865 4980/5032/4897 4836/5033/4898
f 4960/4999/4865 4836/5033/4898 4976/5028/4893
f 4964/5001/4867 4979/5034/4899 4959/4992/4858
f 4964/5001/4867 4821/5035/4900 4979/5034/4899
f 4844/5036/4901 4982/5009/4874 4977/5019/4884
f 4970/5015/4880 4966/5011/4876 4971/5016/4881
f 4797/5021/4886 4969/5014/4879 4799/5037/4902
f 4968/5013/4878 4810/5026/4891 4802/5027/4892
f 4973/5018/4883 4819/5031/4896 4969/5014/4879
f 4981/4995/4861 4821/5035/4900 4964/5001/4867
f 4981/4995/4861 4823/5038/4903 4821/5035/4900
f 5010/5020/4885 5014/5030/4895 4790/4997/4863
f 4809/5039/4904 4971/5016/4881 4966/5011/4876
f 4809/5039/4904 4966/5011/4876 4807/5040/4905
f 4799/5037/4902 4969/5014/4879 4819/5031/4896
f 4819/5031/4896 4974/5022/4887 4835/5041/4906
f 4823/5038/4903 4981/4995/4861 4857/5042/4907
f 4857/5042/4907 4981/4995/4861 5008/4985/4852
f 5012/5025/4890 4857/5042/4907 5008/4985/4852
f 4828/5043/4908 5011/5024/4889 5013/5029/4894
f 4828/5043/4908 5014/5030/4895 5011/5024/4889
f 5011/5024/4889 5014/5030/4895 4792/5002/4868
f 4971/5016/4881 4809/5039/4904 4812/5044/4909
f 4797/5021/4886 4799/5037/4902 4801/5045/4910
f 4812/5044/4909 4810/5026/4891 4971/5016/4881
f 4966/5011/4876 4814/5046/4911 4807/5040/4905
f 4797/5021/4886 4801/5045/4910 4966/5011/4876
f 4966/5011/4876 4801/5045/4910 4814/5046/4911
f 4974/5022/4887 4976/5028/4893 4835/5041/4906
f 4802/5027/4892 4813/5047/4912 4975/5023/4888
f 4975/5023/4888 4813/5047/4912 4978/5008/4873
f 4843/5048/4913 4982/5009/4874 4844/5036/4901
f 4982/5009/4874 5015/5049/4914 5013/5029/4894
f 4810/5026/4891 4804/5050/4915 4802/5027/4892
f 4802/5027/4892 4804/5050/4915 4806/5051/4916
f 4976/5028/4893 4836/5033/4898 4835/5041/4906
f 4980/5032/4897 4842/5052/4917 4836/5033/4898
f 4980/5032/4897 4840/5053/4918 4842/5052/4917
f 4822/5054/4919 4840/5053/4918 4980/5032/4897
f 5013/5029/4894 5015/5049/4914 4828/5043/4908
f 5012/5025/4890 4828/5043/4908 4857/5042/4907
f 4828/5043/4908 5012/5025/4890 5014/5030/4895
f 4807/5040/4905 4808/5055/4920 4809/5039/4904
f 4810/5026/4891 4812/5044/4909 4804/5050/4915
f 4819/5031/4896 4835/5041/4906 4820/5056/4921
f 4802/5027/4892 4806/5051/4916 4813/5047/4912
f 4813/5047/4912 4839/5057/4922 4978/5008/4873
f 4977/5019/4884 4838/5058/4923 4844/5036/4901
f 4809/5039/4904 4808/5055/4920 4812/5044/4909
f 4814/5046/4911 4801/5045/4910 4816/5059/4924
f 4814/5046/4911 4818/5060/4925 4807/5040/4905
f 4819/5031/4896 4820/5056/4921 4799/5037/4902
f 4836/5033/4898 4842/5052/4917 4837/5061/4926
f 4840/5053/4918 4822/5054/4919 4841/5062/4927
f 4822/5054/4919 4824/5063/4928 4825/5064/4929
f 4843/5048/4913 4829/5065/4930 4982/5009/4874
f 4982/5009/4874 4829/5065/4930 5015/5049/4914
f 4829/5065/4930 4828/5043/4908 5015/5049/4914
f 4826/5066/4931 4828/5043/4908 4829/5065/4930
f 4857/5042/4907 4828/5043/4908 4826/5066/4931
f 4798/5067/4902 4830/5068/4932 4800/5069/4933
f 4807/5040/4905 4818/5060/4925 4808/5055/4920
f 4811/5070/4934 4831/5071/4935 4803/5072/4936
f 4834/5073/4937 4835/5041/4906 4836/5033/4898
f 4836/5033/4898 4837/5061/4926 4834/5073/4937
f 4813/5047/4912 4806/5051/4916 4839/5057/4922
f 4840/5053/4918 4841/5062/4927 4842/5052/4917
f 4838/5058/4923 4843/5048/4913 4844/5036/4901
f 4846/5074/4938 4812/5044/4909 4808/5055/4920
f 4846/5074/4938 4808/5055/4920 4818/5060/4925
f 4818/5060/4925 4814/5046/4911 4816/5059/4924
f 4831/5071/4935 4847/5075/4939 4803/5072/4936
f 4820/5056/4921 4835/5041/4906 4850/5076/4940
f 4847/5075/4939 4805/5077/4941 4803/5072/4936
f 4850/5076/4940 4835/5041/4906 4834/5073/4937
f 4852/5078/4942 4837/5061/4926 4841/5062/4927
f 4837/5061/4926 4842/5052/4917 4841/5062/4927
f 4852/5078/4942 4834/5073/4937 4837/5061/4926
f 4855/5079/4943 4824/5063/4928 4856/5080/4944
f 4841/5062/4927 4822/5054/4919 4825/5064/4929
f 4823/5038/4903 4857/5042/4907 4826/5066/4931
f 4846/5074/4938 4858/5081/4945 4812/5044/4909
f 4859/5082/4946 4812/5044/4909 4858/5081/4945
f 4818/5060/4925 4816/5059/4924 4862/5083/4947
f 4859/5082/4946 4832/5084/4948 4812/5044/4909
f 4799/5037/4902 4820/5056/4921 4864/5085/4949
f 4849/5086/4950 4833/5087/4937 4865/5088/4951
f 4855/5079/4943 4841/5062/4927 4824/5063/4928
f 4805/5077/4941 4847/5075/4939 4866/5089/4952
f 4866/5089/4952 4838/5058/4923 4805/5077/4941
f 4867/5090/4953 4826/5066/4931 4869/5091/4954
f 4856/5080/4944 4827/5092/4955 4868/5093/4953
f 4855/5079/4943 4856/5080/4944 4868/5093/4953
f 4824/5063/4928 4841/5062/4927 4825/5064/4929
f 4866/5089/4952 4870/5094/4956 4838/5058/4923
f 4827/5092/4955 4856/5080/4944 4824/5063/4928
f 4829/5065/4930 4843/5048/4913 4838/5058/4923
f 4838/5058/4923 4870/5094/4956 4829/5065/4930
f 4832/5084/4948 4859/5082/4946 4848/5095/4957
f 4820/5056/4921 4850/5076/4940 4864/5085/4949
f 4850/5076/4940 4872/5096/4958 4864/5085/4949
f 4855/5079/4943 4852/5078/4942 4841/5062/4927
f 4869/5091/4954 4873/5097/4959 4874/5098/4960
f 4874/5098/4960 4867/5090/4953 4869/5091/4954
f 4853/5099/4961 4867/5090/4953 4875/5100/4962
f 4870/5094/4956 4873/5097/4959 4869/5091/4954
f 4866/5089/4952 4876/5101/4963 4870/5094/4956
f 4869/5091/4954 4826/5066/4931 4870/5094/4956
f 4800/5069/4933 4878/5102/4964 4815/5103/4965
f 4830/5068/4932 4878/5102/4964 4800/5069/4933
f 4815/5103/4965 4878/5102/4964 4861/5104/4966
f 4830/5068/4932 4798/5067/4902 4863/5105/4967
f 4860/5106/4968 4879/5107/4969 4817/5108/4970
f 4859/5082/4946 4881/5109/4971 4848/5095/4957
f 4849/5086/4950 4865/5088/4951 4871/5110/4972
f 4875/5100/4962 4867/5090/4953 4874/5098/4960
f 4870/5094/4956 4876/5101/4963 4873/5097/4959
f 4826/5066/4931 4829/5065/4930 4870/5094/4956
f 4830/5068/4932 4863/5105/4967 4882/5111/4973
f 4817/5108/4970 4879/5107/4969 4845/5112/4938
f 4860/5106/4968 4883/5113/4974 4879/5107/4969
f 4875/5100/4962 4874/5098/4960 4883/5113/4974
f 4853/5099/4961 4875/5100/4962 4883/5113/4974
f 4885/5114/4975 4874/5098/4960 4873/5097/4959
f 4851/5115/4976 4887/5116/4977 4833/5087/4937
f 4833/5087/4937 4887/5116/4977 4888/5117/4978
f 4833/5087/4937 4888/5117/4978 4865/5088/4951
f 4830/5068/4932 4882/5111/4973 4878/5102/4964
f 4858/5081/4945 4889/5118/4979 4859/5082/4946
f 4882/5111/4973 4863/5105/4967 4890/5119/4980
f 4883/5113/4974 4891/5120/4981 4879/5107/4969
f 4863/5105/4967 4871/5110/4972 4892/5121/4982
f 4881/5109/4971 4894/5122/4983 4848/5095/4957
f 4851/5115/4976 4854/5123/4984 4884/5124/4985
f 4847/5075/4939 4893/5125/4986 4866/5089/4952
f 4883/5113/4974 4874/5098/4960 4891/5120/4981
f 4884/5124/4985 4887/5116/4977 4851/5115/4976
f 4876/5101/4963 4895/5126/4987 4873/5097/4959
f 4858/5081/4945 4846/5074/4938 4897/5127/4988
f 4898/5128/4989 4846/5074/4938 4880/5129/4990
f 4899/5130/4991 4871/5110/4972 4865/5088/4951
f 4888/5117/4978 4899/5130/4991 4865/5088/4951
f 4895/5126/4987 4885/5114/4975 4873/5097/4959
f 4882/5111/4973 4890/5119/4980 4900/5131/4992
f 4878/5102/4964 4901/5132/4993 4861/5104/4966
f 4890/5119/4980 4863/5105/4967 4902/5133/4994
f 4901/5132/4993 4884/5124/4985 4861/5104/4966
f 4879/5107/4969 4891/5120/4981 4903/5134/4995
f 4892/5121/4982 4871/5110/4972 4899/5130/4991
f 4884/5124/4985 4905/5135/4996 4887/5116/4977
f 4893/5125/4986 4876/5101/4963 4866/5089/4952
f 4891/5120/4981 4874/5098/4960 4885/5114/4975
f 4887/5116/4977 4906/5136/4997 4888/5117/4978
f 4888/5117/4978 4906/5136/4997 4899/5130/4991
f 4878/5102/4964 4882/5111/4973 4901/5132/4993
f 4846/5074/4938 4898/5128/4989 4897/5127/4988
f 4902/5133/4994 4900/5131/4992 4890/5119/4980
f 4863/5105/4967 4892/5121/4982 4902/5133/4994
f 4887/5116/4977 4905/5135/4996 4906/5136/4997
f 4859/5082/4946 4889/5118/4979 4907/5137/4998
f 4882/5111/4973 4908/5138/4999 4901/5132/4993
f 4882/5111/4973 4900/5131/4992 4908/5138/4999
f 4859/5082/4946 4907/5137/4998 4909/5139/5000
f 4901/5132/4993 4910/5140/5001 4884/5124/4985
f 4859/5082/4946 4909/5139/5000 4881/5109/4971
f 4884/5124/4985 4910/5140/5001 4905/5135/4996
f 4903/5134/4995 4891/5120/4981 4911/5141/5002
f 4900/5131/4992 4902/5133/4994 4913/5142/5003
f 4901/5132/4993 4908/5138/4999 4910/5140/5001
f 4908/5138/4999 4900/5131/4992 4913/5142/5003
f 4910/5140/5001 4906/5136/4997 4905/5135/4996
f 4891/5120/4981 4885/5114/4975 4911/5141/5002
f 4894/5122/4983 4914/5143/5004 4877/5144/5005
f 4877/5144/5005 4914/5143/5004 4896/5145/5006
f 4858/5081/4945 4897/5127/4988 4889/5118/4979
f 4908/5138/4999 4913/5142/5003 4910/5140/5001
f 4899/5130/4991 4915/5146/5007 4892/5121/4982
f 4910/5140/5001 4915/5146/5007 4906/5136/4997
f 4899/5130/4991 4906/5136/4997 4915/5146/5007
f 4907/5137/4998 4889/5118/4979 4909/5139/5000
f 4880/5129/4990 4916/5147/5008 4898/5128/4989
f 4880/5129/4990 4904/5148/5009 4916/5147/5008
f 4902/5133/4994 4915/5146/5007 4913/5142/5003
f 4892/5121/4982 4915/5146/5007 4902/5133/4994
f 4913/5142/5003 4915/5146/5007 4910/5140/5001
f 4909/5139/5000 4917/5149/5010 4881/5109/4971
f 4904/5148/5009 4912/5150/5011 4916/5147/5008
f 4881/5109/4971 4917/5149/5010 4894/5122/4983
f 4894/5122/4983 4917/5149/5010 4914/5143/5004
f 4886/5151/5012 4896/5145/5006 4914/5143/5004
f 4886/5151/5012 4918/5152/5013 4912/5150/5011
f 4889/5118/4979 4919/5153/5014 4909/5139/5000
f 4897/5127/4988 4919/5153/5014 4889/5118/4979
f 4897/5127/4988 4898/5128/4989 4916/5147/5008
f 4909/5139/5000 4919/5153/5014 4920/5154/5015
f 4909/5139/5000 4920/5154/5015 4917/5149/5010
f 4886/5151/5012 4914/5143/5004 4918/5152/5013
f 4897/5127/4988 4921/5155/5016 4919/5153/5014
f 4916/5147/5008 4912/5150/5011 4918/5152/5013
f 4919/5153/5014 4922/5156/5017 4920/5154/5015
f 4919/5153/5014 4921/5155/5016 4922/5156/5017
f 4921/5155/5016 4897/5127/4988 4923/5157/5018
f 4897/5127/4988 4916/5147/5008 4923/5157/5018
f 4916/5147/5008 4918/5152/5013 4923/5157/5018
f 4920/5154/5015 4922/5156/5017 4917/5149/5010
f 4917/5149/5010 4924/5158/5019 4914/5143/5004
f 4923/5157/5018 4918/5152/5013 4924/5158/5019
f 4918/5152/5013 4914/5143/5004 4924/5158/5019
f 4921/5155/5016 4925/5159/5020 4922/5156/5017
f 4921/5155/5016 4923/5157/5018 4926/5160/5021
f 4925/5159/5020 4921/5155/5016 4926/5160/5021
f 4922/5156/5017 4924/5158/5019 4917/5149/5010
f 4925/5159/5020 4926/5160/5021 4922/5156/5017
f 4923/5157/5018 4924/5158/5019 4926/5160/5021
f 4926/5160/5021 4924/5158/5019 4922/5156/5017
l 5109 5113
l 5109 5125
l 5118 5121
l 5157 5160
l 5121 5125
o Mesh_0.004
v -0.108171 0.365225 -0.132277
v -0.108171 0.365225 -0.132277
v -0.104038 0.349697 -0.088878
v -0.104038 0.349697 -0.088878
v -0.140402 0.325839 -0.113158
v -0.140402 0.325839 -0.113158
v -0.128390 0.333198 -0.089608
v -0.128390 0.333198 -0.089608
v -0.152244 0.323953 -0.097585
v -0.152244 0.323953 -0.097585
v -0.163953 0.328618 -0.082172
v -0.163953 0.328618 -0.082172
v -0.154508 0.461613 -0.096280
v -0.154508 0.461613 -0.096280
v -0.187717 0.417497 -0.090347
v -0.187717 0.417497 -0.090347
v -0.187717 0.417497 -0.090347
v -0.187717 0.417497 -0.090347
v -0.174030 0.428384 -0.073400
v -0.174030 0.428384 -0.073400
v -0.171323 0.436751 -0.084315
v -0.171323 0.436751 -0.084315
v -0.167582 0.341245 -0.066252
v -0.195366 0.342792 -0.078101
v -0.195366 0.342792 -0.078101
v -0.195372 0.407700 -0.087142
v -0.195372 0.407700 -0.087142
v -0.199793 0.392615 -0.068817
v -0.199793 0.392615 -0.068817
v -0.184273 0.353069 -0.065740
v -0.184273 0.353069 -0.065740
v -0.197404 0.356473 -0.070270
v -0.197404 0.356473 -0.070270
v -0.197404 0.356473 -0.070270
v -0.191326 0.403735 -0.061953
v -0.162010 0.433677 -0.060526
v -0.191494 0.396625 -0.059227
v -0.175057 0.404608 -0.055865
v -0.178842 0.368679 -0.058888
v -0.236523 0.414712 -0.241942
v -0.196340 0.429826 -0.218472
v -0.207613 0.386039 -0.217131
v -0.171361 0.397310 -0.194181
v -0.230635 0.495356 -0.228358
v -0.230635 0.495356 -0.228358
v -0.166757 0.424953 -0.178563
v -0.199312 0.477951 -0.176009
v -0.199312 0.477951 -0.176009
v -0.239313 0.370381 -0.215020
v -0.162274 0.342598 -0.169913
v -0.210916 0.347214 -0.192810
v -0.177895 0.333380 -0.169659
v -0.205792 0.331628 -0.170021
v -0.149443 0.377157 -0.166159
v -0.144294 0.403919 -0.143746
v -0.170477 0.331828 -0.159177
v -0.182265 0.324688 -0.147270
v -0.141441 0.384947 -0.146384
v -0.205510 0.324886 -0.154344
v -0.220306 0.498862 -0.176713
v -0.165929 0.431046 -0.121452
v -0.165929 0.431046 -0.121452
v -0.165929 0.431046 -0.121452
v -0.157507 0.349032 -0.149931
v -0.158168 0.426131 -0.135296
v -0.148588 0.411898 -0.135139
v -0.203472 0.463522 -0.128346
v -0.166048 0.335788 -0.141487
v -0.151734 0.344327 -0.143546
v -0.131285 0.364388 -0.146803
v -0.148409 0.333026 -0.138244
v -0.111586 0.400568 -0.145252
v -0.135492 0.391668 -0.143342
v -0.125766 0.404464 -0.145928
v -0.119150 0.416082 -0.139992
v -0.198450 0.324094 -0.131786
v -0.178408 0.329167 -0.137080
v -0.151012 0.424409 -0.130295
v -0.160390 0.324837 -0.132169
v -0.138146 0.437087 -0.120723
v -0.138146 0.437087 -0.120723
v -0.173113 0.326393 -0.129101
v -0.161059 0.320537 -0.121313
v -0.175380 0.321409 -0.120458
v -0.183927 0.331506 -0.125203
v -0.192485 0.331232 -0.122113
v -0.132657 0.331209 -0.120628
v -0.196633 0.336520 -0.114124
v -0.217869 0.334382 -0.111734
v -0.183850 0.322659 -0.098471
v -0.180204 0.424901 -0.098786
v -0.180204 0.424901 -0.098786
v -0.153281 0.454337 -0.107279
v -0.167554 0.432024 -0.095565
v -0.197347 0.343984 -0.093682
v -0.206665 0.449794 -0.112325
v -0.206665 0.449794 -0.112325
v -0.194672 0.331376 -0.097596
v -0.216371 0.333510 -0.096802
v -0.218058 0.420508 -0.092431
v -0.201419 0.346402 -0.090292
v -0.204480 0.364195 -0.087596
v -0.198395 0.372103 -0.082240
v -0.221721 0.359774 -0.088107
v -0.225791 0.384551 -0.084266
v -0.322571 0.500067 -0.287224
v -0.322571 0.500067 -0.287224
v -0.322571 0.500067 -0.287224
v -0.318992 0.506686 -0.291877
v -0.318992 0.506686 -0.291877
v -0.305673 0.477925 -0.272242
v -0.305673 0.477925 -0.272242
v -0.324791 0.496778 -0.273954
v -0.338252 0.506031 -0.273739
v -0.338252 0.506031 -0.273739
v -0.374344 0.435089 -0.282309
v -0.374344 0.435089 -0.282309
v -0.367071 0.503120 -0.289467
v -0.367071 0.503120 -0.289467
v -0.367071 0.503120 -0.289467
v -0.378093 0.505159 -0.271209
v -0.368068 0.505884 -0.268070
v -0.368068 0.505884 -0.268070
v -0.361250 0.507950 -0.288695
v -0.361250 0.507950 -0.288695
v -0.353869 0.502869 -0.264539
v -0.391437 0.434948 -0.265068
v -0.391437 0.434948 -0.265068
v -0.391437 0.434948 -0.265068
v -0.317563 0.473763 -0.269188
v -0.317563 0.473763 -0.269188
v -0.297032 0.444347 -0.256174
v -0.349657 0.491055 -0.263129
v -0.290435 0.544875 -0.261696
v -0.290435 0.544875 -0.261696
v -0.321200 0.542158 -0.295286
v -0.321200 0.542158 -0.295286
v -0.316677 0.438860 -0.244289
v -0.354903 0.489005 -0.252831
v -0.374619 0.513665 -0.265632
v -0.374619 0.513665 -0.265632
v -0.393831 0.514140 -0.266159
v -0.253531 0.480324 -0.256484
v -0.253531 0.480324 -0.256484
v -0.253531 0.480324 -0.256484
v -0.353575 0.474950 -0.243079
v -0.353575 0.474950 -0.243079
v -0.366055 0.498647 -0.249682
v -0.450070 0.425688 -0.261836
v -0.450070 0.425688 -0.261836
v -0.430215 0.442470 -0.257505
v -0.430215 0.442470 -0.257505
v -0.409228 0.533998 -0.270748
v -0.409228 0.533998 -0.270748
v -0.409228 0.533998 -0.270748
v -0.268122 0.411693 -0.243721
v -0.359161 0.480192 -0.249961
v -0.359161 0.480192 -0.249961
v -0.251918 0.523788 -0.229092
v -0.284285 0.548354 -0.245982
v -0.284285 0.548354 -0.245982
v -0.365517 0.491563 -0.242827
v -0.365517 0.491563 -0.242827
v -0.371040 0.522526 -0.239694
v -0.371040 0.522526 -0.239694
v -0.382528 0.539101 -0.256016
v -0.382528 0.539101 -0.256016
v -0.382528 0.539101 -0.256016
v -0.386916 0.557695 -0.264128
v -0.386916 0.557695 -0.264128
v -0.316159 0.415981 -0.216736
v -0.354752 0.485309 -0.206821
v -0.348704 0.496724 -0.195176
v -0.262335 0.535563 -0.213871
v -0.336773 0.578474 -0.263638
v -0.336773 0.578474 -0.263638
v -0.271086 0.376859 -0.211529
v -0.379869 0.566460 -0.261673
v -0.379869 0.566460 -0.261673
v -0.349758 0.461820 -0.225632
v -0.294333 0.549739 -0.206974
v -0.330469 0.567556 -0.232528
v -0.330469 0.567556 -0.232528
v -0.330469 0.567556 -0.232528
v -0.328618 0.426516 -0.185465
v -0.290046 0.378435 -0.188442
v -0.320647 0.512040 -0.175061
v -0.327070 0.418603 -0.191588
v -0.336232 0.430118 -0.198574
v -0.341474 0.415751 -0.196129
v -0.340873 0.424379 -0.196849
v -0.303293 0.394309 -0.178447
v -0.257276 0.523222 -0.177857
v -0.276558 0.510672 -0.158847
v -0.276558 0.510672 -0.158847
v -0.246173 0.345354 -0.178858
v -0.320316 0.406348 -0.182837
v -0.265256 0.344324 -0.147474
v -0.264657 0.350558 -0.154960
v -0.309323 0.400778 -0.172443
v -0.285858 0.369906 -0.164399
v -0.281907 0.376489 -0.149875
v -0.286927 0.367548 -0.155248
v -0.303796 0.431207 -0.145326
v -0.307878 0.463153 -0.148376
v -0.233223 0.328307 -0.138530
v -0.246869 0.337930 -0.145727
v -0.266317 0.352862 -0.147514
v -0.278541 0.365626 -0.145286
v -0.296072 0.483267 -0.147204
v -0.254491 0.335013 -0.139807
v -0.256757 0.344497 -0.123198
v -0.246978 0.343385 -0.127116
v -0.244002 0.344838 -0.115584
v -0.257450 0.360685 -0.123657
v -0.248667 0.345004 -0.112683
v -0.235019 0.356374 -0.098767
v -0.234701 0.348926 -0.106650
v -0.233775 0.343841 -0.098050
v -0.224829 0.337022 -0.093940
v -0.229375 0.347911 -0.090958
v -0.218642 0.344035 -0.086814
v -0.374934 0.526394 -0.319157
v -0.374934 0.526394 -0.319157
v -0.374934 0.526394 -0.319157
v -0.355924 0.550095 -0.308348
v -0.359938 0.528426 -0.303205
v -0.369754 0.550258 -0.317100
v -0.369754 0.550258 -0.317100
v -0.347586 0.533859 -0.307450
v -0.337005 0.547292 -0.310529
v -0.344764 0.560526 -0.303078
v -0.368475 0.568905 -0.301774
v -0.349859 0.557299 -0.306460
v -0.404666 0.548856 -0.319268
v -0.404666 0.548856 -0.319268
v -0.411615 0.553041 -0.304525
v -0.411615 0.553041 -0.304525
v -0.392522 0.569691 -0.296528
v -0.381115 0.563644 -0.310957
v -0.381115 0.563644 -0.310957
v -0.341370 0.522138 -0.300824
v -0.367251 0.578352 -0.302090
v -0.365165 0.584316 -0.291668
v -0.373099 0.580299 -0.295559
v -0.331042 0.516491 -0.294318
v -0.455340 0.482827 -0.301778
v -0.455340 0.482827 -0.301778
v -0.407223 0.557211 -0.285434
v -0.407223 0.557211 -0.285434
v -0.380704 0.570471 -0.280093
v -0.399538 0.559518 -0.273863
v -0.371311 0.584177 -0.272939
v -0.444814 0.483212 -0.278466
v -0.444814 0.483212 -0.278466
v -0.378217 0.578084 -0.269247
v -0.363536 0.581664 -0.261283
v -0.396859 0.545831 -0.261801
v -0.439381 0.391831 -0.386888
v -0.458538 0.399680 -0.379690
v -0.414682 0.491675 -0.346757
v -0.404217 0.371957 -0.377273
v -0.404217 0.371957 -0.377273
v -0.470053 0.427076 -0.357129
v -0.428541 0.517505 -0.328154
v -0.386499 0.434125 -0.348580
v -0.401129 0.352012 -0.374058
v -0.369289 0.459462 -0.320559
v -0.484221 0.420536 -0.333679
v -0.452811 0.484543 -0.325036
v -0.384717 0.348053 -0.333267
v -0.366205 0.447351 -0.305234
v -0.381787 0.348072 -0.317716
v -0.490438 0.404178 -0.302272
v -0.383362 0.360473 -0.294412
v -0.399857 0.352352 -0.277199
v -0.470333 0.401022 -0.270697
v -0.423418 0.389246 -0.256920
v -0.423418 0.389246 -0.256920
v -0.454712 0.380407 -0.260009
v -0.438991 0.384815 -0.256363
v -0.473813 0.254630 -0.404000
v -0.447594 0.288101 -0.377106
v -0.449011 0.242582 -0.390123
v -0.489284 0.286600 -0.393255
v -0.489284 0.286600 -0.393255
v -0.461199 0.293912 -0.380879
v -0.472576 0.330788 -0.392948
v -0.430956 0.346052 -0.395852
v -0.452505 0.310617 -0.394756
v -0.424503 0.342630 -0.395341
v -0.424503 0.342630 -0.395341
v -0.508919 0.258346 -0.404166
v -0.508738 0.290654 -0.386127
v -0.496262 0.304119 -0.375555
v -0.444569 0.302985 -0.389876
v -0.444569 0.302985 -0.389876
v -0.468834 0.296219 -0.385299
v -0.468834 0.296219 -0.385299
v -0.432461 0.319043 -0.389825
v -0.432461 0.319043 -0.389825
v -0.467715 0.314445 -0.391601
v -0.491427 0.311151 -0.384256
v -0.475975 0.303148 -0.384431
v -0.432312 0.312461 -0.384955
v -0.421930 0.302669 -0.381152
v -0.439324 0.226387 -0.374957
v -0.531551 0.270369 -0.382218
v -0.515970 0.302270 -0.366296
v -0.435684 0.291001 -0.372771
v -0.479159 0.383448 -0.373854
v -0.510819 0.326010 -0.364715
v -0.442886 0.274854 -0.370057
v -0.449514 0.286469 -0.372443
v -0.423896 0.301251 -0.374196
v -0.430616 0.281557 -0.371325
v -0.422420 0.278738 -0.366161
v -0.507507 0.307612 -0.363903
v -0.437841 0.269819 -0.360208
v -0.539237 0.278639 -0.334708
v -0.413139 0.298196 -0.358782
v -0.518209 0.326028 -0.350534
v -0.436430 0.268838 -0.351621
v -0.515163 0.307617 -0.346589
v -0.431947 0.246682 -0.346930
v -0.428972 0.280964 -0.338857
v -0.392586 0.323452 -0.333312
v -0.514763 0.308675 -0.331049
v -0.411886 0.299373 -0.341751
v -0.433603 0.218545 -0.350666
v -0.436969 0.218584 -0.327536
v -0.432572 0.279120 -0.332343
v -0.412770 0.283787 -0.321964
v -0.516499 0.329993 -0.323089
v -0.437413 0.273339 -0.334159
v -0.443934 0.246964 -0.311806
v -0.442845 0.273019 -0.319622
v -0.524143 0.296170 -0.319155
v -0.398640 0.303162 -0.310475
v -0.502808 0.305574 -0.307866
v -0.507068 0.318782 -0.303133
v -0.548523 0.254258 -0.327001
v -0.415453 0.291182 -0.303119
v -0.528876 0.279750 -0.307553
v -0.492108 0.367525 -0.286795
v -0.440623 0.298365 -0.294946
v -0.440623 0.298365 -0.294946
v -0.454587 0.273309 -0.303679
v -0.453124 0.278091 -0.295616
v -0.516790 0.278855 -0.296496
v -0.454272 0.210156 -0.303640
v -0.469900 0.255370 -0.292684
v -0.469900 0.255370 -0.292684
v -0.407786 0.315519 -0.288107
v -0.467807 0.280383 -0.295628
v -0.467807 0.280383 -0.295628
v -0.533597 0.246116 -0.295281
v -0.486685 0.293389 -0.294560
v -0.514202 0.232731 -0.280010
v -0.472635 0.285037 -0.291642
v -0.475227 0.295224 -0.280843
v -0.486409 0.242368 -0.285612
v -0.445313 0.303761 -0.279340
v -0.432362 0.336081 -0.267040
v -0.432362 0.336081 -0.267040
v -0.474718 0.355569 -0.269940
v -0.475262 0.306342 -0.276054
v -0.447642 0.343825 -0.262099
v -0.514908 0.155362 -0.417632
v -0.514908 0.155362 -0.417632
v -0.514908 0.155362 -0.417632
v -0.472144 0.164639 -0.398426
v -0.472144 0.164639 -0.398426
v -0.515848 0.113607 -0.424324
v -0.549942 0.154367 -0.411061
v -0.493629 0.246416 -0.408864
v -0.493629 0.246416 -0.408864
v -0.470139 0.234378 -0.405988
v -0.470842 0.131769 -0.382909
v -0.470842 0.131769 -0.382909
v -0.507712 0.102071 -0.417404
v -0.507712 0.102071 -0.417404
v -0.529078 0.233637 -0.403105
v -0.496838 0.102644 -0.403871
v -0.563575 0.175281 -0.386953
v -0.547355 0.241631 -0.378827
v -0.491932 0.090751 -0.383277
v -0.450723 0.201716 -0.386308
v -0.456985 0.173253 -0.382641
v -0.456985 0.173253 -0.382641
v -0.446929 0.178570 -0.366318
v -0.554941 0.233455 -0.362983
v -0.487388 0.094772 -0.359822
v -0.487388 0.094772 -0.359822
v -0.583212 0.122404 -0.375995
v -0.468373 0.122836 -0.357026
v -0.468373 0.122836 -0.357026
v -0.449100 0.165311 -0.343400
v -0.449100 0.165311 -0.343400
v -0.561345 0.212909 -0.335091
v -0.497781 0.091380 -0.336205
v -0.478293 0.123907 -0.323882
v -0.478293 0.123907 -0.323882
v -0.576340 0.122457 -0.335907
v -0.555712 0.221272 -0.319142
v -0.467362 0.156953 -0.311753
v -0.559183 0.188086 -0.314562
v -0.487033 0.152486 -0.296061
v -0.487033 0.152486 -0.296061
v -0.555669 0.170158 -0.303250
v -0.561972 0.179933 -0.299136
v -0.554500 0.183978 -0.295117
v -0.538279 0.175660 -0.290695
v -0.537548 0.161869 -0.289043
v -0.491719 0.196189 -0.280530
v -0.491719 0.196189 -0.280530
v -0.489878 0.181764 -0.287221
v -0.526907 0.161687 -0.286500
v -0.526907 0.161687 -0.286500
v -0.526907 0.161687 -0.286500
v -0.538542 0.167483 -0.279034
v -0.529122 0.216847 -0.284759
v -0.513984 0.180731 -0.284494
v -0.530438 0.180516 -0.279901
v -0.507211 0.184091 -0.275954
v -0.507211 0.184091 -0.275954
v -0.524904 0.201785 -0.284941
v -0.515387 0.209946 -0.283512
v -0.524067 0.210679 -0.279541
v -0.509190 0.066540 -0.359401
v -0.509190 0.066540 -0.359401
v -0.508335 0.075961 -0.326590
v -0.520597 0.052106 -0.351378
v -0.516702 0.061462 -0.332426
v -0.579375 0.108103 -0.364221
v -0.547071 0.046703 -0.347926
v -0.535433 0.050653 -0.336155
v -0.544562 0.061810 -0.318502
v -0.583982 0.099696 -0.347878
v -0.577958 0.099150 -0.321941
v -0.509190 0.088709 -0.324345
v -0.593424 0.083841 -0.334482
v -0.593424 0.083841 -0.334482
v -0.568179 0.108802 -0.327831
v -0.583655 0.062404 -0.340974
v -0.571961 0.062821 -0.321229
v -0.587213 0.065015 -0.317835
v -0.587213 0.065015 -0.317835
v -0.509538 0.083934 -0.320816
v -0.581442 0.046540 -0.310023
v -0.581868 0.079233 -0.313957
v -0.581868 0.079233 -0.313957
v -0.592165 0.052804 -0.312612
v -0.602647 0.059985 -0.306749
v -0.602647 0.059985 -0.306749
v -0.553337 0.059138 -0.304828
v -0.520042 0.081740 -0.312200
v -0.582370 0.088511 -0.300281
v -0.557483 0.130708 -0.303682
v -0.592190 0.040300 -0.299376
v -0.535834 0.077536 -0.290572
v -0.532174 0.101654 -0.300485
v -0.511987 0.103309 -0.305169
v -0.570265 0.102803 -0.286113
v -0.548020 0.112872 -0.298122
v -0.548020 0.112872 -0.298122
v -0.577913 0.038673 -0.295795
v -0.600179 0.041034 -0.288405
v -0.619612 0.063746 -0.278801
v -0.619612 0.063746 -0.278801
v -0.595669 0.087405 -0.287839
v -0.549732 0.107153 -0.294347
v -0.549732 0.107153 -0.294347
v -0.566673 0.044391 -0.285195
v -0.549881 0.062592 -0.289892
v -0.592471 0.038814 -0.278060
v -0.577135 0.094157 -0.285752
v -0.538914 0.097890 -0.293285
v -0.538914 0.097890 -0.293285
v -0.526993 0.111035 -0.295240
v -0.617923 0.073939 -0.271878
v -0.542300 0.095611 -0.280190
v -0.542300 0.095611 -0.280190
v -0.608313 0.052768 -0.276911
v -0.545089 0.103081 -0.285517
v -0.562904 0.102760 -0.279303
v -0.552461 0.085386 -0.273519
v -0.548775 0.095748 -0.275307
v -0.548775 0.095748 -0.275307
v -0.570451 0.047547 -0.274344
v -0.554478 0.069220 -0.279203
v -0.609036 0.078435 -0.265094
v -0.569986 0.089015 -0.274196
v -0.581520 0.053150 -0.264584
v -0.603213 0.051241 -0.267958
v -0.619343 0.037184 -0.252209
v -0.560828 0.071554 -0.270416
v -0.560828 0.071554 -0.270416
v -0.603928 0.053674 -0.261265
v -0.624310 0.047361 -0.255936
v -0.624310 0.047361 -0.255936
v -0.570264 0.075618 -0.264813
v -0.570264 0.075618 -0.264813
v -0.616325 0.069633 -0.257972
v -0.594680 0.065167 -0.259456
v -0.594680 0.065167 -0.259456
v -0.614321 0.058623 -0.251420
v -0.614321 0.058623 -0.251420
v -0.679105 0.037918 -0.427047
v -0.655619 0.066384 -0.424773
v -0.655619 0.066384 -0.424773
v -0.653634 0.050539 -0.417255
v -0.633782 0.045182 -0.419706
v -0.633782 0.045182 -0.419706
v -0.623815 0.063127 -0.424009
v -0.615607 0.045035 -0.416725
v -0.670440 0.062276 -0.419932
v -0.670440 0.062276 -0.419932
v -0.647085 0.077553 -0.419053
v -0.631689 0.077620 -0.418916
v -0.680892 0.028950 -0.419962
v -0.683545 0.034303 -0.422260
v -0.594453 0.063368 -0.410125
v -0.658000 0.077199 -0.412386
v -0.633356 0.039047 -0.412182
v -0.633356 0.039047 -0.412182
v -0.646201 0.050027 -0.412653
v -0.646201 0.050027 -0.412653
v -0.600977 0.079411 -0.403504
v -0.631418 0.084195 -0.411549
v -0.606452 0.085009 -0.396494
v -0.670393 0.041832 -0.412123
v -0.607337 0.037645 -0.403784
v -0.607337 0.037645 -0.403784
v -0.671484 0.062504 -0.402940
v -0.671484 0.062504 -0.402940
v -0.645651 0.050130 -0.401881
v -0.589259 0.065941 -0.409063
v -0.589259 0.065941 -0.409063
v -0.588673 0.070944 -0.416888
v -0.588715 0.071322 -0.407795
v -0.588916 0.083050 -0.421069
v -0.588916 0.083050 -0.421069
v -0.646353 0.084448 -0.397956
v -0.585250 0.088451 -0.408241
v -0.585250 0.088451 -0.408241
v -0.618155 0.033723 -0.393397
v -0.633307 0.037535 -0.401661
v -0.582028 0.057600 -0.390622
v -0.582028 0.057600 -0.390622
v -0.582028 0.057600 -0.390622
v -0.585843 0.064539 -0.404873
v -0.586292 0.095666 -0.406316
v -0.586292 0.095666 -0.406316
v -0.665681 0.060475 -0.396007
v -0.563595 0.053588 -0.409614
v -0.563595 0.053588 -0.409614
v -0.576328 0.057119 -0.390619
v -0.576328 0.057119 -0.390619
v -0.622832 0.088205 -0.396933
v -0.599905 0.038908 -0.389204
v -0.608343 0.094337 -0.375794
v -0.608343 0.094337 -0.375794
v -0.576208 0.109254 -0.395090
v -0.654009 0.070870 -0.388231
v -0.654009 0.070870 -0.388231
v -0.619511 0.085281 -0.384428
v -0.577651 0.122420 -0.400188
v -0.617746 0.037760 -0.381954
v -0.591000 0.049748 -0.384516
v -0.591000 0.049748 -0.384516
v -0.642097 0.061218 -0.385957
v -0.642097 0.061218 -0.385957
v -0.551199 0.048850 -0.400596
v -0.564937 0.051398 -0.375643
v -0.564937 0.051398 -0.375643
v -0.564937 0.051398 -0.375643
v -0.633564 0.074789 -0.381360
v -0.597730 0.050477 -0.370578
v -0.616975 0.048883 -0.369437
v -0.614285 0.072124 -0.365481
v -0.614285 0.072124 -0.365481
v -0.588716 0.047450 -0.364133
v -0.613063 0.087040 -0.368771
v -0.613063 0.087040 -0.368771
v -0.613063 0.087040 -0.368771
v -0.547228 0.046342 -0.367288
v -0.572978 0.053999 -0.352471
v -0.612346 0.060658 -0.363886
v -0.608297 0.072026 -0.353891
v -0.592116 0.054128 -0.349558
v -0.585865 0.090596 -0.347140
v -0.585865 0.090596 -0.347140
v -0.591470 0.076321 -0.339408
v -0.591470 0.076321 -0.339408
v -0.593410 0.029320 -0.524959
v -0.592341 0.053834 -0.520158
v -0.586793 0.046182 -0.521756
v -0.599839 0.042897 -0.516957
v -0.595240 0.064996 -0.510690
v -0.596701 0.044342 -0.506530
v -0.574990 0.052536 -0.508956
v -0.585913 0.043273 -0.501482
v -0.585913 0.043273 -0.501482
v -0.591694 0.075705 -0.499763
v -0.591694 0.075705 -0.499763
v -0.569713 0.077127 -0.498259
v -0.569713 0.077127 -0.498259
v -0.554995 0.052877 -0.498631
v -0.554995 0.052877 -0.498631
v -0.561854 0.045497 -0.498526
v -0.561854 0.045497 -0.498526
v -0.598423 0.059635 -0.487930
v -0.551880 0.070226 -0.491023
v -0.551880 0.070226 -0.491023
v -0.595037 0.045083 -0.488093
v -0.595037 0.045083 -0.488093
v -0.561468 0.083326 -0.479333
v -0.561468 0.083326 -0.479333
v -0.587848 0.078355 -0.480254
v -0.577061 0.036415 -0.479701
v -0.587767 0.038258 -0.482949
v -0.603894 0.055643 -0.474888
v -0.549677 0.045013 -0.455400
v -0.604134 0.052933 -0.456120
v -0.604134 0.052933 -0.456120
v -0.601456 0.069834 -0.466984
v -0.551751 0.085524 -0.454116
v -0.551751 0.085524 -0.454116
v -0.541259 0.078956 -0.453812
v -0.535169 0.068266 -0.452620
v -0.537661 0.057779 -0.449973
v -0.594914 0.046235 -0.448838
v -0.594914 0.046235 -0.448838
v -0.564941 0.039787 -0.456035
v -0.576019 0.087795 -0.455294
v -0.605587 0.062936 -0.456014
v -0.593949 0.077615 -0.448528
v -0.528521 0.079702 -0.449944
v -0.567642 0.084623 -0.443382
v -0.517411 0.069467 -0.437470
v -0.541890 0.052723 -0.446936
v -0.517136 0.083322 -0.437157
v -0.527514 0.104683 -0.424078
v -0.527514 0.104683 -0.424078
v -0.527514 0.104683 -0.424078
v -0.556257 0.049864 -0.435885
v -0.595296 0.056381 -0.440802
v -0.521369 0.062194 -0.433950
v -0.581445 0.078372 -0.435528
v -0.559086 0.100876 -0.432473
v -0.547422 0.110157 -0.424932
v -0.547422 0.110157 -0.424932
v -0.584190 0.065143 -0.432184
v -0.584190 0.065143 -0.432184
v -0.572048 0.054179 -0.431874
v -0.572048 0.054179 -0.431874
v -0.543986 0.052596 -0.422675
v -0.586295 0.075290 -0.429959
v -0.586295 0.075290 -0.429959
v -0.513016 0.076581 -0.411699
v -0.513016 0.076581 -0.411699
v -0.514543 0.088548 -0.420376
v -0.514543 0.088548 -0.420376
v -0.539003 0.121523 -0.426507
v -0.539003 0.121523 -0.426507
v -0.567039 0.122266 -0.415724
v -0.528902 0.058649 -0.412308
v -0.520060 0.102328 -0.422032
v -0.520060 0.102328 -0.422032
v -0.569653 0.107993 -0.406440
v -0.569653 0.107993 -0.406440
v -0.569653 0.107993 -0.406440
v -0.501271 0.092760 -0.412020
v -0.508266 0.087405 -0.407640
v -0.524573 0.054772 -0.404106
v -0.524573 0.054772 -0.404106
v -0.504512 0.075602 -0.399308
v -0.536071 0.049181 -0.393117
v -0.536071 0.049181 -0.393117
v -0.517106 0.061814 -0.379560
v -0.504867 0.082590 -0.391958
v -0.528455 0.053662 -0.379528
v -0.528455 0.053662 -0.379528
v -0.528455 0.053662 -0.379528
vn -0.0592 -0.8352 -0.5467
vn -0.1787 0.4357 -0.8822
vn 0.6193 -0.0104 -0.7851
vn -0.9527 -0.1375 -0.2711
vn -0.5446 0.6204 -0.5643
vn -0.0006 -0.9752 0.2215
vn 0.3961 -0.7525 -0.5262
vn 0.1248 -0.9852 -0.1173
vn -0.5277 0.7796 -0.3373
vn 0.2511 0.7344 -0.6306
vn 0.7215 -0.2497 -0.6458
vn 0.3858 -0.6523 -0.6525
vn -0.9698 0.1828 -0.1616
vn 0.7697 0.3685 -0.5213
vn -0.7187 -0.6889 -0.0936
vn 0.2651 0.9166 -0.2993
vn 0.2509 0.7347 -0.6302
vn -0.5063 0.8486 -0.1531
vn 0.1244 -0.9852 -0.1175
vn 0.3857 -0.6521 -0.6526
vn 0.0349 -0.9964 -0.0773
vn -0.7184 -0.6893 -0.0938
vn -0.2257 -0.8722 -0.4340
vn 0.7699 0.3685 -0.5211
vn -0.9648 -0.1422 -0.2212
vn 0.5205 -0.8451 0.1219
vn 0.2647 0.9167 -0.2992
vn -0.8565 -0.4079 0.3163
vn -0.8566 -0.4076 0.3164
vn -0.8099 0.5631 -0.1639
vn 0.2051 0.8741 -0.4403
vn 0.5027 0.4369 -0.7459
vn 0.7380 -0.0774 -0.6703
vn 0.7538 -0.5548 -0.3522
vn -0.4967 -0.7532 0.4312
vn 0.1209 -0.9646 0.2342
vn -0.2061 0.9774 0.0464
vn 0.2047 0.8743 -0.4401
vn -0.9504 0.1773 0.2556
vn -0.6895 0.6615 0.2950
vn 0.5106 0.3497 -0.7855
vn -0.3506 0.9200 -0.1754
vn 0.8606 -0.3039 -0.4088
vn 0.5373 -0.8434 -0.0043
vn -0.4969 -0.7529 0.4315
vn 0.8006 0.3251 -0.5033
vn 0.2758 0.2514 -0.9278
vn 0.0621 -0.9512 0.3021
vn -0.6719 -0.2060 0.7115
vn 0.6729 -0.7205 -0.1675
vn -0.5199 0.8496 -0.0892
vn -0.4119 0.7441 -0.5260
vn -0.2096 0.4313 -0.8775
vn 0.2757 0.2513 -0.9278
vn -0.8539 -0.3681 0.3679
vn -0.9025 0.3674 -0.2249
vn -0.2938 -0.8784 0.3770
vn -0.2934 -0.8785 0.3771
vn 0.1807 -0.9828 -0.0372
vn -0.9790 0.1563 -0.1309
vn 0.8633 -0.3565 -0.3573
vn 0.8541 0.0536 -0.5173
vn -0.1065 0.1185 -0.9872
vn 0.3470 -0.0637 -0.9357
vn -0.2452 -0.1579 -0.9565
vn -0.1462 0.2364 -0.9606
vn 0.4807 -0.6500 -0.5885
vn -0.1654 -0.5881 -0.7917
vn 0.2402 0.0943 -0.9661
vn 0.3250 -0.5299 -0.7833
vn -0.6873 0.5493 -0.4752
vn -0.1464 0.2366 -0.9605
vn -0.1746 0.7328 -0.6576
vn 0.1630 0.5853 -0.7943
vn -0.9819 -0.0799 -0.1717
vn -0.9790 0.1559 -0.1311
vn -0.9026 0.3673 -0.2246
vn -0.2097 0.4311 -0.8776
vn -0.6404 0.0547 -0.7661
vn -0.1069 0.1187 -0.9872
vn -0.2721 -0.9598 0.0686
vn -0.9614 -0.1882 -0.2009
vn 0.4172 -0.1849 -0.8898
vn 0.6364 -0.6912 -0.3425
vn 0.0108 -0.9337 -0.3578
vn 0.0110 -0.9337 -0.3579
vn -0.6872 0.5497 -0.4749
vn -0.5316 0.8091 -0.2504
vn 0.2758 0.2512 -0.9278
vn 0.2942 -0.1417 -0.9452
vn 0.8539 0.0533 -0.5177
vn 0.2941 -0.1421 -0.9451
vn 0.5461 -0.1403 -0.8259
vn -0.7531 0.2937 -0.5887
vn -0.7531 0.2935 -0.5888
vn -0.4344 0.3229 -0.8408
vn 0.1119 0.1453 -0.9830
vn 0.1115 0.1454 -0.9831
vn -0.2887 -0.8707 -0.3982
vn -0.3665 -0.8745 -0.3177
vn -0.3668 -0.8743 -0.3179
vn -0.2897 -0.9560 -0.0464
vn -0.2901 -0.9559 -0.0462
vn -0.0688 0.5834 -0.8092
vn 0.0547 0.8800 -0.4718
vn 0.2372 0.9042 -0.3551
vn 0.7262 -0.3946 -0.5629
vn 0.3467 -0.7558 0.5555
vn -0.1656 -0.5882 -0.7916
vn -0.2889 -0.8707 -0.3980
vn 0.4221 -0.8027 -0.4214
vn -0.8588 0.3689 0.3554
vn -0.8588 0.3691 0.3553
vn 0.7504 -0.5372 -0.3851
vn 0.8631 -0.3565 -0.3577
vn -0.8080 0.3550 -0.4702
vn -0.7530 0.2936 -0.5889
vn 0.6279 -0.1690 -0.7597
vn 0.0101 0.1946 -0.9808
vn 0.1119 0.1451 -0.9831
vn 0.0105 0.1946 -0.9808
vn 0.4193 0.0357 -0.9072
vn -0.3222 -0.8729 0.3663
vn 0.5520 -0.7915 -0.2624
vn -0.7305 0.3639 -0.5779
vn -0.3971 0.8945 0.2053
vn -0.4729 0.4770 -0.7408
vn 0.8407 -0.2106 -0.4988
vn 0.8454 -0.3421 -0.4103
vn -0.5072 0.2554 -0.8232
vn -0.2860 0.3479 -0.8928
vn 0.3193 0.2644 -0.9100
vn 0.4219 -0.8030 -0.4210
vn -0.0471 -0.9952 0.0853
vn -0.5044 -0.8495 0.1546
vn 0.2097 -0.7680 -0.6051
vn -0.0714 -0.9955 -0.0615
vn -0.1399 -0.9557 -0.2591
vn 0.2095 -0.7680 -0.6052
vn 0.9401 -0.3024 -0.1574
vn 0.5522 -0.7915 -0.2620
vn -0.4731 0.4768 -0.7408
vn 0.8033 -0.5456 -0.2389
vn -0.9105 0.0539 -0.4099
vn 0.8455 -0.3422 -0.4099
vn 0.6277 -0.1689 -0.7599
vn 0.0124 0.5203 -0.8539
vn 0.0120 0.5205 -0.8538
vn -0.5785 -0.1688 0.7981
vn -0.1597 -0.9232 -0.3496
vn -0.1595 -0.9231 -0.3500
vn 0.0300 0.9989 -0.0363
vn -0.8746 0.3296 -0.3556
vn -0.8296 0.2893 -0.4776
vn 0.7296 0.0711 -0.6802
vn 0.5115 -0.8518 0.1132
vn 0.2095 -0.7680 -0.6053
vn 0.1406 -0.9859 0.0906
vn 0.6699 -0.7411 -0.0452
vn -0.6384 0.7694 0.0207
vn -0.6382 0.7696 0.0211
vn -0.8341 0.3463 -0.4294
vn 0.6116 -0.3970 -0.6844
vn -0.3750 0.5976 -0.7087
vn 0.2497 -0.2783 -0.9275
vn -0.3408 0.0830 -0.9365
vn 0.0460 0.0706 -0.9964
vn 0.0150 -0.2702 -0.9627
vn 0.0558 0.2879 -0.9560
vn -0.3558 0.3583 -0.8632
vn 0.4044 -0.1282 -0.9056
vn 0.1411 -0.9858 0.0905
vn -0.5267 0.2914 0.7986
vn 0.8463 -0.4910 -0.2068
vn -0.3799 0.8713 0.3107
vn -0.9980 -0.0046 -0.0629
vn 0.7714 -0.1660 -0.6143
vn 0.8337 -0.3029 -0.4618
vn -0.7181 0.4629 -0.5196
vn -0.5138 0.2285 -0.8269
vn 0.3073 -0.5115 -0.8024
vn 0.0717 -0.2625 -0.9623
vn 0.4156 -0.2864 -0.8633
vn -0.2537 -0.2193 -0.9421
vn -0.5322 -0.2278 -0.8154
vn -0.2191 -0.8228 0.5244
vn 0.4817 -0.8755 0.0383
vn -0.4692 -0.3668 0.8033
vn -0.5266 0.2911 0.7987
vn 0.8336 -0.3028 -0.4620
vn 0.0721 -0.2627 -0.9622
vn -0.6342 -0.7638 0.1201
vn 0.3076 -0.5118 -0.8021
vn 0.4159 -0.2866 -0.8631
vn 0.2087 -0.5967 -0.7748
vn 0.3600 -0.7954 -0.4876
vn 0.4087 -0.9091 -0.0812
vn -0.0516 -0.9947 -0.0887
vn 0.4089 -0.9090 -0.0811
vn 0.9071 -0.0602 -0.4166
vn -0.6079 0.7074 -0.3606
vn 0.2109 -0.3869 -0.8977
vn 0.8106 -0.1482 -0.5665
vn 0.4046 -0.1283 -0.9055
vn -0.6428 0.3209 -0.6956
vn 0.6283 0.1345 -0.7663
vn 0.6279 0.1347 -0.7665
vn -0.0515 -0.9947 -0.0889
vn 0.4086 -0.9091 -0.0814
vn -0.0069 -0.9810 -0.1937
vn -0.4682 0.4288 0.7726
vn -0.8946 0.4166 0.1617
vn 0.8833 -0.3812 -0.2730
vn -0.9348 0.3184 -0.1576
vn -0.8269 -0.0296 -0.5615
vn -0.1098 -0.9223 0.3705
vn -0.3180 -0.5061 0.8017
vn -0.4690 -0.3664 0.8036
vn -0.8034 0.1551 0.5749
vn 0.8307 -0.5532 0.0622
vn 0.7197 -0.1466 -0.6786
vn 0.9045 -0.1864 -0.3835
vn 0.5687 -0.5025 -0.6512
vn 0.2134 -0.3611 -0.9078
vn -0.6708 0.4412 -0.5961
vn -0.1105 -0.9796 0.1678
vn 0.7649 -0.6438 -0.0187
vn -0.8035 0.1547 0.5749
vn 0.7018 -0.5993 -0.3851
vn -0.7099 0.4142 -0.5697
vn 0.0437 0.3759 -0.9256
vn 0.5471 -0.8362 0.0383
vn -0.9413 0.3363 0.0307
vn -0.9413 0.3361 0.0303
vn -0.7325 0.6272 0.2648
vn 0.8059 -0.4581 -0.3750
vn -0.8694 0.4920 0.0452
vn 0.8739 -0.4842 0.0433
vn 0.9177 -0.3815 0.1111
vn 0.8531 -0.4422 -0.2770
vn -0.9660 0.0770 -0.2466
vn -0.0889 -0.9374 0.3368
vn -0.6108 -0.3341 0.7178
vn -0.7147 -0.0043 0.6994
vn -0.9413 0.3362 0.0303
vn -0.9680 0.2238 0.1135
vn 0.9466 -0.3217 -0.0215
vn -0.9959 0.0104 -0.0900
vn -0.6181 0.5447 -0.5668
vn -0.3311 -0.7132 0.6178
vn -0.9150 0.3137 0.2538
vn 0.9858 -0.1559 -0.0630
vn 0.9979 0.0646 -0.0097
vn 0.6673 -0.7446 0.0178
vn 0.8935 -0.3782 -0.2423
vn 0.7624 0.0873 -0.6412
vn -0.0935 -0.9726 0.2128
vn 0.8307 -0.5532 0.0627
vn 0.7337 -0.4681 0.4925
vn -0.9151 0.3135 0.2538
vn 0.8739 -0.4842 0.0437
vn 0.7931 -0.4562 0.4036
vn 0.7072 -0.0885 -0.7014
vn 0.7071 -0.0884 -0.7016
vn 0.5943 -0.6642 0.4535
vn -0.8601 -0.1417 0.4900
vn -0.9496 0.2664 0.1653
vn 0.7622 -0.6192 -0.1889
vn -0.3988 -0.6869 0.6076
vn -0.8603 -0.1415 0.4898
vn -0.9378 -0.0891 0.3355
vn 0.1544 -0.8995 0.4087
vn 0.2225 -0.9170 0.3311
vn 0.9176 -0.3816 0.1113
vn 0.9258 -0.1513 0.3465
vn 0.6390 -0.6455 -0.4183
vn 0.6213 -0.7831 -0.0264
vn -0.9712 0.0827 0.2233
vn 0.9367 -0.2008 -0.2870
vn -0.8937 0.4106 -0.1807
vn 0.9283 0.0317 -0.3705
vn -0.8239 0.5101 -0.2468
vn -0.3054 0.6136 -0.7282
vn -0.0033 0.7113 -0.7028
vn -0.1122 -0.9224 -0.3697
vn -0.9925 0.0997 0.0704
vn -0.7814 0.5994 0.1735
vn 0.8777 -0.4531 0.1558
vn 0.7781 -0.2178 0.5892
vn -0.8496 0.3725 0.3734
vn 0.7630 -0.5128 0.3936
vn -0.9082 0.2417 0.3417
vn -0.9158 0.3353 0.2211
vn -0.9925 0.0996 0.0705
vn 0.7446 -0.3596 0.5624
vn -0.9033 0.3298 0.2742
vn -0.6074 -0.2024 -0.7682
vn 0.8465 -0.0313 0.5314
vn 0.7630 -0.5127 0.3938
vn -0.9539 0.1360 0.2675
vn 0.8091 0.0241 0.5872
vn 0.7498 -0.4404 0.4938
vn -0.7080 0.6225 0.3335
vn 0.8323 -0.5134 0.2093
vn -0.7450 0.0546 0.6648
vn -0.8222 -0.1746 0.5417
vn 0.9696 -0.2445 0.0081
vn 0.9966 -0.0806 0.0142
vn -0.8772 0.4590 0.1408
vn -0.7093 0.6733 -0.2087
vn 0.3629 0.3157 -0.8767
vn 0.1162 -0.7261 -0.6777
vn -0.9158 0.3996 -0.0405
vn -0.7997 -0.1653 0.5772
vn 0.7000 -0.1536 0.6974
vn -0.3945 -0.4533 -0.7993
vn -0.7787 -0.0203 -0.6270
vn 0.4144 -0.8989 -0.1424
vn -0.9158 0.3995 -0.0405
vn 0.6468 -0.3840 0.6589
vn -0.7111 0.6702 -0.2123
vn -0.7466 -0.0777 0.6608
vn 0.3721 -0.7067 0.6018
vn -0.7292 0.4443 0.5205
vn 0.7072 -0.0888 -0.7014
vn 0.2112 0.1608 -0.9641
vn 0.3506 -0.4789 -0.8048
vn 0.3634 0.3157 -0.8765
vn 0.0609 -0.3314 -0.9415
vn 0.4242 0.1183 -0.8978
vn 0.4003 0.6006 -0.6921
vn -0.3448 -0.8457 -0.4073
vn 0.7626 -0.3589 0.5381
vn 0.4364 -0.1509 0.8870
vn 0.4225 -0.5782 0.6980
vn -0.5264 0.7871 0.3215
vn 0.4574 -0.3138 0.8321
vn -0.9129 -0.0329 0.4069
vn -0.5634 0.1310 0.8158
vn -0.8002 0.1258 0.5864
vn 0.9218 -0.3871 -0.0181
vn -0.1206 0.4008 -0.9082
vn 0.5903 0.2067 -0.7803
vn 0.4131 0.0557 -0.9090
vn -0.3056 0.6139 -0.7278
vn -0.7092 0.6734 -0.2085
vn -0.4389 0.8801 -0.1811
vn -0.0034 0.7117 -0.7025
vn -0.4422 0.1385 0.8862
vn 0.3635 -0.6469 0.6703
vn 0.9219 -0.3871 -0.0181
vn 0.0853 -0.6518 -0.7536
vn -0.0986 0.5383 -0.8370
vn 0.3570 -0.9005 -0.2481
vn -0.5890 -0.7992 -0.1200
vn -0.9079 -0.0107 -0.4190
vn -0.7787 -0.0200 -0.6270
vn -0.5377 0.8241 -0.1783
vn 0.0404 0.8454 0.5326
vn 0.5640 -0.4222 0.7097
vn 0.2776 -0.5526 0.7858
vn -0.4302 0.4135 0.8025
vn 0.8889 -0.2285 0.3970
vn 0.1135 0.9432 -0.3121
vn -0.4957 0.7584 -0.4231
vn 0.5516 -0.8198 0.1539
vn 0.7188 -0.6059 0.3409
vn -0.9080 -0.0107 -0.4188
vn -0.6735 0.2536 0.6943
vn 0.4682 0.0391 0.8827
vn 0.5283 -0.4672 0.7090
vn 0.8583 -0.1334 0.4955
vn 0.0424 -0.4780 -0.8773
vn 0.1406 -0.3159 -0.9383
vn -0.7396 0.6287 0.2401
vn -0.1271 -0.9158 0.3810
vn -0.5395 0.8015 0.2580
vn 0.6933 0.4361 0.5736
vn 0.0962 -0.3572 0.9290
vn -0.4421 0.1383 0.8863
vn 0.0405 0.8453 0.5328
vn -0.5811 -0.2535 0.7733
vn -0.7070 0.1151 0.6978
vn 0.1876 -0.3126 0.9312
vn -0.4596 -0.0682 0.8855
vn -0.3834 -0.6557 -0.6505
vn 0.3426 -0.8136 -0.4698
vn 0.6212 0.5942 -0.5109
vn -0.7918 0.6040 -0.0908
vn 0.7598 0.2895 0.5822
vn 0.7597 0.2900 0.5821
vn 0.6933 0.4363 0.5735
vn 0.0798 -0.3212 0.9436
vn 0.3580 -0.0795 0.9303
vn -0.2234 0.1119 0.9683
vn -0.3877 -0.7731 0.5020
vn 0.1874 -0.3130 0.9311
vn -0.3039 -0.5437 0.7823
vn -0.2619 -0.7369 -0.6232
vn 0.5326 0.0602 -0.8442
vn -0.6742 0.7181 0.1727
vn -0.5705 -0.8170 -0.0837
vn 0.6522 0.7478 0.1240
vn -0.1660 0.7658 0.6213
vn 0.0798 -0.3210 0.9437
vn -0.5595 -0.2415 0.7929
vn 0.4539 -0.3115 0.8349
vn 0.0800 -0.3213 0.9436
vn -0.4243 0.8801 -0.2131
vn 0.3576 -0.0792 0.9305
vn 0.4678 0.0393 0.8829
vn 0.2405 0.1106 0.9643
vn 0.3639 -0.6470 0.6701
vn 0.4462 -0.5681 0.6915
vn 0.2753 -0.3640 0.8898
vn -0.7123 0.3448 0.6114
vn -0.3831 -0.6558 -0.6506
vn 0.1406 -0.3161 -0.9382
vn 0.0331 -0.4216 -0.9062
vn -0.3833 -0.6558 -0.6504
vn -0.4584 -0.5754 -0.6773
vn -0.2621 -0.7367 -0.6234
vn -0.7397 0.6286 0.2402
vn -0.5841 0.6553 0.4789
vn -0.3428 0.9334 0.1057
vn 0.4682 -0.1028 0.8776
vn 0.3342 0.3952 0.8556
vn -0.4852 0.0965 0.8691
vn -0.2806 0.1676 0.9451
vn -0.0494 -0.2348 0.9708
vn -0.2887 -0.0631 0.9553
vn 0.6017 -0.2713 0.7512
vn -0.5329 -0.0396 0.8453
vn -0.6648 0.1861 0.7235
vn 0.8582 -0.1333 0.4957
vn 0.2975 -0.4435 0.8455
vn 0.2513 -0.8172 0.5187
vn 0.7518 -0.3376 0.5665
vn -0.3025 0.8391 0.4522
vn -0.1010 0.5608 0.8217
vn -0.0677 -0.0029 0.9977
vn -0.1373 0.0918 0.9863
vn -0.3603 -0.2918 0.8860
vn 0.0327 -0.4216 -0.9062
vn -0.2862 -0.9574 0.0383
vn 0.3424 -0.8137 -0.4697
vn -0.3415 -0.7561 -0.5583
vn 0.5927 0.7745 -0.2211
vn 0.2301 -0.4931 0.8390
vn 0.2007 -0.9115 0.3590
vn -0.1978 -0.8688 0.4539
vn 0.4792 -0.0706 0.8749
vn -0.2907 -0.4356 -0.8519
vn -0.5818 0.2212 0.7827
vn -0.7749 0.5878 0.2323
vn 0.5708 -0.1287 0.8109
vn 0.3343 0.3950 0.8557
vn 0.5707 -0.1285 0.8110
vn 0.4794 -0.0707 0.8747
vn -0.5816 0.2212 0.7828
vn -0.1618 -0.5001 -0.8507
vn -0.5320 -0.5252 -0.6642
vn 0.6214 0.5938 -0.5111
vn 0.7499 0.4303 -0.5025
vn 0.5904 0.2069 -0.7802
vn -0.5665 0.5213 0.6382
vn -0.7002 0.4835 0.5253
vn 0.3792 0.9236 -0.0558
vn -0.1992 0.8508 0.4863
vn 0.6832 -0.5200 0.5126
vn -0.9584 -0.1739 0.2262
vn -0.9585 -0.1736 0.2263
vn 0.3172 0.2737 0.9080
vn -0.0555 -0.2209 0.9737
vn -0.4733 -0.5956 -0.6490
vn -0.4879 0.1915 0.8516
vn -0.5628 -0.5196 -0.6429
vn -0.5945 -0.4911 0.6368
vn 0.0309 0.0846 0.9959
vn -0.4947 0.5706 0.6556
vn -0.3494 -0.0022 0.9370
vn 0.2113 -0.0398 0.9766
vn 0.5325 0.0602 -0.8443
vn 0.3127 -0.2964 -0.9024
vn -0.7219 -0.6126 -0.3218
vn -0.8395 -0.4789 -0.2565
vn 0.5328 0.0606 -0.8441
vn -0.5118 0.2095 0.8332
vn 0.2049 0.0122 0.9787
vn 0.3171 0.2734 0.9081
vn -0.0687 -0.0344 0.9970
vn 0.2109 -0.0396 0.9767
vn -0.4877 0.1916 0.8517
vn -0.0997 0.1047 0.9895
vn -0.5943 -0.4910 0.6369
vn -0.6620 -0.0981 0.7431
vn -0.0994 0.1046 0.9895
vn 0.4790 -0.0706 0.8750
vn -0.1029 -0.5055 -0.8566
vn -0.4448 -0.6212 -0.6452
vn 0.7499 0.4301 -0.5027
vn 0.6864 0.0875 -0.7220
vn 0.7116 0.6382 -0.2938
vn 0.5927 0.7745 -0.2209
vn -0.0240 0.1523 0.9880
vn -0.9184 -0.3827 -0.1005
vn -0.9288 -0.2063 0.3078
vn -0.6620 -0.0980 0.7430
vn -0.9288 -0.2059 0.3080
vn -0.5668 0.5209 0.6383
vn -0.6623 -0.0979 0.7428
vn -0.0196 -0.6788 -0.7341
vn -0.7219 -0.6127 -0.3218
vn -0.0705 0.8464 0.5279
vn -0.4447 -0.6210 -0.6454
vn -0.9183 -0.3829 -0.1001
vn -0.6412 -0.6663 -0.3806
vn -0.9089 -0.2196 0.3546
vn -0.7813 0.1009 0.6159
vn 0.5657 0.8229 0.0519
vn 0.3792 0.9237 -0.0556
vn -0.3856 -0.7301 -0.5641
vn 0.4034 -0.3885 -0.8285
vn -0.7000 0.4834 0.5257
vn -0.8123 0.3515 0.4655
vn 0.1958 0.8826 0.4274
vn -0.0703 0.8465 0.5278
vn -0.7805 -0.1096 0.6155
vn -0.6785 -0.7097 -0.1899
vn 0.6259 0.7635 0.1590
vn 0.1077 -0.6578 -0.7455
vn 0.7319 -0.0317 -0.6806
vn 0.7708 0.6329 -0.0726
vn -0.4669 0.4768 0.7447
vn -0.0707 0.8463 0.5280
vn -0.2197 -0.6685 -0.7105
vn -0.9443 -0.2621 -0.1990
vn 0.8470 0.3428 -0.4063
vn 0.7709 0.6327 -0.0730
vn 0.6948 -0.5271 -0.4893
vn -0.7383 -0.6007 -0.3066
vn -0.9348 0.2802 -0.2185
vn -0.7102 -0.7040 0.0052
vn 0.3369 0.8253 0.4532
vn -0.0585 0.6664 0.7433
vn -0.3505 -0.8394 -0.4154
vn -0.7138 -0.7003 -0.0034
vn -0.0589 0.6662 0.7434
vn 0.2545 -0.7926 -0.5540
vn -0.8296 -0.5532 -0.0752
vn -0.7562 -0.6078 -0.2424
vn -0.0578 -0.8840 -0.4639
vn 0.8739 -0.0827 -0.4790
vn -0.7369 -0.4978 0.4574
vn -0.9192 -0.3930 0.0239
vn -0.8247 -0.2166 0.5224
vn 0.8366 0.4446 -0.3199
vn 0.5350 -0.8222 -0.1942
vn -0.0759 -0.9683 -0.2381
vn 0.2748 -0.9608 -0.0376
vn -0.8468 -0.5291 0.0541
vn 0.5234 0.0776 -0.8485
vn -0.7366 -0.1657 0.6557
vn -0.6333 0.1132 0.7656
vn -0.3863 -0.9195 0.0726
vn -0.3236 -0.9373 -0.1295
vn 0.2949 0.9466 0.1301
vn -0.8892 -0.3918 0.2362
vn -0.2143 -0.1801 0.9600
vn 0.7857 -0.4797 -0.3906
vn 0.6969 0.7009 -0.1518
vn 0.5070 0.5550 -0.6595
vn 0.4067 0.7478 0.5247
vn 0.3923 -0.7973 -0.4587
vn 0.2672 -0.3903 -0.8810
vn 0.2347 -0.2284 -0.9448
vn 0.3086 -0.6448 -0.6993
vn 0.4461 0.1244 -0.8863
vn 0.6902 -0.4344 -0.5787
vn -0.0749 0.3661 -0.9276
vn -0.1118 0.1764 -0.9779
vn 0.1961 0.5404 -0.8183
vn -0.3824 0.3871 0.8390
vn 0.0882 -0.9521 0.2927
vn 0.2426 -0.9683 0.0591
vn -0.1657 -0.9860 0.0159
vn 0.1354 0.6573 -0.7413
vn 0.2950 0.9466 0.1300
vn 0.1357 0.6490 0.7486
vn 0.0863 -0.8357 -0.5424
vn -0.3610 0.4038 -0.8406
vn -0.2630 -0.8393 -0.4758
vn -0.6594 -0.5699 0.4903
vn 0.1255 -0.9769 -0.1732
vn -0.2432 -0.9221 0.3009
vn -0.3629 0.0102 0.9318
vn -0.1842 -0.9342 0.3055
vn -0.2806 -0.9183 -0.2794
vn -0.1991 -0.9375 -0.2853
vn -0.7763 -0.3129 -0.5471
vn -0.1513 -0.9058 0.3957
vn 0.5386 -0.7799 -0.3189
vn -0.8100 -0.0869 0.5800
vn -0.3307 -0.8960 0.2963
vn 0.3783 -0.9213 -0.0900
vn -0.4063 -0.6722 0.6189
vn 0.7088 -0.7054 -0.0016
vn -0.7387 -0.1574 0.6554
vn -0.3505 -0.9106 0.2190
vn -0.5908 -0.6908 0.4168
vn -0.1552 0.9435 0.2927
vn -0.3612 0.4036 -0.8406
vn -0.5921 0.6551 -0.4694
vn -0.7169 0.3268 -0.6158
vn -0.1696 0.3965 0.9022
vn -0.1556 0.9436 0.2924
vn 0.0208 -0.9678 0.2509
vn -0.8264 -0.5502 0.1197
vn -0.6202 -0.7402 -0.2597
vn 0.1353 0.6488 0.7488
vn 0.1740 -0.9567 0.2335
vn -0.7841 -0.6122 0.1021
vn -0.4648 -0.8187 0.3371
vn -0.4493 0.6995 0.5557
vn 0.4018 -0.8846 0.2367
vn -0.2969 -0.1005 0.9496
vn -0.4492 0.6994 0.5560
vn -0.0221 -0.8664 0.4988
vn 0.3785 -0.9212 -0.0899
vn 0.7088 -0.7054 -0.0014
vn 0.4019 -0.8845 0.2369
vn -0.4776 -0.5151 0.7117
vn -0.6209 -0.1124 0.7758
vn -0.8192 0.5695 -0.0670
vn -0.7724 0.5820 -0.2543
vn -0.0520 -0.3130 0.9483
vn -0.4490 0.6995 0.5560
vn 0.1740 -0.9566 0.2337
vn -0.6183 -0.5746 0.5362
vn -0.5014 0.4502 0.7388
vn -0.7323 -0.2459 0.6351
vn -0.3811 -0.3211 0.8670
vn -0.7890 0.0071 0.6144
vn -0.7598 0.5228 0.3865
vn -0.4491 0.6995 0.5558
vn -0.7598 0.5226 0.3867
vn -0.8193 0.5696 -0.0666
vn -0.9462 0.1591 0.2816
vn -0.0222 -0.8664 0.4988
vn -0.1976 -0.6827 0.7035
vn -0.6179 -0.5747 0.5366
vn -0.5015 0.4504 0.7387
vn -0.9462 0.1592 0.2819
vn -0.7598 0.5226 0.3868
vn -0.3795 -0.4125 0.8282
vn -0.7322 -0.2459 0.6351
vn -0.6641 0.5194 0.5378
vn -0.7321 -0.2459 0.6353
vn -0.5218 0.0906 0.8482
vn -0.5522 0.2477 0.7961
vn -0.9413 0.2587 0.2171
vn -0.3795 -0.4122 0.8283
vn -0.4773 -0.1576 0.8645
vt 0.060154 0.953714
vt 0.059414 0.948461
vt 0.062203 0.953307
vt 0.057729 0.951811
vt 0.054657 0.947115
vt 0.057513 0.955797
vt 0.064608 0.952766
vt 0.061603 0.959855
vt 0.051442 0.944425
vt 0.061909 0.939721
vt 0.069263 0.955223
vt 0.068006 0.957947
vt 0.047014 0.951077
vt 0.067602 0.945490
vt 0.054226 0.956235
vt 0.705271 0.839820
vt 0.711774 0.829805
vt 0.711723 0.836044
vt 0.040475 0.942915
vt 0.737824 0.839820
vt 0.728964 0.835808
vt 0.738091 0.831170
vt 0.743058 0.836920
vt 0.741304 0.833152
vt 0.717794 0.832178
vt 0.043332 0.953262
vt 0.731810 0.819284
vt 0.725808 0.833397
vt 0.037755 0.933207
vt 0.751076 0.825770
vt 0.034358 0.955150
vt 0.036650 0.948554
vt 0.712845 0.818648
vt 0.717109 0.817538
vt 0.722094 0.815723
vt 0.726458 0.815129
vt 0.747531 0.822035
vt 0.736824 0.821445
vt 0.028794 0.938657
vt 0.026283 0.929973
vt 0.032060 0.950836
vt 0.027554 0.945983
vt 0.717774 0.813089
vt 0.024011 0.936229
vt 0.721299 0.807717
vt 0.729566 0.814816
vt 0.030199 0.956530
vt 0.716742 0.806225
vt 0.707445 0.803543
vt 0.736211 0.812880
vt 0.026128 0.953246
vt 0.724351 0.807203
vt 0.021866 0.942419
vt 0.018503 0.929288
vt 0.014425 0.923396
vt 0.016579 0.912907
vt 0.018568 0.950665
vt 0.016983 0.942043
vt 0.021046 0.957481
vt 0.741703 0.812267
vt 0.733662 0.806837
vt 0.019798 0.945257
vt 0.721039 0.798468
vt 0.715367 0.800796
vt 0.010002 0.916808
vt 0.011503 0.907782
vt 0.293062 0.009346
vt 0.292425 0.001423
vt 0.299470 0.006781
vt 0.340080 0.250352
vt 0.347464 0.247866
vt 0.345244 0.254271
vt 0.286788 0.007158
vt 0.340605 0.238828
vt 0.346299 0.238113
vt 0.350049 0.242278
vt 0.361378 0.261902
vt 0.360846 0.258039
vt 0.363247 0.261048
vt 0.365485 0.259510
vt 0.488549 0.331969
vt 0.492588 0.325290
vt 0.493272 0.335368
vt 0.295143 0.011329
vt 0.293870 0.012007
vt 0.357132 0.254615
vt 0.729832 0.800895
vt 0.011307 0.959525
vt 0.358320 0.257065
vt 0.338759 0.232759
vt 0.345429 0.233519
vt 0.696964 0.325258
vt 0.695390 0.328061
vt 0.692987 0.325401
vt 0.016615 0.910603
vt 0.014729 0.905276
vt 0.010731 0.929005
vt 0.486726 0.321247
vt 0.505095 0.330090
vt 0.000974 0.903563
vt 0.508058 0.340867
vt 0.338438 0.253699
vt 0.302538 0.006903
vt 0.336263 0.245981
vt 0.741707 0.803738
vt 0.011252 0.964420
vt 0.360965 0.248898
vt 0.352793 0.240119
vt 0.362204 0.244674
vt 0.690464 0.330188
vt 0.692246 0.331969
vt 0.298894 0.013015
vt 0.306972 0.004122
vt 0.308946 0.007301
vt 0.347269 0.259436
vt 0.290511 0.017370
vt 0.342957 0.225624
vt 0.690465 0.326779
vt 0.692437 0.323393
vt 0.367106 0.255061
vt 0.372291 0.260021
vt 0.000753 0.882102
vt 0.542189 0.339044
vt 0.690506 0.359929
vt 0.696964 0.389918
vt 0.689915 0.386016
vt 0.306293 0.012957
vt 0.730987 0.797443
vt 0.360806 0.254863
vt 0.352845 0.233152
vt 0.479126 0.321268
vt 0.480980 0.319317
vt 0.688051 0.334762
vt 0.009092 0.882441
vt 0.534030 0.328032
vt 0.544275 0.331952
vt 0.691996 0.393210
vt 0.319134 0.009406
vt 0.317042 0.012375
vt 0.310323 0.010950
vt 0.355835 0.261902
vt 0.737916 0.799830
vt 0.009194 0.962488
vt 0.005580 0.966055
vt 0.689847 0.323343
vt 0.693202 0.316513
vt 0.367783 0.253424
vt 0.683158 0.332546
vt 0.491943 0.318571
vt 0.681007 0.349288
vt 0.681379 0.364130
vt 0.696182 0.403431
vt 0.556847 0.332241
vt 0.299564 0.018221
vt 0.746082 0.797462
vt 0.005471 0.967097
vt 0.358885 0.239500
vt 0.487427 0.315943
vt 0.511516 0.317620
vt 0.682791 0.391555
vt 0.323430 0.013872
vt 0.327702 0.011885
vt 0.735332 0.794713
vt 0.686565 0.320232
vt 0.367784 0.239446
vt 0.477058 0.307497
vt 0.535857 0.316927
vt 0.683227 0.407425
vt 0.555835 0.324563
vt 0.688010 0.408223
vt 0.574688 0.332056
vt 0.583283 0.344951
vt 0.570669 0.340294
vt 0.598899 0.339726
vt 0.602483 0.329879
vt 0.583283 0.347523
vt 0.692681 0.312112
vt 0.353758 0.226806
vt 0.687508 0.325725
vt 0.363140 0.237409
vt 0.492799 0.309962
vt 0.678933 0.378184
vt 0.677035 0.367224
vt 0.546993 0.319418
vt 0.562731 0.322936
vt 0.568843 0.343185
vt 0.563030 0.334189
vt 0.574997 0.346988
vt 0.569811 0.334445
vt 0.566863 0.325457
vt 0.319426 0.015647
vt 0.327436 0.014934
vt 0.310412 0.020041
vt 0.304263 0.022294
vt 0.000676 0.870421
vt 0.690726 0.408373
vt 0.564118 0.330498
vt 0.687944 0.415151
vt 0.689479 0.421851
vt 0.686747 0.419203
vt 0.684386 0.420883
vt 0.737424 0.789547
vt 0.744242 0.792711
vt 0.002033 0.969679
vt 0.688142 0.315914
vt 0.676218 0.388819
vt 0.560038 0.315840
vt 0.681535 0.411826
vt 0.684990 0.438776
vt 0.692554 0.429896
vt 0.590704 0.323560
vt 0.690385 0.444281
vt 0.596406 0.352811
vt 0.000676 0.974018
vt 0.353542 0.006536
vt 0.348626 0.013886
vt 0.340362 0.014229
vt 0.360565 0.231341
vt 0.487922 0.303878
vt 0.671397 0.371188
vt 0.532844 0.310682
vt 0.571134 0.314948
vt 0.327029 0.019130
vt 0.321495 0.019986
vt 0.359371 0.226028
vt 0.368408 0.231646
vt 0.675763 0.335824
vt 0.678373 0.404745
vt 0.681896 0.407630
vt 0.681504 0.418427
vt 0.678670 0.410431
vt 0.607026 0.319638
vt 0.333872 0.019744
vt 0.680424 0.324500
vt 0.325003 0.025927
vt 0.675541 0.411079
vt 0.563917 0.316123
vt 0.635925 0.334274
vt 0.366121 0.009931
vt 0.360427 0.015271
vt 0.370362 0.236229
vt 0.474323 0.305938
vt 0.483562 0.297531
vt 0.673582 0.404546
vt 0.550664 0.302001
vt 0.674188 0.346534
vt 0.662889 0.365802
vt 0.675038 0.419067
vt 0.570611 0.308644
vt 0.342540 0.022462
vt 0.327127 0.024104
vt 0.329000 0.027501
vt 0.321388 0.028522
vt 0.526885 0.298907
vt 0.670102 0.404902
vt 0.563018 0.308038
vt 0.637916 0.318880
vt 0.336078 0.024447
vt 0.331986 0.033224
vt 0.667102 0.386328
vt 0.666689 0.397096
vt 0.666307 0.411290
vt 0.669153 0.432362
vt 0.686129 0.470707
vt 0.351763 0.019981
vt 0.379629 0.006352
vt 0.372482 0.021028
vt 0.480649 0.297442
vt 0.391188 0.003770
vt 0.380882 0.016279
vt 0.687023 0.508654
vt 0.653244 0.343575
vt 0.365752 0.020423
vt 0.338434 0.031336
vt 0.564018 0.301761
vt 0.669503 0.420521
vt 0.341654 0.028305
vt 0.475762 0.294144
vt 0.494692 0.293867
vt 0.357714 0.022370
vt 0.357392 0.030893
vt 0.411252 0.001423
vt 0.658563 0.386547
vt 0.663629 0.409971
vt 0.661221 0.417578
vt 0.572506 0.299238
vt 0.671692 0.442468
vt 0.604015 0.309113
vt 0.677391 0.482561
vt 0.625520 0.310363
vt 0.653870 0.321571
vt 0.662332 0.326919
vt 0.347987 0.035423
vt 0.478006 0.292515
vt 0.485168 0.287713
vt 0.662634 0.407176
vt 0.377314 0.021764
vt 0.490088 0.287895
vt 0.394589 0.016346
vt 0.531008 0.292577
vt 0.541725 0.298211
vt 0.336171 0.036088
vt 0.645885 0.366326
vt 0.601045 0.295907
vt 0.345760 0.043828
vt 0.374636 0.022998
vt 0.642687 0.355190
vt 0.518589 0.288546
vt 0.652659 0.397068
vt 0.656125 0.406987
vt 0.558633 0.296766
vt 0.660147 0.427234
vt 0.565315 0.289911
vt 0.570153 0.291011
vt 0.666846 0.444441
vt 0.669998 0.480217
vt 0.629432 0.301231
vt 0.655721 0.313201
vt 0.661474 0.335136
vt 0.350112 0.045690
vt 0.473738 0.286426
vt 0.478919 0.285427
vt 0.513290 0.283507
vt 0.646442 0.384089
vt 0.346185 0.048025
vt 0.341515 0.051137
vt 0.356809 0.037164
vt 0.341915 0.042457
vt 0.371452 0.027558
vt 0.479339 0.280407
vt 0.500446 0.281699
vt 0.655087 0.420924
vt 0.552859 0.292045
vt 0.517467 0.394420
vt 0.526311 0.391669
vt 0.520977 0.399149
vt 0.523076 0.387878
vt 0.524894 0.398985
vt 0.529705 0.397651
vt 0.532636 0.393574
vt 0.348383 0.052397
vt 0.368258 0.036752
vt 0.377689 0.033093
vt 0.382655 0.026568
vt 0.484432 0.276853
vt 0.634761 0.363351
vt 0.517832 0.283557
vt 0.520724 0.281783
vt 0.589551 0.288863
vt 0.669614 0.503424
vt 0.529765 0.384179
vt 0.534008 0.404758
vt 0.529434 0.391740
vt 0.519955 0.372992
vt 0.522523 0.368279
vt 0.528765 0.375513
vt 0.524604 0.381205
vt 0.495172 0.277103
vt 0.647076 0.417912
vt 0.514584 0.406542
vt 0.524328 0.403824
vt 0.533542 0.383811
vt 0.352632 0.050212
vt 0.349201 0.057941
vt 0.345000 0.069181
vt 0.469901 0.282049
vt 0.474141 0.276587
vt 0.494543 0.274785
vt 0.404546 0.024331
vt 0.648210 0.406555
vt 0.646726 0.409482
vt 0.554802 0.286314
vt 0.659763 0.449998
vt 0.538302 0.383006
vt 0.534396 0.381255
vt 0.357482 0.049230
vt 0.361027 0.040603
vt 0.465049 0.272439
vt 0.542954 0.284462
vt 0.639793 0.400458
vt 0.653155 0.431708
vt 0.658752 0.477781
vt 0.525024 0.407985
vt 0.525743 0.413660
vt 0.511374 0.346965
vt 0.527342 0.367266
vt 0.353287 0.058742
vt 0.479433 0.275160
vt 0.376100 0.037117
vt 0.383254 0.031798
vt 0.382170 0.036665
vt 0.380698 0.037731
vt 0.512528 0.274328
vt 0.519967 0.276070
vt 0.642114 0.408213
vt 0.564356 0.280637
vt 0.524571 0.414912
vt 0.516670 0.406547
vt 0.551334 0.409506
vt 0.467915 0.271638
vt 0.373919 0.041922
vt 0.488137 0.269997
vt 0.491726 0.270206
vt 0.513754 0.268255
vt 0.628413 0.379752
vt 0.541961 0.273839
vt 0.564918 0.274906
vt 0.563630 0.272870
vt 0.568980 0.276586
vt 0.520762 0.414980
vt 0.525065 0.435061
vt 0.536194 0.373761
vt 0.349791 0.064957
vt 0.490634 0.272356
vt 0.484547 0.274527
vt 0.400458 0.032911
vt 0.515828 0.272716
vt 0.631275 0.374172
vt 0.619156 0.364341
vt 0.533682 0.272046
vt 0.533143 0.259958
vt 0.558086 0.267528
vt 0.550157 0.268921
vt 0.569209 0.262829
vt 0.574137 0.267190
vt 0.586213 0.264141
vt 0.643244 0.434740
vt 0.632344 0.292563
vt 0.364746 0.804942
vt 0.367778 0.802773
vt 0.363715 0.813080
vt 0.226109 0.271509
vt 0.229619 0.271011
vt 0.233060 0.278541
vt 0.655050 0.290231
vt 0.532636 0.367678
vt 0.541597 0.377966
vt 0.369643 0.045689
vt 0.486110 0.271167
vt 0.521651 0.267503
vt 0.520845 0.272320
vt 0.623292 0.374684
vt 0.523905 0.264943
vt 0.528416 0.270950
vt 0.651872 0.446795
vt 0.588513 0.280359
vt 0.603686 0.284066
vt 0.226092 0.323804
vt 0.237846 0.296564
vt 0.243127 0.300396
vt 0.359852 0.052366
vt 0.364175 0.045191
vt 0.470409 0.270409
vt 0.478621 0.269822
vt 0.533375 0.267442
vt 0.532164 0.270205
vt 0.573445 0.276104
vt 0.226730 0.260737
vt 0.241952 0.291070
vt 0.511448 0.411656
vt 0.235295 0.286455
vt 0.239391 0.283212
vt 0.559977 0.407075
vt 0.360750 0.059106
vt 0.354471 0.065876
vt 0.353550 0.072744
vt 0.229684 0.327489
vt 0.229973 0.262462
vt 0.530684 0.343696
vt 0.532801 0.359388
vt 0.541211 0.375004
vt 0.365912 0.048428
vt 0.372711 0.045360
vt 0.479479 0.266102
vt 0.647607 0.476823
vt 0.649558 0.285257
vt 0.361319 0.826577
vt 0.357614 0.814654
vt 0.238327 0.278903
vt 0.953404 0.527509
vt 0.959469 0.503458
vt 0.967579 0.537023
vt 0.538791 0.367770
vt 0.542697 0.371099
vt 0.554011 0.385026
vt 0.546798 0.377926
vt 0.358474 0.067761
vt 0.351393 0.075757
vt 0.457864 0.265546
vt 0.476537 0.266584
vt 0.587902 0.269959
vt 0.352185 0.829134
vt 0.610607 0.278790
vt 0.241698 0.278943
vt 0.245405 0.295314
vt 0.247689 0.303547
vt 0.466673 0.268134
vt 0.598052 0.275766
vt 0.638938 0.455658
vt 0.383910 0.819016
vt 0.378084 0.842308
vt 0.243436 0.273580
vt 0.246122 0.285758
vt 0.974018 0.507932
vt 0.536476 0.363626
vt 0.363932 0.065135
vt 0.366747 0.055236
vt 0.470884 0.266196
vt 0.601486 0.271067
vt 0.603018 0.266267
vt 0.234965 0.346317
vt 0.235129 0.335544
vt 0.256164 0.302704
vt 0.543065 0.353734
vt 0.540949 0.361948
vt 0.617303 0.273623
vt 0.618019 0.259958
vt 0.367240 0.840797
vt 0.244471 0.276987
vt 0.397818 0.822345
vt 0.392712 0.846055
vt 0.951031 0.511052
vt 0.948295 0.524824
vt 0.359729 0.075291
vt 0.464528 0.262678
vt 0.247229 0.282172
vt 0.256599 0.284795
vt 0.259738 0.290990
vt 0.319847 0.810783
vt 0.311195 0.800963
vt 0.316139 0.804558
vt 0.371860 0.860937
vt 0.334756 0.819101
vt 0.562766 0.378524
vt 0.336070 0.814440
vt 0.331605 0.813379
vt 0.347932 0.841675
vt 0.322323 0.827230
vt 0.315648 0.831795
vt 0.943199 0.512966
vt 0.934475 0.543285
vt 0.361123 0.857045
vt 0.383752 0.858980
vt 0.305504 0.802171
vt 0.334501 0.827545
vt 0.931648 0.519991
vt 0.925608 0.533748
vt 0.330469 0.845361
vt 0.350254 0.860999
vt 0.944296 0.491337
vt 0.375200 0.874741
vt 0.396530 0.864716
vt 0.950739 0.484227
vt 0.302752 0.844051
vt 0.288969 0.824195
vt 0.338434 0.846218
vt 0.334381 0.841602
vt 0.405234 0.856267
vt 0.417550 0.839640
vt 0.387166 0.887086
vt 0.335116 0.846039
vt 0.334209 0.844211
vt 0.341516 0.857166
vt 0.935433 0.502841
vt 0.925608 0.501102
vt 0.362985 0.875228
vt 0.336539 0.852372
vt 0.289674 0.864806
vt 0.381765 0.887400
vt 0.352710 0.879830
vt 0.351658 0.876819
vt 0.373578 0.884146
vt 0.397361 0.881059
vt 0.335470 0.856017
vt 0.346135 0.868431
vt 0.336563 0.867887
vt 0.407578 0.879465
vt 0.382895 0.891252
vt 0.371248 0.889297
vt 0.377549 0.894336
vt 0.342303 0.869106
vt 0.402415 0.886789
vt 0.321984 0.866200
vt 0.312264 0.862579
vt 0.360431 0.888690
vt 0.356531 0.884609
vt 0.944555 0.458125
vt 0.348025 0.878331
vt 0.342701 0.872038
vt 0.390510 0.892983
vt 0.414063 0.874622
vt 0.411108 0.880286
vt 0.934817 0.472759
vt 0.384669 0.897044
vt 0.390657 0.896696
vt 0.399465 0.895284
vt 0.388104 0.900740
vt 0.411583 0.894499
vt 0.404860 0.903159
vt 0.406673 0.886259
vt 0.411829 0.889931
vt 0.417177 0.891221
vt 0.305169 0.865649
vt 0.369661 0.896122
vt 0.377579 0.898093
vt 0.353738 0.884804
vt 0.414795 0.880493
vt 0.418517 0.876347
vt 0.928483 0.468118
vt 0.382669 0.902051
vt 0.421373 0.883586
vt 0.378459 0.901005
vt 0.349152 0.886830
vt 0.380391 0.905693
vt 0.353002 0.889547
vt 0.331604 0.895619
vt 0.358885 0.897626
vt 0.376251 0.904183
vt 0.374414 0.901294
vt 0.371128 0.901940
vt 0.351745 0.893065
vt 0.389661 0.907789
vt 0.343577 0.883977
vt 0.366188 0.901755
vt 0.385328 0.909594
vt 0.349396 0.891277
vt 0.398650 0.917741
vt 0.344993 0.895359
vt 0.367700 0.908387
vt 0.351240 0.896150
vt 0.138156 0.333108
vt 0.134267 0.340650
vt 0.135259 0.323395
vt 0.130554 0.336913
vt 0.125741 0.328055
vt 0.321938 0.897626
vt 0.933877 0.455542
vt 0.354627 0.901699
vt 0.349968 0.898320
vt 0.358480 0.905139
vt 0.313583 0.902202
vt 0.377329 0.912839
vt 0.362344 0.906922
vt 0.351968 0.900807
vt 0.929635 0.453863
vt 0.383144 0.917550
vt 0.344714 0.902353
vt 0.327568 0.911048
vt 0.368934 0.915120
vt 0.580462 0.868423
vt 0.595218 0.858168
vt 0.589113 0.865676
vt 0.354583 0.907692
vt 0.348342 0.900138
vt 0.126388 0.339844
vt 0.120853 0.329453
vt 0.350971 0.903258
vt 0.133691 0.346317
vt 0.580519 0.874331
vt 0.581580 0.878272
vt 0.355918 0.912278
vt 0.332731 0.909700
vt 0.350254 0.912735
vt 0.346967 0.907322
vt 0.341878 0.907273
vt 0.325930 0.917741
vt 0.520183 0.129294
vt 0.528704 0.130470
vt 0.526760 0.133999
vt 0.340118 0.912028
vt 0.586354 0.880690
vt 0.577693 0.889387
vt 0.516786 0.126640
vt 0.516754 0.120943
vt 0.585094 0.888963
vt 0.581643 0.891767
vt 0.522005 0.121253
vt 0.508687 0.112706
vt 0.520469 0.118619
vt 0.528198 0.119503
vt 0.535746 0.129163
vt 0.510921 0.108706
vt 0.517689 0.111351
s 1
usemtl Material_0
f 5765/5161/5022 5766/5162/5023 5767/5163/5024
f 5765/5161/5022 5768/5164/5025 5766/5162/5023
f 5766/5162/5023 5768/5164/5025 5769/5165/5026
f 5770/5166/5027 5768/5164/5025 5765/5161/5022
f 5766/5162/5023 5771/5167/5028 5767/5163/5024
f 5765/5161/5022 5772/5168/5029 5770/5166/5027
f 5765/5161/5022 5767/5163/5024 5772/5168/5029
f 5769/5165/5026 5774/5169/5030 5766/5162/5023
f 5766/5162/5023 5774/5169/5030 5776/5170/5031
f 5771/5167/5028 5772/5168/5029 5767/5163/5024
f 5772/5168/5029 5778/5171/5032 5780/5172/5033
f 5771/5167/5028 5778/5171/5032 5772/5168/5029
f 5768/5164/5025 5782/5173/5034 5769/5165/5026
f 5771/5167/5028 5766/5162/5023 5778/5171/5032
f 5783/5174/5035 5766/5162/5023 5776/5170/5031
f 5772/5168/5029 5785/5175/5036 5770/5166/5027
f 5785/5175/5036 5768/5164/5025 5770/5166/5027
f 5785/5175/5036 5782/5173/5034 5768/5164/5025
f 5766/5162/5023 5783/5174/5035 5778/5171/5032
f 5782/5173/5034 5774/5169/5030 5769/5165/5026
f 5775/5176/5030 5788/5177/5037 5777/5178/5038
f 5774/5169/5030 5782/5173/5034 5789/5179/5039
f 5773/5180/5040 5781/5181/5041 5790/5182/5042
f 5773/5180/5040 5790/5182/5042 5786/5183/5043
f 5786/5183/5043 5790/5182/5042 5791/5184/5044
f 5777/5178/5038 5788/5177/5037 5784/5185/5045
f 5792/5186/5046 5782/5173/5034 5785/5175/5036
f 5781/5181/5041 5793/5187/5047 5790/5182/5042
f 5779/5188/5032 5793/5187/5047 5781/5181/5041
f 5774/5169/5030 5789/5179/5039 5787/5189/5048
f 5791/5184/5044 5795/5190/5049 5786/5183/5043
f 5785/5175/5036 5794/5191/5050 5792/5186/5046
f 5789/5179/5039 5782/5173/5034 5796/5192/5051
f 5784/5185/5045 5788/5177/5037 5798/5193/5052
f 5784/5185/5045 5798/5193/5052 5799/5194/5053
f 5792/5186/5046 5796/5192/5051 5782/5173/5034
f 5779/5188/5032 5800/5195/5054 5801/5196/5055
f 5779/5188/5032 5784/5185/5045 5799/5194/5053
f 5779/5188/5032 5799/5194/5053 5800/5195/5054
f 5791/5184/5044 5790/5182/5042 5803/5197/5056
f 5793/5187/5047 5804/5198/5057 5790/5182/5042
f 5779/5188/5032 5801/5196/5055 5793/5187/5047
f 5787/5189/5048 5789/5179/5039 5805/5199/5058
f 5805/5199/5058 5797/5200/5059 5787/5189/5048
f 5790/5182/5042 5804/5198/5057 5803/5197/5056
f 5791/5184/5044 5803/5197/5056 5795/5190/5049
f 5794/5191/5050 5806/5201/5060 5792/5186/5046
f 5792/5186/5046 5806/5201/5060 5796/5192/5051
f 5796/5192/5051 5806/5201/5060 5807/5202/5061
f 5789/5179/5039 5796/5192/5051 5807/5202/5061
f 5789/5179/5039 5807/5202/5061 5805/5199/5058
f 5800/5195/5054 5799/5194/5053 5808/5203/5062
f 5805/5199/5058 5809/5204/5063 5797/5200/5059
f 5800/5195/5054 5808/5203/5062 5810/5205/5064
f 5799/5194/5053 5798/5193/5052 5808/5203/5062
f 5811/5206/5065 5804/5198/5057 5793/5187/5047
f 5801/5196/5055 5811/5206/5065 5793/5187/5047
f 5794/5191/5050 5802/5207/5066 5806/5201/5060
f 5801/5196/5055 5800/5195/5054 5810/5205/5064
f 5808/5203/5062 5812/5208/5067 5810/5205/5064
f 5808/5203/5062 5798/5193/5052 5812/5208/5067
f 5798/5193/5052 5815/5209/5068 5812/5208/5067
f 5811/5206/5065 5816/5210/5069 5804/5198/5057
f 5802/5207/5066 5817/5211/5070 5806/5201/5060
f 5801/5196/5055 5810/5205/5064 5811/5206/5065
f 5810/5205/5064 5818/5212/5071 5811/5206/5065
f 5807/5202/5061 5819/5213/5072 5805/5199/5058
f 5805/5199/5058 5819/5213/5072 5809/5204/5063
f 5809/5204/5063 5820/5214/5073 5797/5200/5059
f 5797/5200/5059 5821/5215/5074 5813/5216/5075
f 5804/5198/5057 5816/5210/5069 5803/5197/5056
f 5806/5201/5060 5817/5211/5070 5823/5217/5076
f 5806/5201/5060 5823/5217/5076 5807/5202/5061
f 5819/5213/5072 5711/5218/5077 5809/5204/5063
f 5711/5218/5077 5820/5214/5073 5809/5204/5063
f 5797/5200/5059 5820/5214/5073 5821/5215/5074
f 5802/5207/5066 5825/5219/5078 5817/5211/5070
f 5803/5197/5056 5816/5210/5069 5826/5220/5079
f 5811/5206/5065 5818/5212/5071 5827/5221/5080
f 5819/5213/5072 5807/5202/5061 5828/5222/5081
f 5827/5221/5080 5816/5210/5069 5811/5206/5065
f 5817/5211/5070 5825/5219/5078 5823/5217/5076
f 5818/5212/5071 5810/5205/5064 5831/5223/5082
f 5807/5202/5061 5823/5217/5076 5828/5222/5081
f 5810/5205/5064 5812/5208/5067 5831/5223/5082
f 5828/5222/5081 5711/5218/5077 5819/5213/5072
f 5833/5224/5083 5812/5208/5067 5815/5209/5068
f 5821/5215/5074 5834/5225/5084 5543/5226/5085
f 5678/5227/5086 5679/5228/5087 5681/5229/5088
f 5683/5230/5089 5684/5231/5090 5685/5232/5091
f 5678/5227/5086 5686/5233/5092 5679/5228/5087
f 5680/5234/5093 5684/5231/5090 5683/5230/5089
f 5680/5234/5093 5688/5235/5094 5689/5236/5095
f 5680/5234/5093 5689/5236/5095 5684/5231/5090
f 5824/5237/5076 5709/5238/5096 5829/5239/5097
f 5709/5238/5096 5712/5240/5098 5829/5239/5097
f 5831/5223/5082 5812/5208/5067 5833/5224/5083
f 5821/5215/5074 5543/5226/5085 5813/5216/5075
f 5822/5241/5099 5836/5242/5100 5835/5243/5101
f 5678/5227/5086 5690/5244/5102 5691/5245/5103
f 5678/5227/5086 5681/5229/5088 5690/5244/5102
f 5691/5245/5103 5686/5233/5092 5678/5227/5086
f 5685/5232/5091 5684/5231/5090 5692/5246/5104
f 5816/5210/5069 5827/5221/5080 5826/5220/5079
f 5818/5212/5071 5837/5247/5105 5827/5221/5080
f 5825/5219/5078 5707/5248/5106 5823/5217/5076
f 5824/5237/5076 5708/5249/5107 5709/5238/5096
f 5687/5250/5108 5693/5251/5109 5680/5234/5093
f 5680/5234/5093 5693/5251/5109 5688/5235/5094
f 5814/5252/5110 5839/5253/5111 5832/5254/5112
f 5813/5216/5075 5543/5226/5085 5838/5255/5113
f 5543/5226/5085 5550/5256/5114 5838/5255/5113
f 5820/5214/5073 5840/5257/5115 5821/5215/5074
f 5842/5258/5116 5836/5242/5100 5822/5241/5099
f 5835/5243/5101 5836/5242/5100 5544/5259/5117
f 5834/5225/5084 5538/5260/5118 5543/5226/5085
f 5835/5243/5101 5544/5259/5117 5539/5261/5119
f 5685/5232/5091 5695/5262/5120 5683/5230/5089
f 5696/5263/5121 5681/5229/5088 5679/5228/5087
f 5683/5230/5089 5697/5264/5122 5680/5234/5093
f 5826/5220/5079 5827/5221/5080 5726/5265/5123
f 5825/5219/5078 5725/5266/5124 5707/5248/5106
f 5818/5212/5071 5831/5223/5082 5837/5247/5105
f 5684/5231/5090 5698/5267/5125 5692/5246/5104
f 5689/5236/5095 5698/5267/5125 5684/5231/5090
f 5689/5236/5095 5699/5268/5126 5700/5269/5127
f 5689/5236/5095 5700/5269/5127 5698/5267/5125
f 5688/5235/5094 5699/5268/5126 5689/5236/5095
f 5839/5253/5111 5843/5270/5128 5832/5254/5112
f 5843/5270/5128 5839/5253/5111 5551/5271/5114
f 5820/5214/5073 5711/5218/5077 5840/5257/5115
f 5681/5229/5088 5701/5272/5129 5690/5244/5102
f 5682/5273/5130 5694/5274/5131 5696/5263/5121
f 5685/5232/5091 5692/5246/5104 5703/5275/5132
f 5686/5233/5092 5691/5245/5103 5704/5276/5133
f 5687/5250/5108 5705/5277/5134 5693/5251/5109
f 5832/5254/5112 5844/5278/5135 5830/5279/5136
f 5843/5270/5128 5844/5278/5135 5832/5254/5112
f 5712/5240/5098 5714/5280/5137 5841/5281/5138
f 5538/5260/5118 5541/5282/5139 5543/5226/5085
f 5544/5259/5117 5545/5283/5140 5539/5261/5119
f 5540/5284/5141 5546/5285/5142 5547/5286/5143
f 5685/5232/5091 5703/5275/5132 5695/5262/5120
f 5681/5229/5088 5696/5263/5121 5706/5287/5144
f 5837/5247/5105 5846/5288/5145 5827/5221/5080
f 5708/5249/5107 5692/5246/5104 5709/5238/5096
f 5837/5247/5105 5831/5223/5082 5846/5288/5145
f 5692/5246/5104 5710/5289/5146 5709/5238/5096
f 5709/5238/5096 5710/5289/5146 5712/5240/5098
f 5693/5251/5109 5713/5290/5147 5688/5235/5094
f 5710/5289/5146 5714/5280/5137 5712/5240/5098
f 5688/5235/5094 5713/5290/5147 5699/5268/5126
f 5715/5291/5137 5723/5292/5148 5842/5258/5116
f 5843/5270/5128 5551/5271/5114 5553/5293/5149
f 5543/5226/5085 5548/5294/5150 5550/5256/5114
f 5544/5259/5117 5552/5295/5151 5462/5296/5152
f 5544/5259/5117 5462/5296/5152 5545/5283/5140
f 5546/5285/5142 5451/5297/5153 5547/5286/5143
f 5702/5298/5154 5716/5299/5155 5694/5274/5131
f 5694/5274/5131 5717/5300/5156 5696/5263/5121
f 5696/5263/5121 5717/5300/5156 5706/5287/5144
f 5703/5275/5132 5692/5246/5104 5720/5301/5157
f 5827/5221/5080 5846/5288/5145 5743/5302/5158
f 5827/5221/5080 5743/5302/5158 5726/5265/5123
f 5692/5246/5104 5708/5249/5107 5720/5301/5157
f 5707/5248/5106 5721/5303/5159 5718/5304/5160
f 5707/5248/5106 5725/5266/5124 5721/5303/5159
f 5830/5279/5136 5847/5305/5161 5845/5306/5162
f 5692/5246/5104 5698/5267/5125 5710/5289/5146
f 5830/5279/5136 5844/5278/5135 5847/5305/5161
f 5698/5267/5125 5722/5307/5163 5710/5289/5146
f 5843/5270/5128 5556/5308/5164 5844/5278/5135
f 5714/5280/5137 5710/5289/5146 5722/5307/5163
f 5843/5270/5128 5553/5293/5149 5556/5308/5164
f 5836/5242/5100 5842/5258/5116 5737/5309/5165
f 5551/5271/5114 5549/5310/5166 5553/5293/5149
f 5540/5284/5141 5547/5286/5143 5542/5311/5167
f 5546/5285/5142 5455/5312/5168 5451/5297/5153
f 5462/5296/5152 5454/5313/5169 5545/5283/5140
f 5716/5299/5155 5717/5300/5156 5694/5274/5131
f 5701/5272/5129 5724/5314/5170 5690/5244/5102
f 5681/5229/5088 5706/5287/5144 5701/5272/5129
f 5690/5244/5102 5724/5314/5170 5691/5245/5103
f 5726/5265/5123 5743/5302/5158 5728/5315/5171
f 5691/5245/5103 5724/5314/5170 5704/5276/5133
f 5725/5266/5124 5727/5316/5172 5721/5303/5159
f 5721/5303/5159 5727/5316/5172 5718/5304/5160
f 5693/5251/5109 5705/5277/5134 5713/5290/5147
f 5713/5290/5147 5729/5317/5173 5699/5268/5126
f 5699/5268/5126 5729/5317/5173 5700/5269/5127
f 5842/5258/5116 5723/5292/5148 5733/5318/5174
f 5842/5258/5116 5733/5318/5174 5737/5309/5165
f 5836/5242/5100 5737/5309/5165 5554/5319/5175
f 5543/5226/5085 5541/5282/5139 5548/5294/5150
f 5544/5259/5117 5554/5319/5175 5552/5295/5151
f 5547/5286/5143 5451/5297/5153 5453/5320/5176
f 5702/5298/5154 5730/5321/5177 5716/5299/5155
f 5719/5322/5178 5730/5321/5177 5702/5298/5154
f 5846/5288/5145 5849/5323/5179 5743/5302/5158
f 5847/5305/5161 5850/5324/5180 5845/5306/5162
f 5722/5307/5163 5698/5267/5125 5731/5325/5181
f 5723/5292/5148 5732/5326/5182 5733/5318/5174
f 5836/5242/5100 5554/5319/5175 5544/5259/5117
f 5554/5319/5175 5555/5327/5183 5552/5295/5151
f 5451/5297/5153 5452/5328/5184 5453/5320/5176
f 5552/5295/5151 5463/5329/5185 5462/5296/5152
f 5451/5297/5153 5455/5312/5168 5456/5330/5186
f 5457/5331/5187 5458/5332/5188 5459/5333/5189
f 5457/5331/5187 5428/5334/5190 5458/5332/5188
f 5429/5335/5191 5428/5334/5190 5457/5331/5187
f 5428/5334/5190 5460/5336/5192 5458/5332/5188
f 5845/5306/5162 5850/5324/5180 5848/5337/5193
f 5705/5277/5134 5735/5338/5194 5713/5290/5147
f 5847/5305/5161 5844/5278/5135 5851/5339/5195
f 5844/5278/5135 5556/5308/5164 5851/5339/5195
f 5713/5290/5147 5736/5340/5196 5729/5317/5173
f 5698/5267/5125 5700/5269/5127 5731/5325/5181
f 5553/5293/5149 5549/5310/5166 5556/5308/5164
f 5737/5309/5165 5733/5318/5174 5564/5341/5197
f 5542/5311/5167 5557/5342/5198 5559/5343/5199
f 5547/5286/5143 5557/5342/5198 5542/5311/5167
f 5547/5286/5143 5453/5320/5176 5557/5342/5198
f 5477/5344/5200 5463/5329/5185 5552/5295/5151
f 5462/5296/5152 5463/5329/5185 5454/5313/5169
f 5454/5313/5169 5463/5329/5185 5464/5345/5201
f 5459/5333/5189 5465/5346/5202 5467/5347/5203
f 5465/5346/5202 5459/5333/5189 5469/5348/5204
f 5467/5347/5203 5471/5349/5205 5459/5333/5189
f 5472/5350/5206 5457/5331/5187 5471/5349/5205
f 5459/5333/5189 5458/5332/5188 5469/5348/5204
f 5459/5333/5189 5471/5349/5205 5457/5331/5187
f 5460/5336/5192 5469/5348/5204 5458/5332/5188
f 5716/5299/5155 5738/5351/5207 5717/5300/5156
f 5730/5321/5177 5738/5351/5207 5716/5299/5155
f 5730/5321/5177 5719/5322/5178 5740/5352/5208
f 5701/5272/5129 5741/5353/5209 5724/5314/5170
f 5701/5272/5129 5706/5287/5144 5741/5353/5209
f 5724/5314/5170 5734/5354/5210 5704/5276/5133
f 5850/5324/5180 5847/5305/5161 5851/5339/5195
f 5713/5290/5147 5735/5338/5194 5736/5340/5196
f 5729/5317/5173 5736/5340/5196 5700/5269/5127
f 5548/5294/5150 5541/5282/5139 5558/5355/5211
f 5552/5295/5151 5555/5327/5183 5477/5344/5200
f 5456/5330/5186 5452/5328/5184 5451/5297/5153
f 5455/5312/5168 5468/5356/5212 5456/5330/5186
f 5464/5345/5201 5467/5347/5203 5454/5313/5169
f 5467/5347/5203 5473/5357/5213 5472/5350/5206
f 5471/5349/5205 5467/5347/5203 5472/5350/5206
f 5466/5358/5214 5470/5359/5215 5474/5360/5216
f 5470/5359/5215 5475/5361/5217 5474/5360/5216
f 5743/5302/5158 5854/5362/5218 5746/5363/5219
f 5849/5323/5179 5854/5362/5218 5743/5302/5158
f 5717/5300/5156 5741/5353/5209 5706/5287/5144
f 5727/5316/5172 5739/5364/5208 5718/5304/5160
f 5743/5302/5158 5746/5363/5219 5728/5315/5171
f 5850/5324/5180 5853/5365/5220 5848/5337/5193
f 5741/5353/5209 5734/5354/5210 5724/5314/5170
f 5737/5309/5165 5564/5341/5197 5554/5319/5175
f 5557/5342/5198 5453/5320/5176 5476/5366/5221
f 5452/5328/5184 5476/5366/5221 5453/5320/5176
f 5477/5344/5200 5478/5367/5222 5463/5329/5185
f 5468/5356/5212 5466/5358/5214 5456/5330/5186
f 5466/5358/5214 5452/5328/5184 5456/5330/5186
f 5464/5345/5201 5473/5357/5213 5467/5347/5203
f 5466/5358/5214 5474/5360/5216 5479/5368/5223
f 5466/5358/5214 5479/5368/5223 5452/5328/5184
f 5472/5350/5206 5473/5357/5213 5464/5345/5201
f 5470/5359/5215 5436/5369/5224 5475/5361/5217
f 5461/5370/5225 5436/5369/5224 5470/5359/5215
f 5472/5350/5206 5480/5371/5226 5457/5331/5187
f 5480/5371/5226 5429/5335/5191 5457/5331/5187
f 5461/5370/5225 5432/5372/5227 5436/5369/5224
f 5460/5336/5192 5428/5334/5190 5431/5373/5228
f 5727/5316/5172 5744/5374/5229 5739/5364/5208
f 5852/5375/5230 5756/5376/5231 5745/5377/5229
f 5851/5339/5195 5556/5308/5164 5850/5324/5180
f 5735/5338/5194 5747/5378/5232 5736/5340/5196
f 5700/5269/5127 5736/5340/5196 5731/5325/5181
f 5733/5318/5174 5604/5379/5233 5564/5341/5197
f 5559/5343/5199 5557/5342/5198 5560/5380/5234
f 5557/5342/5198 5476/5366/5221 5560/5380/5234
f 5554/5319/5175 5561/5381/5235 5555/5327/5183
f 5472/5350/5206 5481/5382/5236 5480/5371/5226
f 5738/5351/5207 5730/5321/5177 5748/5383/5237
f 5717/5300/5156 5749/5384/5238 5741/5353/5209
f 5738/5351/5207 5749/5384/5238 5717/5300/5156
f 5730/5321/5177 5740/5352/5208 5748/5383/5237
f 5742/5385/5239 5747/5378/5232 5735/5338/5194
f 5736/5340/5196 5747/5378/5232 5751/5386/5240
f 5549/5310/5166 5563/5387/5241 5556/5308/5164
f 5733/5318/5174 5732/5326/5182 5604/5379/5233
f 5452/5328/5184 5482/5388/5242 5476/5366/5221
f 5452/5328/5184 5483/5389/5243 5482/5388/5242
f 5452/5328/5184 5479/5368/5223 5483/5389/5243
f 5479/5368/5223 5484/5390/5244 5485/5391/5245
f 5474/5360/5216 5484/5390/5244 5479/5368/5223
f 5478/5367/5222 5464/5345/5201 5463/5329/5185
f 5475/5361/5217 5484/5390/5244 5474/5360/5216
f 5475/5361/5217 5436/5369/5224 5484/5390/5244
f 5433/5392/5246 5429/5335/5191 5480/5371/5226
f 5740/5352/5208 5752/5393/5247 5748/5383/5237
f 5740/5352/5208 5745/5377/5229 5752/5393/5247
f 5853/5365/5220 5850/5324/5180 5600/5394/5248
f 5749/5384/5238 5750/5395/5249 5741/5353/5209
f 5742/5385/5239 5751/5386/5240 5747/5378/5232
f 5556/5308/5164 5600/5394/5248 5850/5324/5180
f 5751/5386/5240 5731/5325/5181 5736/5340/5196
f 5482/5388/5242 5485/5391/5245 5486/5396/5250
f 5483/5389/5243 5479/5368/5223 5482/5388/5242
f 5482/5388/5242 5479/5368/5223 5485/5391/5245
f 5485/5391/5245 5484/5390/5244 5486/5396/5250
f 5464/5345/5201 5487/5397/5251 5472/5350/5206
f 5428/5334/5190 5429/5335/5191 5430/5398/5252
f 5738/5351/5207 5748/5383/5237 5749/5384/5238
f 5852/5375/5230 5599/5399/5248 5602/5400/5253
f 5751/5386/5240 5754/5401/5254 5731/5325/5181
f 5732/5326/5182 5755/5402/5255 5608/5403/5256
f 5732/5326/5182 5608/5403/5256 5604/5379/5233
f 5554/5319/5175 5564/5341/5197 5561/5381/5235
f 5476/5366/5221 5482/5388/5242 5488/5404/5257
f 5555/5327/5183 5489/5405/5258 5477/5344/5200
f 5486/5396/5250 5488/5404/5257 5482/5388/5242
f 5477/5344/5200 5489/5405/5258 5478/5367/5222
f 5464/5345/5201 5478/5367/5222 5487/5397/5251
f 5556/5308/5164 5563/5387/5241 5600/5394/5248
f 5563/5387/5241 5549/5310/5166 5566/5406/5259
f 5549/5310/5166 5559/5343/5199 5566/5406/5259
f 5560/5380/5234 5568/5407/5260 5559/5343/5199
f 5484/5390/5244 5490/5408/5261 5486/5396/5250
f 5487/5397/5251 5491/5409/5262 5472/5350/5206
f 5472/5350/5206 5491/5409/5262 5481/5382/5236
f 5481/5382/5236 5491/5409/5262 5480/5371/5226
f 5745/5377/5229 5756/5376/5231 5757/5410/5263
f 5852/5375/5230 5602/5400/5253 5756/5376/5231
f 5748/5383/5237 5758/5411/5264 5749/5384/5238
f 5749/5384/5238 5758/5411/5264 5750/5395/5249
f 5750/5395/5249 5758/5411/5264 5759/5412/5265
f 5750/5395/5249 5759/5412/5265 5753/5413/5266
f 5559/5343/5199 5568/5407/5260 5566/5406/5259
f 5564/5341/5197 5569/5414/5267 5561/5381/5235
f 5476/5366/5221 5488/5404/5257 5492/5415/5268
f 5555/5327/5183 5561/5381/5235 5489/5405/5258
f 5488/5404/5257 5486/5396/5250 5492/5415/5268
f 5478/5367/5222 5493/5416/5269 5487/5397/5251
f 5493/5416/5269 5491/5409/5262 5487/5397/5251
f 5484/5390/5244 5436/5369/5224 5490/5408/5261
f 5430/5398/5252 5431/5373/5228 5428/5334/5190
f 5433/5392/5246 5434/5417/5270 5429/5335/5191
f 5748/5383/5237 5752/5393/5247 5760/5418/5271
f 5748/5383/5237 5760/5418/5271 5758/5411/5264
f 5745/5377/5229 5757/5410/5263 5752/5393/5247
f 5759/5412/5265 5761/5419/5272 5753/5413/5266
f 5560/5380/5234 5476/5366/5221 5499/5420/5273
f 5476/5366/5221 5494/5421/5274 5499/5420/5273
f 5476/5366/5221 5492/5415/5268 5494/5421/5274
f 5486/5396/5250 5495/5422/5275 5492/5415/5268
f 5486/5396/5250 5490/5408/5261 5495/5422/5275
f 5490/5408/5261 5436/5369/5224 5496/5423/5276
f 5491/5409/5262 5433/5392/5246 5480/5371/5226
f 5432/5372/5227 5435/5424/5277 5436/5369/5224
f 5429/5335/5191 5434/5417/5270 5430/5398/5252
f 5605/5425/5278 5757/5410/5263 5756/5376/5231
f 5756/5376/5231 5602/5400/5253 5605/5425/5278
f 5599/5399/5248 5562/5426/5279 5601/5427/5280
f 5755/5402/5255 5762/5428/5281 5608/5403/5256
f 5562/5426/5279 5565/5429/5282 5570/5430/5283
f 5560/5380/5234 5499/5420/5273 5568/5407/5260
f 5432/5372/5227 5394/5431/5284 5435/5424/5277
f 5431/5373/5228 5430/5398/5252 5393/5432/5285
f 5760/5418/5271 5752/5393/5247 5757/5410/5263
f 5602/5400/5253 5599/5399/5248 5603/5433/5286
f 5763/5434/5287 5758/5411/5264 5760/5418/5271
f 5763/5434/5287 5759/5412/5265 5758/5411/5264
f 5603/5433/5286 5599/5399/5248 5601/5427/5280
f 5497/5435/5288 5478/5367/5222 5489/5405/5258
f 5495/5422/5275 5490/5408/5261 5498/5436/5289
f 5497/5435/5288 5493/5416/5269 5478/5367/5222
f 5498/5436/5289 5490/5408/5261 5496/5423/5276
f 5760/5418/5271 5757/5410/5263 5614/5437/5290
f 5614/5437/5290 5763/5434/5287 5760/5418/5271
f 5759/5412/5265 5763/5434/5287 5761/5419/5272
f 5762/5428/5281 5764/5438/5291 5608/5403/5256
f 5604/5379/5233 5573/5439/5292 5564/5341/5197
f 5573/5439/5292 5569/5414/5267 5564/5341/5197
f 5493/5416/5269 5497/5435/5288 5491/5409/5262
f 5605/5425/5278 5606/5440/5293 5607/5441/5294
f 5602/5400/5253 5606/5440/5293 5605/5425/5278
f 5605/5425/5278 5607/5441/5294 5757/5410/5263
f 5562/5426/5279 5570/5430/5283 5601/5427/5280
f 5570/5430/5283 5565/5429/5282 5567/5442/5295
f 5499/5420/5273 5494/5421/5274 5500/5443/5296
f 5492/5415/5268 5495/5422/5275 5501/5444/5297
f 5498/5436/5289 5496/5423/5276 5502/5445/5298
f 5497/5435/5288 5503/5446/5299 5491/5409/5262
f 5436/5369/5224 5440/5447/5300 5496/5423/5276
f 5491/5409/5262 5438/5448/5301 5433/5392/5246
f 5436/5369/5224 5435/5424/5277 5437/5449/5302
f 5433/5392/5246 5438/5448/5301 5439/5450/5303
f 5434/5417/5270 5405/5451/5304 5430/5398/5252
f 5430/5398/5252 5405/5451/5304 5410/5452/5305
f 5757/5410/5263 5607/5441/5294 5614/5437/5290
f 5602/5400/5253 5603/5433/5286 5606/5440/5293
f 5614/5437/5290 5615/5453/5306 5763/5434/5287
f 5612/5454/5307 5608/5403/5256 5764/5438/5291
f 5608/5403/5256 5609/5455/5308 5604/5379/5233
f 5492/5415/5268 5501/5444/5297 5504/5456/5309
f 5495/5422/5275 5498/5436/5289 5502/5445/5298
f 5436/5369/5224 5437/5449/5302 5440/5447/5300
f 5570/5430/5283 5610/5457/5310 5601/5427/5280
f 5608/5403/5256 5612/5454/5307 5609/5455/5308
f 5604/5379/5233 5613/5458/5311 5573/5439/5292
f 5570/5430/5283 5567/5442/5295 5571/5459/5312
f 5573/5439/5292 5574/5460/5313 5569/5414/5267
f 5569/5414/5267 5511/5461/5314 5561/5381/5235
f 5492/5415/5268 5504/5456/5309 5494/5421/5274
f 5504/5456/5309 5501/5444/5297 5502/5445/5298
f 5501/5444/5297 5495/5422/5275 5502/5445/5298
f 5435/5424/5277 5394/5431/5284 5437/5449/5302
f 5433/5392/5246 5439/5450/5303 5434/5417/5270
f 5614/5437/5290 5607/5441/5294 5615/5453/5306
f 5763/5434/5287 5615/5453/5306 5611/5462/5315
f 5604/5379/5233 5609/5455/5308 5613/5458/5311
f 5568/5407/5260 5500/5443/5296 5575/5463/5316
f 5568/5407/5260 5499/5420/5273 5500/5443/5296
f 5561/5381/5235 5511/5461/5314 5489/5405/5258
f 5503/5446/5299 5443/5464/5317 5491/5409/5262
f 5491/5409/5262 5443/5464/5317 5438/5448/5301
f 5607/5441/5294 5606/5440/5293 5603/5433/5286
f 5615/5453/5306 5616/5465/5318 5611/5462/5315
f 5601/5427/5280 5610/5457/5310 5618/5466/5319
f 5568/5407/5260 5575/5463/5316 5572/5467/5320
f 5574/5460/5313 5573/5439/5292 5576/5468/5321
f 5574/5460/5313 5511/5461/5314 5569/5414/5267
f 5494/5421/5274 5505/5469/5322 5500/5443/5296
f 5504/5456/5309 5506/5470/5323 5494/5421/5274
f 5502/5445/5298 5506/5470/5323 5504/5456/5309
f 5489/5405/5258 5507/5471/5324 5497/5435/5288
f 5496/5423/5276 5508/5472/5325 5502/5445/5298
f 5497/5435/5288 5509/5473/5326 5510/5474/5327
f 5497/5435/5288 5510/5474/5327 5503/5446/5299
f 5440/5447/5300 5442/5475/5328 5496/5423/5276
f 5437/5449/5302 5441/5476/5329 5440/5447/5300
f 5439/5450/5303 5417/5477/5330 5434/5417/5270
f 5434/5417/5270 5407/5478/5331 5405/5451/5304
f 5430/5398/5252 5398/5479/5332 5393/5432/5285
f 5430/5398/5252 5410/5452/5305 5398/5479/5332
f 5619/5480/5333 5616/5465/5318 5615/5453/5306
f 5603/5433/5286 5601/5427/5280 5607/5441/5294
f 5617/5481/5318 5621/5482/5334 5612/5454/5307
f 5579/5483/5335 5576/5468/5321 5573/5439/5292
f 5500/5443/5296 5505/5469/5322 5520/5484/5336
f 5494/5421/5274 5506/5470/5323 5505/5469/5322
f 5511/5461/5314 5507/5471/5324 5489/5405/5258
f 5507/5471/5324 5509/5473/5326 5497/5435/5288
f 5496/5423/5276 5442/5475/5328 5508/5472/5325
f 5440/5447/5300 5441/5476/5329 5442/5475/5328
f 5438/5448/5301 5443/5464/5317 5439/5450/5303
f 5619/5480/5333 5622/5485/5337 5616/5465/5318
f 5622/5485/5337 5623/5486/5338 5616/5465/5318
f 5607/5441/5294 5625/5487/5339 5615/5453/5306
f 5623/5486/5338 5620/5488/5340 5616/5465/5318
f 5607/5441/5294 5601/5427/5280 5626/5489/5341
f 5601/5427/5280 5618/5466/5319 5626/5489/5341
f 5612/5454/5307 5621/5482/5334 5609/5455/5308
f 5609/5455/5308 5621/5482/5334 5627/5490/5342
f 5570/5430/5283 5571/5459/5312 5610/5457/5310
f 5573/5439/5292 5628/5491/5343 5579/5483/5335
f 5500/5443/5296 5520/5484/5336 5575/5463/5316
f 5502/5445/5298 5512/5492/5344 5506/5470/5323
f 5507/5471/5324 5511/5461/5314 5513/5493/5345
f 5392/5494/5346 5395/5495/5347 5396/5496/5348
f 5397/5497/5349 5395/5495/5347 5392/5494/5346
f 5399/5498/5350 5395/5495/5347 5400/5499/5351
f 5395/5495/5347 5401/5500/5352 5400/5499/5351
f 5619/5480/5333 5629/5501/5353 5622/5485/5337
f 5629/5501/5353 5623/5486/5338 5622/5485/5337
f 5615/5453/5306 5625/5487/5339 5619/5480/5333
f 5607/5441/5294 5626/5489/5341 5630/5502/5354
f 5618/5466/5319 5610/5457/5310 5631/5503/5355
f 5610/5457/5310 5571/5459/5312 5632/5504/5356
f 5609/5455/5308 5633/5505/5357 5613/5458/5311
f 5575/5463/5316 5578/5506/5358 5572/5467/5320
f 5576/5468/5321 5579/5483/5335 5580/5507/5359
f 5576/5468/5321 5581/5508/5360 5574/5460/5313
f 5511/5461/5314 5574/5460/5313 5513/5493/5345
f 5502/5445/5298 5508/5472/5325 5512/5492/5344
f 5507/5471/5324 5513/5493/5345 5509/5473/5326
f 5510/5474/5327 5514/5509/5361 5503/5446/5299
f 5437/5449/5302 5394/5431/5284 5289/5510/5362
f 5434/5417/5270 5417/5477/5330 5407/5478/5331
f 5395/5495/5347 5399/5498/5350 5396/5496/5348
f 5397/5497/5349 5402/5511/5363 5395/5495/5347
f 5400/5499/5351 5401/5500/5352 5305/5512/5364
f 5395/5495/5347 5403/5513/5365 5401/5500/5352
f 5404/5514/5366 5406/5515/5367 5408/5516/5368
f 5404/5514/5366 5408/5516/5368 5409/5517/5369
f 5409/5517/5369 5402/5511/5363 5397/5497/5349
f 5618/5466/5319 5631/5503/5355 5626/5489/5341
f 5610/5457/5310 5632/5504/5356 5631/5503/5355
f 5627/5490/5342 5633/5505/5357 5609/5455/5308
f 5573/5439/5292 5613/5458/5311 5635/5518/5370
f 5575/5463/5316 5520/5484/5336 5578/5506/5358
f 5576/5468/5321 5580/5507/5359 5581/5508/5360
f 5512/5492/5344 5516/5519/5371 5506/5470/5323
f 5503/5446/5299 5514/5509/5361 5443/5464/5317
f 5439/5450/5303 5443/5464/5317 5417/5477/5330
f 5437/5449/5302 5289/5510/5362 5441/5476/5329
f 5392/5494/5346 5396/5496/5348 5288/5520/5372
f 5396/5496/5348 5399/5498/5350 5411/5521/5373
f 5402/5511/5363 5403/5513/5365 5395/5495/5347
f 5402/5511/5363 5412/5522/5374 5403/5513/5365
f 5408/5516/5368 5402/5511/5363 5409/5517/5369
f 5619/5480/5333 5636/5523/5375 5629/5501/5353
f 5629/5501/5353 5637/5524/5376 5623/5486/5338
f 5637/5524/5376 5638/5525/5377 5623/5486/5338
f 5621/5482/5334 5624/5526/5378 5640/5527/5379
f 5631/5503/5355 5630/5502/5354 5626/5489/5341
f 5613/5458/5311 5642/5528/5380 5635/5518/5370
f 5571/5459/5312 5577/5529/5358 5632/5504/5356
f 5635/5518/5370 5628/5491/5343 5573/5439/5292
f 5506/5470/5323 5517/5530/5381 5505/5469/5322
f 5506/5470/5323 5518/5531/5382 5517/5530/5381
f 5506/5470/5323 5516/5519/5371 5518/5531/5382
f 5513/5493/5345 5519/5532/5383 5509/5473/5326
f 5442/5475/5328 5444/5533/5384 5508/5472/5325
f 5399/5498/5350 5400/5499/5351 5305/5512/5364
f 5399/5498/5350 5305/5512/5364 5411/5521/5373
f 5412/5522/5374 5413/5534/5385 5403/5513/5365
f 5402/5511/5363 5414/5535/5386 5412/5522/5374
f 5619/5480/5333 5643/5536/5387 5636/5523/5375
f 5625/5487/5339 5643/5536/5387 5619/5480/5333
f 5625/5487/5339 5607/5441/5294 5644/5537/5388
f 5624/5526/5378 5639/5538/5389 5640/5527/5379
f 5621/5482/5334 5640/5527/5379 5627/5490/5342
f 5613/5458/5311 5633/5505/5357 5642/5528/5380
f 5581/5508/5360 5526/5539/5390 5574/5460/5313
f 5520/5484/5336 5505/5469/5322 5522/5540/5391
f 5574/5460/5313 5526/5539/5390 5513/5493/5345
f 5505/5469/5322 5517/5530/5381 5522/5540/5391
f 5512/5492/5344 5508/5472/5325 5523/5541/5392
f 5441/5476/5329 5286/5542/5393 5442/5475/5328
f 5411/5521/5373 5415/5543/5394 5396/5496/5348
f 5305/5512/5364 5415/5543/5394 5411/5521/5373
f 5415/5543/5394 5305/5512/5364 5279/5544/5395
f 5416/5545/5330 5418/5546/5396 5406/5515/5367
f 5408/5516/5368 5414/5535/5386 5402/5511/5363
f 5414/5535/5386 5413/5534/5385 5412/5522/5374
f 5629/5501/5353 5645/5547/5397 5637/5524/5376
f 5629/5501/5353 5636/5523/5375 5645/5547/5397
f 5625/5487/5339 5644/5537/5388 5643/5536/5387
f 5630/5502/5354 5644/5537/5388 5607/5441/5294
f 5640/5527/5379 5646/5548/5398 5627/5490/5342
f 5631/5503/5355 5647/5549/5399 5630/5502/5354
f 5627/5490/5342 5646/5548/5398 5633/5505/5357
f 5631/5503/5355 5632/5504/5356 5649/5550/5400
f 5634/5551/5401 5641/5552/5402 5647/5549/5399
f 5631/5503/5355 5649/5550/5400 5634/5551/5401
f 5647/5549/5399 5631/5503/5355 5634/5551/5401
f 5577/5529/5358 5649/5550/5400 5632/5504/5356
f 5628/5491/5343 5583/5553/5403 5579/5483/5335
f 5579/5483/5335 5582/5554/5404 5580/5507/5359
f 5522/5540/5391 5517/5530/5381 5525/5555/5405
f 5513/5493/5345 5526/5539/5390 5519/5532/5383
f 5518/5531/5382 5525/5555/5405 5517/5530/5381
f 5527/5556/5406 5509/5473/5326 5519/5532/5383
f 5508/5472/5325 5444/5533/5384 5523/5541/5392
f 5444/5533/5384 5442/5475/5328 5286/5542/5393
f 5286/5542/5393 5441/5476/5329 5289/5510/5362
f 5277/5557/5407 5415/5543/5394 5279/5544/5395
f 5288/5520/5372 5396/5496/5348 5294/5558/5408
f 5294/5558/5408 5396/5496/5348 5415/5543/5394
f 5303/5559/5409 5305/5512/5364 5401/5500/5352
f 5418/5546/5396 5408/5516/5368 5406/5515/5367
f 5650/5560/5410 5640/5527/5379 5639/5538/5389
f 5630/5502/5354 5647/5549/5399 5651/5561/5411
f 5652/5562/5412 5648/5563/5413 5642/5528/5380
f 5588/5564/5414 5583/5553/5403 5635/5518/5370
f 5635/5518/5370 5583/5553/5403 5628/5491/5343
f 5583/5553/5403 5582/5554/5404 5579/5483/5335
f 5580/5507/5359 5582/5554/5404 5581/5508/5360
f 5526/5539/5390 5581/5508/5360 5582/5554/5404
f 5520/5484/5336 5522/5540/5391 5585/5565/5415
f 5582/5554/5404 5528/5566/5416 5526/5539/5390
f 5528/5566/5416 5519/5532/5383 5526/5539/5390
f 5527/5556/5406 5519/5532/5383 5528/5566/5416
f 5525/5555/5405 5518/5531/5382 5516/5519/5371
f 5529/5567/5417 5527/5556/5406 5524/5568/5418
f 5530/5569/5419 5509/5473/5326 5527/5556/5406
f 5530/5569/5419 5510/5474/5327 5509/5473/5326
f 5284/5570/5420 5415/5543/5394 5277/5557/5407
f 5279/5544/5395 5305/5512/5364 5313/5571/5421
f 5403/5513/5365 5413/5534/5385 5401/5500/5352
f 5414/5535/5386 5408/5516/5368 5420/5572/5422
f 5636/5523/5375 5643/5536/5387 5645/5547/5397
f 5637/5524/5376 5653/5573/5423 5638/5525/5377
f 5642/5528/5380 5654/5574/5424 5652/5562/5412
f 5633/5505/5357 5655/5575/5425 5642/5528/5380
f 5649/5550/5400 5587/5576/5426 5634/5551/5401
f 5588/5564/5414 5590/5577/5427 5583/5553/5403
f 5587/5576/5426 5649/5550/5400 5577/5529/5358
f 5578/5506/5358 5586/5578/5428 5589/5579/5429
f 5583/5553/5403 5590/5577/5427 5582/5554/5404
f 5578/5506/5358 5520/5484/5336 5586/5578/5428
f 5586/5578/5428 5520/5484/5336 5585/5565/5415
f 5591/5580/5430 5528/5566/5416 5582/5554/5404
f 5584/5581/5431 5521/5582/5432 5531/5583/5433
f 5521/5582/5432 5524/5568/5418 5531/5583/5433
f 5524/5568/5418 5527/5556/5406 5531/5583/5433
f 5529/5567/5417 5530/5569/5419 5527/5556/5406
f 5524/5568/5418 5515/5584/5434 5532/5585/5435
f 5515/5584/5434 5533/5586/5436 5532/5585/5435
f 5516/5519/5371 5512/5492/5344 5534/5587/5436
f 5443/5464/5317 5424/5588/5437 5417/5477/5330
f 5276/5589/5438 5278/5590/5439 5281/5591/5440
f 5275/5592/5441 5282/5593/5442 5283/5594/5443
f 5417/5477/5330 5424/5588/5437 5419/5595/5444
f 5408/5516/5368 5418/5546/5396 5421/5596/5445
f 5414/5535/5386 5422/5597/5446 5413/5534/5385
f 5630/5502/5354 5656/5598/5447 5644/5537/5388
f 5650/5560/5410 5646/5548/5398 5640/5527/5379
f 5654/5574/5424 5642/5528/5380 5658/5599/5448
f 5642/5528/5380 5655/5575/5425 5658/5599/5448
f 5588/5564/5414 5592/5600/5449 5593/5601/5450
f 5589/5579/5429 5586/5578/5428 5595/5602/5451
f 5582/5554/5404 5590/5577/5427 5593/5601/5450
f 5588/5564/5414 5594/5603/5451 5592/5600/5449
f 5592/5600/5449 5596/5604/5452 5593/5601/5450
f 5582/5554/5404 5593/5601/5450 5596/5604/5452
f 5596/5604/5452 5591/5580/5430 5582/5554/5404
f 5528/5566/5416 5531/5583/5433 5527/5556/5406
f 5529/5567/5417 5524/5568/5418 5530/5569/5419
f 5512/5492/5344 5523/5541/5392 5534/5587/5436
f 5444/5533/5384 5445/5605/5453 5523/5541/5392
f 5510/5474/5327 5535/5606/5454 5514/5509/5361
f 5514/5509/5361 5446/5607/5455 5443/5464/5317
f 5285/5608/5456 5287/5609/5372 5290/5610/5457
f 5294/5558/5408 5415/5543/5394 5284/5570/5420
f 5408/5516/5368 5421/5596/5445 5420/5572/5422
f 5420/5572/5422 5422/5597/5446 5414/5535/5386
f 5644/5537/5388 5659/5611/5458 5643/5536/5387
f 5644/5537/5388 5660/5612/5459 5659/5611/5458
f 5644/5537/5388 5656/5598/5447 5660/5612/5459
f 5630/5502/5354 5651/5561/5411 5656/5598/5447
f 5650/5560/5410 5661/5613/5460 5646/5548/5398
f 5646/5548/5398 5662/5614/5461 5655/5575/5425
f 5633/5505/5357 5646/5548/5398 5655/5575/5425
f 5652/5562/5412 5654/5574/5424 5658/5599/5448
f 5586/5578/5428 5585/5565/5415 5595/5602/5451
f 5592/5600/5449 5594/5603/5451 5596/5604/5452
f 5594/5603/5451 5597/5615/5462 5596/5604/5452
f 5584/5581/5431 5597/5615/5462 5594/5603/5451
f 5596/5604/5452 5598/5616/5463 5591/5580/5430
f 5596/5604/5452 5597/5615/5462 5598/5616/5463
f 5598/5616/5463 5597/5615/5462 5591/5580/5430
f 5597/5615/5462 5528/5566/5416 5591/5580/5430
f 5597/5615/5462 5584/5581/5431 5528/5566/5416
f 5584/5581/5431 5531/5583/5433 5528/5566/5416
f 5524/5568/5418 5532/5585/5435 5530/5569/5419
f 5530/5569/5419 5536/5617/5464 5510/5474/5327
f 5510/5474/5327 5536/5617/5464 5535/5606/5454
f 5534/5587/5436 5523/5541/5392 5445/5605/5453
f 5444/5533/5384 5286/5542/5393 5445/5605/5453
f 5446/5607/5455 5424/5588/5437 5443/5464/5317
f 5282/5593/5442 5275/5592/5441 5280/5618/5465
f 5290/5610/5457 5287/5609/5372 5291/5619/5466
f 5288/5520/5372 5294/5558/5408 5292/5620/5466
f 5291/5619/5466 5293/5621/5467 5295/5622/5468
f 5303/5559/5409 5401/5500/5352 5329/5623/5469
f 5329/5623/5469 5401/5500/5352 5413/5534/5385
f 5663/5624/5470 5645/5547/5397 5643/5536/5387
f 5664/5625/5471 5637/5524/5376 5645/5547/5397
f 5663/5624/5470 5643/5536/5387 5659/5611/5458
f 5638/5525/5377 5653/5573/5423 5665/5626/5472
f 5664/5625/5471 5653/5573/5423 5637/5524/5376
f 5588/5564/5414 5593/5601/5450 5590/5577/5427
f 5536/5617/5464 5530/5569/5419 5532/5585/5435
f 5296/5627/5473 5285/5608/5456 5290/5610/5457
f 5299/5628/5474 5282/5593/5442 5280/5618/5465
f 5299/5628/5474 5283/5594/5443 5282/5593/5442
f 5423/5629/5437 5323/5630/5475 5418/5546/5396
f 5323/5630/5475 5421/5596/5445 5418/5546/5396
f 5420/5572/5422 5425/5631/5476 5422/5597/5446
f 5645/5547/5397 5663/5624/5470 5664/5625/5471
f 5653/5573/5423 5664/5625/5471 5665/5626/5472
f 5659/5611/5458 5660/5612/5459 5666/5632/5477
f 5660/5612/5459 5656/5598/5447 5666/5632/5477
f 5656/5598/5447 5657/5633/5478 5666/5632/5477
f 5667/5634/5479 5658/5599/5448 5662/5614/5461
f 5656/5598/5447 5651/5561/5411 5657/5633/5478
f 5662/5614/5461 5658/5599/5448 5655/5575/5425
f 5535/5606/5454 5446/5607/5455 5514/5509/5361
f 5286/5542/5393 5298/5635/5480 5445/5605/5453
f 5446/5607/5455 5324/5636/5481 5424/5588/5437
f 5301/5637/5482 5300/5638/5474 5281/5591/5440
f 5302/5639/5483 5283/5594/5443 5299/5628/5474
f 5302/5639/5483 5295/5622/5468 5283/5594/5443
f 5293/5621/5467 5283/5594/5443 5295/5622/5468
f 5304/5640/5484 5214/5641/5485 5306/5642/5486
f 5420/5572/5422 5421/5596/5445 5339/5643/5487
f 5339/5643/5487 5348/5644/5488 5420/5572/5422
f 5348/5644/5488 5425/5631/5476 5420/5572/5422
f 5413/5534/5385 5344/5645/5489 5329/5623/5469
f 5422/5597/5446 5426/5646/5490 5413/5534/5385
f 5413/5534/5385 5426/5646/5490 5344/5645/5489
f 5665/5626/5472 5664/5625/5471 5668/5647/5491
f 5638/5525/5377 5665/5626/5472 5669/5648/5492
f 5666/5632/5477 5663/5624/5470 5659/5611/5458
f 5639/5538/5389 5670/5649/5493 5650/5560/5410
f 5646/5548/5398 5661/5613/5460 5662/5614/5461
f 5667/5634/5479 5662/5614/5461 5672/5650/5494
f 5532/5585/5435 5537/5651/5495 5536/5617/5464
f 5532/5585/5435 5533/5586/5436 5537/5651/5495
f 5301/5637/5482 5307/5652/5496 5300/5638/5474
f 5446/5607/5455 5319/5653/5497 5324/5636/5481
f 5299/5628/5474 5308/5654/5498 5302/5639/5483
f 5291/5619/5466 5309/5655/5499 5290/5610/5457
f 5290/5610/5457 5309/5655/5499 5311/5656/5500
f 5650/5560/5410 5673/5657/5501 5661/5613/5460
f 5536/5617/5464 5537/5651/5495 5449/5658/5502
f 5536/5617/5464 5449/5658/5502 5535/5606/5454
f 5534/5587/5436 5445/5605/5453 5448/5659/5503
f 5445/5605/5453 5298/5635/5480 5448/5659/5503
f 5446/5607/5455 5535/5606/5454 5449/5658/5502
f 5449/5658/5502 5319/5653/5497 5446/5607/5455
f 5296/5627/5473 5290/5610/5457 5311/5656/5500
f 5312/5660/5504 5209/5661/5505 5281/5591/5440
f 5281/5591/5440 5278/5590/5439 5312/5660/5504
f 5299/5628/5474 5315/5662/5506 5308/5654/5498
f 5302/5639/5483 5308/5654/5498 5317/5663/5507
f 5302/5639/5483 5317/5663/5507 5295/5622/5468
f 5295/5622/5468 5317/5663/5507 5291/5619/5466
f 5314/5664/5508 5306/5642/5486 5214/5641/5485
f 5323/5630/5475 5427/5665/5509 5421/5596/5445
f 5339/5643/5487 5421/5596/5445 5427/5665/5509
f 5425/5631/5476 5426/5646/5490 5422/5597/5446
f 5670/5649/5493 5673/5657/5501 5650/5560/5410
f 5663/5624/5470 5674/5666/5510 5664/5625/5471
f 5663/5624/5470 5666/5632/5477 5671/5667/5511
f 5663/5624/5470 5671/5667/5511 5674/5666/5510
f 5661/5613/5460 5673/5657/5501 5662/5614/5461
f 5662/5614/5461 5675/5668/5510 5672/5650/5494
f 5537/5651/5495 5450/5669/5512 5449/5658/5502
f 5533/5586/5436 5447/5670/5513 5537/5651/5495
f 5209/5661/5505 5301/5637/5482 5281/5591/5440
f 5318/5671/5514 5320/5672/5515 5322/5673/5481
f 5320/5672/5515 5311/5656/5500 5322/5673/5481
f 5291/5619/5466 5317/5663/5507 5309/5655/5499
f 5322/5673/5481 5311/5656/5500 5309/5655/5499
f 5310/5674/5516 5337/5675/5517 5323/5630/5475
f 5323/5630/5475 5337/5675/5517 5427/5665/5509
f 5337/5675/5517 5339/5643/5487 5427/5665/5509
f 5425/5631/5476 5348/5644/5488 5426/5646/5490
f 5668/5647/5491 5664/5625/5471 5674/5666/5510
f 5662/5614/5461 5673/5657/5501 5675/5668/5510
f 5537/5651/5495 5447/5670/5513 5450/5669/5512
f 5450/5669/5512 5321/5676/5518 5449/5658/5502
f 5447/5670/5513 5297/5677/5519 5450/5669/5512
f 5449/5658/5502 5321/5676/5518 5319/5653/5497
f 5301/5637/5482 5209/5661/5505 5325/5678/5520
f 5450/5669/5512 5297/5677/5519 5321/5676/5518
f 5296/5627/5473 5311/5656/5500 5320/5672/5515
f 5326/5679/5521 5308/5654/5498 5315/5662/5506
f 5312/5660/5504 5213/5680/5522 5210/5681/5523
f 5214/5641/5485 5304/5640/5484 5328/5682/5524
f 5304/5640/5484 5330/5683/5525 5328/5682/5524
f 5668/5647/5491 5676/5684/5526 5665/5626/5472
f 5668/5647/5491 5674/5666/5510 5676/5684/5526
f 5670/5649/5493 5677/5685/5526 5673/5657/5501
f 5673/5657/5501 5677/5685/5526 5675/5668/5510
f 5326/5679/5521 5331/5686/5527 5308/5654/5498
f 5308/5654/5498 5331/5686/5527 5317/5663/5507
f 5317/5663/5507 5333/5687/5528 5309/5655/5499
f 5309/5655/5499 5333/5687/5528 5335/5688/5529
f 5334/5689/5530 5338/5690/5531 5336/5691/5532
f 5665/5626/5472 5676/5684/5526 5669/5648/5492
f 5325/5678/5520 5209/5661/5505 5218/5692/5533
f 5325/5678/5520 5307/5652/5496 5301/5637/5482
f 5209/5661/5505 5312/5660/5504 5210/5681/5523
f 5307/5652/5496 5316/5693/5534 5300/5638/5474
f 5317/5663/5507 5331/5686/5527 5333/5687/5528
f 5426/5646/5490 5352/5694/5535 5344/5645/5489
f 5327/5695/5536 5316/5693/5534 5332/5696/5537
f 5348/5644/5488 5352/5694/5535 5426/5646/5490
f 5340/5697/5538 5316/5693/5534 5307/5652/5496
f 5332/5696/5537 5316/5693/5534 5341/5698/5539
f 5334/5689/5530 5342/5699/5540 5338/5690/5531
f 5328/5682/5524 5330/5683/5525 5343/5700/5541
f 5330/5683/5525 5345/5701/5542 5343/5700/5541
f 5325/5678/5520 5346/5702/5543 5307/5652/5496
f 5332/5696/5537 5341/5698/5539 5334/5689/5530
f 5325/5678/5520 5218/5692/5533 5346/5702/5543
f 5346/5702/5543 5340/5697/5538 5307/5652/5496
f 5209/5661/5505 5210/5681/5523 5211/5703/5544
f 5342/5699/5540 5347/5704/5545 5338/5690/5531
f 5218/5692/5533 5209/5661/5505 5211/5703/5544
f 5340/5697/5538 5349/5705/5546 5316/5693/5534
f 5341/5698/5539 5342/5699/5540 5334/5689/5530
f 5350/5706/5547 5343/5700/5541 5345/5701/5542
f 5350/5706/5547 5345/5701/5542 5353/5707/5548
f 5354/5708/5549 5316/5693/5534 5349/5705/5546
f 5354/5708/5549 5341/5698/5539 5316/5693/5534
f 5340/5697/5538 5346/5702/5543 5355/5709/5550
f 5229/5710/5551 5328/5682/5524 5343/5700/5541
f 5220/5711/5552 5346/5702/5543 5218/5692/5533
f 5210/5681/5523 5212/5712/5553 5211/5703/5544
f 5214/5641/5485 5328/5682/5524 5217/5713/5554
f 5328/5682/5524 5229/5710/5551 5217/5713/5554
f 5347/5704/5545 5342/5699/5540 5356/5714/5555
f 5347/5704/5545 5356/5714/5555 5351/5715/5556
f 5349/5705/5546 5340/5697/5538 5357/5716/5557
f 5349/5705/5546 5357/5716/5557 5358/5717/5558
f 5213/5680/5522 5215/5718/5559 5210/5681/5523
f 5213/5680/5522 5216/5719/5560 5215/5718/5559
f 5218/5692/5533 5211/5703/5544 5219/5720/5561
f 5359/5721/5562 5360/5722/5563 5358/5717/5558
f 5358/5717/5558 5354/5708/5549 5349/5705/5546
f 5219/5720/5561 5220/5711/5552 5218/5692/5533
f 5211/5703/5544 5212/5712/5553 5219/5720/5561
f 5355/5709/5550 5361/5723/5564 5340/5697/5538
f 5340/5697/5538 5361/5723/5564 5357/5716/5557
f 5359/5721/5562 5358/5717/5558 5357/5716/5557
f 5343/5700/5541 5350/5706/5547 5362/5724/5565
f 5353/5707/5548 5364/5725/5566 5350/5706/5547
f 5346/5702/5543 5220/5711/5552 5365/5726/5567
f 5346/5702/5543 5365/5726/5567 5355/5709/5550
f 5359/5721/5562 5357/5716/5557 5366/5727/5568
f 5343/5700/5541 5362/5724/5565 5229/5710/5551
f 5360/5722/5563 5354/5708/5549 5358/5717/5558
f 5351/5715/5556 5356/5714/5555 5363/5728/5569
f 5361/5723/5564 5366/5727/5568 5357/5716/5557
f 5210/5681/5523 5215/5718/5559 5212/5712/5553
f 5359/5721/5562 5354/5708/5549 5360/5722/5563
f 5354/5708/5549 5342/5699/5540 5341/5698/5539
f 5220/5711/5552 5219/5720/5561 5221/5729/5570
f 5367/5730/5571 5368/5731/5572 5365/5726/5567
f 5368/5731/5572 5355/5709/5550 5365/5726/5567
f 5366/5727/5568 5354/5708/5549 5359/5721/5562
f 5222/5732/5573 5220/5711/5552 5221/5729/5570
f 5219/5720/5561 5212/5712/5553 5223/5733/5574
f 5366/5727/5568 5369/5734/5575 5354/5708/5549
f 5220/5711/5552 5222/5732/5573 5365/5726/5567
f 5368/5731/5572 5370/5735/5576 5355/5709/5550
f 5355/5709/5550 5371/5736/5577 5361/5723/5564
f 5212/5712/5553 5224/5737/5578 5223/5733/5574
f 5361/5723/5564 5369/5734/5575 5366/5727/5568
f 5350/5706/5547 5364/5725/5566 5362/5724/5565
f 5221/5729/5570 5219/5720/5561 5225/5738/5579
f 5370/5735/5576 5371/5736/5577 5355/5709/5550
f 5212/5712/5553 5215/5718/5559 5224/5737/5578
f 5222/5732/5573 5228/5739/5580 5365/5726/5567
f 5369/5734/5575 5371/5736/5577 5354/5708/5549
f 5215/5718/5559 5216/5719/5560 5224/5737/5578
f 5222/5732/5573 5221/5729/5570 5226/5740/5581
f 5370/5735/5576 5372/5741/5582 5371/5736/5577
f 5223/5733/5574 5227/5742/5583 5219/5720/5561
f 5224/5737/5578 5227/5742/5583 5223/5733/5574
f 5361/5723/5564 5371/5736/5577 5369/5734/5575
f 5354/5708/5549 5373/5743/5584 5342/5699/5540
f 5342/5699/5540 5374/5744/5585 5356/5714/5555
f 5222/5732/5573 5226/5740/5581 5228/5739/5580
f 5365/5726/5567 5228/5739/5580 5375/5745/5586
f 5221/5729/5570 5225/5738/5579 5226/5740/5581
f 5365/5726/5567 5376/5746/5587 5367/5730/5571
f 5371/5736/5577 5373/5743/5584 5354/5708/5549
f 5217/5713/5554 5229/5710/5551 5232/5747/5588
f 5375/5745/5586 5376/5746/5587 5365/5726/5567
f 5368/5731/5572 5367/5730/5571 5377/5748/5589
f 5368/5731/5572 5377/5748/5589 5370/5735/5576
f 5377/5748/5589 5378/5749/5590 5370/5735/5576
f 5372/5741/5582 5370/5735/5576 5378/5749/5590
f 5219/5720/5561 5227/5742/5583 5233/5750/5591
f 5216/5719/5560 5234/5751/5592 5224/5737/5578
f 5224/5737/5578 5234/5751/5592 5235/5752/5593
f 5342/5699/5540 5373/5743/5584 5374/5744/5585
f 5229/5710/5551 5236/5753/5594 5232/5747/5588
f 5229/5710/5551 5362/5724/5565 5236/5753/5594
f 5225/5738/5579 5237/5754/5595 5226/5740/5581
f 5225/5738/5579 5219/5720/5561 5237/5754/5595
f 5219/5720/5561 5233/5750/5591 5237/5754/5595
f 5238/5755/5596 5239/5756/5597 5240/5757/5598
f 5233/5750/5591 5227/5742/5583 5238/5755/5596
f 5238/5755/5596 5227/5742/5583 5239/5756/5597
f 5227/5742/5583 5241/5758/5599 5239/5756/5597
f 5239/5756/5597 5241/5758/5599 5170/5759/5600
f 5227/5742/5583 5242/5760/5601 5241/5758/5599
f 5241/5758/5599 5242/5760/5601 5243/5761/5602
f 5243/5761/5602 5244/5762/5603 5241/5758/5599
f 5356/5714/5555 5379/5763/5604 5363/5728/5569
f 5245/5764/5605 5228/5739/5580 5226/5740/5581
f 5246/5765/5606 5226/5740/5581 5237/5754/5595
f 5367/5730/5571 5376/5746/5587 5380/5766/5607
f 5233/5750/5591 5238/5755/5596 5237/5754/5595
f 5237/5754/5595 5238/5755/5596 5240/5757/5598
f 5240/5757/5598 5239/5756/5597 5170/5759/5600
f 5378/5749/5590 5371/5736/5577 5372/5741/5582
f 5224/5737/5578 5242/5760/5601 5227/5742/5583
f 5235/5752/5593 5242/5760/5601 5224/5737/5578
f 5235/5752/5593 5247/5767/5608 5242/5760/5601
f 5243/5761/5602 5242/5760/5601 5247/5767/5608
f 5247/5767/5608 5244/5762/5603 5243/5761/5602
f 5234/5751/5592 5216/5719/5560 5231/5768/5609
f 5374/5744/5585 5379/5763/5604 5356/5714/5555
f 5266/5769/5610 5362/5724/5565 5364/5725/5566
f 5237/5754/5595 5240/5757/5598 5248/5770/5611
f 5378/5749/5590 5377/5748/5589 5371/5736/5577
f 5244/5762/5603 5247/5767/5608 5250/5771/5612
f 5228/5739/5580 5245/5764/5605 5375/5745/5586
f 5245/5764/5605 5226/5740/5581 5246/5765/5606
f 5237/5754/5595 5251/5772/5613 5246/5765/5606
f 5237/5754/5595 5248/5770/5611 5251/5772/5613
f 5380/5766/5607 5381/5773/5614 5367/5730/5571
f 5235/5752/5593 5234/5751/5592 5247/5767/5608
f 5236/5753/5594 5362/5724/5565 5266/5769/5610
f 5240/5757/5598 5252/5774/5615 5248/5770/5611
f 5380/5766/5607 5376/5746/5587 5382/5775/5616
f 5376/5746/5587 5375/5745/5586 5382/5775/5616
f 5367/5730/5571 5381/5773/5614 5377/5748/5589
f 5374/5744/5585 5274/5776/5617 5379/5763/5604
f 5375/5745/5586 5245/5764/5605 5258/5777/5618
f 5251/5772/5613 5248/5770/5611 5253/5778/5619
f 5248/5770/5611 5252/5774/5615 5253/5778/5619
f 5253/5778/5619 5254/5779/5620 5251/5772/5613
f 5246/5765/5606 5254/5779/5620 5255/5780/5621
f 5246/5765/5606 5251/5772/5613 5254/5779/5620
f 5375/5745/5586 5383/5781/5622 5382/5775/5616
f 5380/5766/5607 5382/5775/5616 5381/5773/5614
f 5240/5757/5598 5170/5759/5600 5256/5782/5623
f 5381/5773/5614 5384/5783/5624 5377/5748/5589
f 5377/5748/5589 5384/5783/5624 5371/5736/5577
f 5247/5767/5608 5231/5768/5609 5250/5771/5612
f 5245/5764/5605 5246/5765/5606 5257/5784/5625
f 5246/5765/5606 5255/5780/5621 5257/5784/5625
f 5373/5743/5584 5274/5776/5617 5374/5744/5585
f 5234/5751/5592 5231/5768/5609 5247/5767/5608
f 5245/5764/5605 5257/5784/5625 5258/5777/5618
f 5253/5778/5619 5255/5780/5621 5254/5779/5620
f 5240/5757/5598 5174/5785/5626 5252/5774/5615
f 5240/5757/5598 5256/5782/5623 5174/5785/5626
f 5375/5745/5586 5258/5777/5618 5383/5781/5622
f 5382/5775/5616 5385/5786/5627 5381/5773/5614
f 5170/5759/5600 5172/5787/5628 5256/5782/5623
f 5381/5773/5614 5385/5786/5627 5384/5783/5624
f 5384/5783/5624 5386/5788/5629 5371/5736/5577
f 5386/5788/5629 5274/5776/5617 5373/5743/5584
f 5371/5736/5577 5386/5788/5629 5373/5743/5584
f 5253/5778/5619 5259/5789/5630 5255/5780/5621
f 5258/5777/5618 5387/5790/5631 5383/5781/5622
f 5382/5775/5616 5383/5781/5622 5385/5786/5627
f 5230/5791/5588 5260/5792/5632 5249/5793/5633
f 5252/5774/5615 5259/5789/5630 5253/5778/5619
f 5255/5780/5621 5259/5789/5630 5257/5784/5625
f 5385/5786/5627 5386/5788/5629 5384/5783/5624
f 5260/5792/5632 5263/5794/5634 5249/5793/5633
f 5249/5793/5633 5263/5794/5634 5262/5795/5635
f 5274/5776/5617 5269/5796/5636 5379/5763/5604
f 5232/5747/5588 5236/5753/5594 5261/5797/5637
f 5379/5763/5604 5269/5796/5636 5363/5728/5569
f 5258/5777/5618 5268/5798/5638 5387/5790/5631
f 5387/5790/5631 5268/5798/5638 5388/5799/5639
f 5257/5784/5625 5264/5800/5640 5258/5777/5618
f 5383/5781/5622 5386/5788/5629 5385/5786/5627
f 5363/5728/5569 5269/5796/5636 5265/5801/5641
f 5236/5753/5594 5266/5769/5610 5261/5797/5637
f 5174/5785/5626 5178/5802/5642 5252/5774/5615
f 5257/5784/5625 5259/5789/5630 5267/5803/5643
f 5256/5782/5623 5172/5787/5628 5174/5785/5626
f 5268/5798/5638 5389/5804/5644 5388/5799/5639
f 5258/5777/5618 5264/5800/5640 5268/5798/5638
f 5383/5781/5622 5387/5790/5631 5386/5788/5629
f 5387/5790/5631 5388/5799/5639 5386/5788/5629
f 5261/5797/5637 5266/5769/5610 5187/5805/5645
f 5252/5774/5615 5178/5802/5642 5259/5789/5630
f 5174/5785/5626 5176/5806/5646 5178/5802/5642
f 5257/5784/5625 5267/5803/5643 5264/5800/5640
f 5386/5788/5629 5273/5807/5647 5274/5776/5617
f 5185/5808/5648 5265/5801/5641 5269/5796/5636
f 5178/5802/5642 5180/5809/5649 5259/5789/5630
f 5175/5810/5650 5173/5811/5651 5177/5812/5652
f 5264/5800/5640 5270/5813/5653 5268/5798/5638
f 5388/5799/5639 5390/5814/5654 5386/5788/5629
f 5386/5788/5629 5390/5814/5654 5273/5807/5647
f 5263/5794/5634 5190/5815/5655 5262/5795/5635
f 5262/5795/5635 5190/5815/5655 5182/5816/5656
f 5268/5798/5638 5391/5817/5657 5389/5804/5644
f 5267/5803/5643 5270/5813/5653 5264/5800/5640
f 5388/5799/5639 5389/5804/5644 5390/5814/5654
f 5260/5792/5632 5184/5818/5658 5190/5815/5655
f 5260/5792/5632 5190/5815/5655 5263/5794/5634
f 5179/5819/5659 5177/5812/5652 5181/5820/5649
f 5259/5789/5630 5193/5821/5660 5267/5803/5643
f 5391/5817/5657 5268/5798/5638 5270/5813/5653
f 5193/5821/5660 5270/5813/5653 5267/5803/5643
f 5389/5804/5644 5391/5817/5657 5390/5814/5654
f 5195/5822/5661 5185/5808/5648 5269/5796/5636
f 5270/5813/5653 5193/5821/5660 5201/5823/5662
f 5390/5814/5654 5391/5817/5657 5273/5807/5647
f 5273/5807/5647 5391/5817/5657 5270/5813/5653
f 5270/5813/5653 5201/5823/5662 5271/5824/5663
f 5201/5823/5662 5272/5825/5664 5271/5824/5663
f 5270/5813/5653 5271/5824/5663 5273/5807/5647
f 5271/5824/5663 5272/5825/5664 5273/5807/5647
f 5272/5825/5664 5195/5822/5661 5274/5776/5617
f 5269/5796/5636 5274/5776/5617 5195/5822/5661
f 5195/5822/5661 5188/5826/5665 5185/5808/5648
f 5186/5827/5666 5189/5828/5667 5191/5829/5668
f 5180/5809/5649 5193/5821/5660 5259/5789/5630
f 5273/5807/5647 5272/5825/5664 5274/5776/5617
f 5272/5825/5664 5197/5830/5669 5195/5822/5661
f 5181/5820/5670 5192/5831/5671 5194/5832/5672
f 5272/5825/5664 5201/5823/5662 5197/5830/5669
f 5196/5833/5673 5198/5834/5674 5189/5828/5675
f 5194/5832/5672 5200/5835/5676 5203/5836/5677
f 5192/5831/5671 5200/5835/5676 5194/5832/5672
f 5198/5834/5674 5204/5837/5678 5189/5828/5675
f 5202/5838/5679 5206/5839/5680 5198/5834/5674
f 5198/5834/5674 5206/5839/5680 5204/5837/5678
f 5204/5837/5678 5207/5840/5681 5189/5828/5675
f 5207/5840/5681 5205/5841/5682 5189/5828/5675
f 5199/5842/5683 5208/5843/5684 5202/5838/5679
f 5202/5838/5679 5208/5843/5684 5206/5839/5680
f 5206/5839/5680 5207/5840/5681 5204/5837/5678
f 5206/5839/5680 5208/5843/5684 5207/5840/5681
l 5183 5191
l 5171 5173
o Mesh_0.005
v -0.340769 0.435748 0.175165
v -0.340769 0.435748 0.175165
v -0.366828 0.476343 0.229354
v -0.323303 0.446767 0.143386
v -0.324835 0.408159 0.190179
v -0.293253 0.390874 0.188701
v -0.317733 0.406544 0.205549
v -0.366639 0.491598 0.237527
v -0.324188 0.474579 0.156403
v -0.350096 0.438022 0.228355
v -0.350096 0.438022 0.228355
v -0.352543 0.515703 0.239228
v -0.342410 0.523188 0.241439
v -0.304965 0.509617 0.183926
v -0.311061 0.520611 0.219956
v -0.304387 0.429485 0.234994
v -0.304387 0.429485 0.234994
v -0.246030 0.471345 0.192531
v -0.325114 0.512318 0.263863
v -0.286901 0.440060 0.228909
v -0.364760 0.462487 0.236564
v -0.348615 0.524085 0.264689
v -0.311786 0.520368 0.231520
v -0.330349 0.442136 0.241993
v -0.330349 0.442136 0.241993
v -0.320423 0.457267 0.250106
v -0.357681 0.457436 0.247675
v -0.357681 0.457436 0.247675
v -0.357681 0.457436 0.247675
v -0.369150 0.476536 0.247924
v -0.367826 0.495938 0.259701
v -0.321773 0.496421 0.264426
v -0.341240 0.521640 0.271416
v -0.385302 0.409090 0.254823
v -0.385302 0.409090 0.254823
v -0.385302 0.409090 0.254823
v -0.368896 0.450253 0.262364
v -0.374380 0.380517 0.255887
v -0.374380 0.380517 0.255887
v -0.345013 0.452115 0.269439
v -0.360692 0.469509 0.262295
v -0.316892 0.468767 0.256110
v -0.364578 0.480519 0.257256
v -0.358172 0.507186 0.260424
v -0.347536 0.446572 0.272827
v -0.347536 0.446572 0.272827
v -0.347536 0.446572 0.272827
v -0.374647 0.480407 0.269728
v -0.332622 0.449094 0.260394
v -0.353680 0.455885 0.263269
v -0.353680 0.455885 0.263269
v -0.361822 0.459148 0.261017
v -0.321808 0.459035 0.264463
v -0.408100 0.429108 0.266945
v -0.408100 0.429108 0.266945
v -0.318116 0.468693 0.268162
v -0.374177 0.496868 0.263652
v -0.353669 0.517412 0.266618
v -0.322206 0.484534 0.272648
v -0.326298 0.503498 0.273755
v -0.333055 0.512584 0.277569
v -0.342321 0.452516 0.283130
v -0.356866 0.343634 0.279531
v -0.356866 0.343634 0.279531
v -0.340051 0.457864 0.275167
v -0.374312 0.511605 0.290638
v -0.331308 0.468450 0.280760
v -0.378617 0.504283 0.297736
v -0.378617 0.504283 0.297736
v -0.329726 0.511080 0.293561
v -0.432677 0.424263 0.299339
v -0.432677 0.424263 0.299339
v -0.325950 0.482397 0.293276
v -0.326726 0.492906 0.300636
v -0.334256 0.475022 0.297303
v -0.355670 0.517923 0.301595
v -0.337728 0.434859 0.310258
v -0.337728 0.434859 0.310258
v -0.374285 0.508624 0.301360
v -0.340945 0.480652 0.309027
v -0.341271 0.500358 0.311482
v -0.359295 0.511972 0.308992
v -0.437155 0.411760 0.322451
v -0.437155 0.411760 0.322451
v -0.395083 0.469391 0.317826
v -0.395083 0.469391 0.317826
v -0.359728 0.500117 0.315275
v -0.346248 0.463615 0.326638
v -0.353247 0.486281 0.325373
v -0.358055 0.401606 0.338532
v -0.358055 0.401606 0.338532
v -0.358055 0.401606 0.338532
v -0.353311 0.467171 0.332591
v -0.353311 0.467171 0.332591
v -0.408260 0.433136 0.337887
v -0.408260 0.433136 0.337887
v -0.363947 0.470803 0.332677
v -0.363947 0.470803 0.332677
v -0.361983 0.434188 0.340949
v -0.361983 0.434188 0.340949
v -0.261801 0.409894 0.085662
v -0.261801 0.409894 0.085662
v -0.313754 0.419011 0.134271
v -0.313754 0.419011 0.134271
v -0.313754 0.419011 0.134271
v -0.300242 0.442326 0.117383
v -0.300242 0.442326 0.117383
v -0.204668 0.461571 0.110729
v -0.204668 0.461571 0.110729
v -0.202022 0.459665 0.117311
v -0.201807 0.463294 0.117478
v -0.201450 0.453400 0.130768
v -0.220259 0.371993 0.138459
v -0.220259 0.371993 0.138459
v -0.220259 0.371993 0.138459
v -0.281186 0.398618 0.105505
v -0.281186 0.398618 0.105505
v -0.277723 0.375354 0.128926
v -0.277723 0.375354 0.128926
v -0.316592 0.407466 0.150090
v -0.250745 0.361620 0.124132
v -0.250745 0.361620 0.124132
v -0.279483 0.375241 0.156498
v -0.195003 0.394541 0.139376
v -0.189208 0.438607 0.130221
v -0.193495 0.443950 0.135811
v -0.202271 0.451947 0.143874
v -0.239664 0.361186 0.134848
v -0.239664 0.361186 0.134848
v -0.208149 0.453792 0.146887
v -0.198592 0.488763 0.143424
v -0.295831 0.383862 0.169049
v -0.271956 0.375793 0.163850
v -0.242176 0.489228 0.153013
v -0.207136 0.480802 0.158315
v -0.190750 0.499235 0.099013
v -0.190750 0.499235 0.099013
v -0.190750 0.499235 0.099013
v -0.200521 0.474231 0.094638
v -0.200521 0.474231 0.094638
v -0.213075 0.460312 0.097430
v -0.213075 0.460312 0.097430
v -0.269151 0.501808 0.158376
v -0.235298 0.466455 0.101138
v -0.235298 0.466455 0.101138
v -0.246559 0.453037 0.089192
v -0.246559 0.453037 0.089192
v -0.287571 0.461818 0.116617
v -0.287571 0.461818 0.116617
v -0.308465 0.492050 0.159353
v -0.442310 0.281655 0.257559
v -0.442310 0.281655 0.257559
v -0.414508 0.301806 0.248991
v -0.422887 0.277930 0.254948
v -0.391178 0.314427 0.253754
v -0.437855 0.313654 0.253349
v -0.437855 0.313654 0.253349
v -0.471723 0.154798 0.253820
v -0.460108 0.242198 0.257426
v -0.460108 0.242198 0.257426
v -0.436651 0.226038 0.260289
v -0.504148 0.172168 0.262880
v -0.504148 0.172168 0.262880
v -0.475770 0.246120 0.260794
v -0.375008 0.318838 0.263919
v -0.395308 0.278355 0.267742
v -0.445260 0.354381 0.264414
v -0.435963 0.255181 0.267757
v -0.432013 0.260824 0.266920
v -0.446219 0.269486 0.268795
v -0.458998 0.289222 0.264090
v -0.449321 0.164677 0.261115
v -0.417570 0.197707 0.276548
v -0.452160 0.272369 0.266442
v -0.452160 0.272369 0.266442
v -0.462931 0.275971 0.272445
v -0.423132 0.258777 0.272080
v -0.491370 0.266029 0.277828
v -0.367651 0.311407 0.275820
v -0.417164 0.238098 0.276423
v -0.499923 0.196688 0.262244
v -0.507313 0.245479 0.280608
v -0.477798 0.283554 0.285563
v -0.481596 0.297092 0.284972
v -0.452988 0.370695 0.280057
v -0.399538 0.252793 0.301873
v -0.380990 0.274275 0.291375
v -0.414051 0.173390 0.299613
v -0.405603 0.209956 0.299752
v -0.403574 0.250139 0.305130
v -0.516964 0.249794 0.300000
v -0.360609 0.315081 0.298382
v -0.492896 0.297261 0.304002
v -0.489326 0.288821 0.300625
v -0.473878 0.345561 0.299837
v -0.397494 0.248580 0.307463
v -0.405645 0.197914 0.315506
v -0.402196 0.245028 0.319621
v -0.495215 0.297094 0.323832
v -0.397127 0.250691 0.326563
v -0.396496 0.264789 0.337775
v -0.512942 0.261829 0.331293
v -0.469549 0.354041 0.326826
v -0.415922 0.169425 0.331409
v -0.404367 0.222263 0.331468
v -0.491417 0.287379 0.326818
v -0.357636 0.364479 0.330234
v -0.383746 0.314967 0.345924
v -0.492137 0.297264 0.334336
v -0.409823 0.260408 0.341464
v -0.495346 0.273952 0.346718
v -0.495346 0.273952 0.346718
v -0.419756 0.209899 0.363086
v -0.512682 0.245542 0.350966
v -0.512682 0.245542 0.350966
v -0.478357 0.297779 0.351032
v -0.445357 0.362377 0.352335
v -0.416851 0.268590 0.347148
v -0.425463 0.271737 0.353802
v -0.470480 0.283270 0.353663
v -0.458438 0.304677 0.364369
v -0.409507 0.391748 0.356849
v -0.421175 0.246465 0.362743
v -0.419884 0.298239 0.365383
v -0.419884 0.298239 0.365383
v -0.395757 0.331119 0.361716
v -0.395757 0.331119 0.361716
v -0.398295 0.367369 0.362942
v -0.451398 0.280334 0.362156
v -0.451398 0.280334 0.362156
v -0.467829 0.266151 0.368556
v -0.444468 0.254164 0.373732
v -0.421050 0.348181 0.366443
v -0.441438 0.185102 0.379915
v -0.447303 0.290041 0.369065
v -0.447303 0.290041 0.369065
v -0.460322 0.233691 0.385132
v -0.504092 0.204545 0.378639
v -0.474064 0.147828 0.258456
v -0.509879 0.090593 0.276405
v -0.525518 0.098258 0.276995
v -0.525518 0.098258 0.276995
v -0.437671 0.148601 0.274956
v -0.484790 0.081121 0.284406
v -0.458427 0.098554 0.292332
v -0.532925 0.150943 0.284906
v -0.538861 0.069322 0.277462
v -0.546335 0.083291 0.279587
v -0.546335 0.083291 0.279587
v -0.524487 0.072593 0.279383
v -0.531855 0.180076 0.284995
v -0.536629 0.063157 0.284756
v -0.520561 0.068555 0.283813
v -0.553393 0.073389 0.284250
v -0.553393 0.073389 0.284250
v -0.533840 0.092704 0.284680
v -0.533840 0.092704 0.284680
v -0.514663 0.082379 0.285143
v -0.546698 0.062354 0.294330
v -0.546698 0.062354 0.294330
v -0.546698 0.062354 0.294330
v -0.503074 0.078128 0.292268
v -0.560995 0.087392 0.295545
v -0.432668 0.132244 0.299484
v -0.564551 0.112163 0.324031
v -0.469865 0.077651 0.307754
v -0.563342 0.106067 0.308412
v -0.528116 0.062809 0.296508
v -0.486863 0.077939 0.308406
v -0.535981 0.048816 0.301312
v -0.535981 0.048816 0.301312
v -0.515351 0.062426 0.305512
v -0.499214 0.062326 0.309004
v -0.533231 0.208716 0.304267
v -0.520663 0.052716 0.305678
v -0.451492 0.094780 0.331525
v -0.503414 0.054331 0.337062
v -0.476935 0.074835 0.329067
v -0.461474 0.079191 0.324070
v -0.531976 0.037805 0.316501
v -0.491232 0.061765 0.320607
v -0.531259 0.224996 0.323788
v -0.478231 0.069523 0.348033
v -0.469530 0.082616 0.351660
v -0.511015 0.048702 0.352629
v -0.562466 0.107535 0.363494
v -0.562466 0.107535 0.363494
v -0.523511 0.216809 0.354888
v -0.523511 0.216809 0.354888
v -0.475222 0.077943 0.363885
v -0.475222 0.077943 0.363885
v -0.528099 0.175171 0.367287
v -0.528099 0.175171 0.367287
v -0.528099 0.175171 0.367287
v -0.431532 0.173166 0.367243
v -0.499891 0.061542 0.385960
v -0.491922 0.078127 0.388002
v -0.491922 0.078127 0.388002
v -0.485629 0.092848 0.379042
v -0.485629 0.092848 0.379042
v -0.532217 0.105672 0.388243
v -0.532217 0.105672 0.388243
v -0.508715 0.167200 0.384258
v -0.494822 0.088575 0.392427
v -0.461384 0.188921 0.389104
v -0.487509 0.155797 0.390509
v -0.473847 0.151853 0.387624
v -0.481456 0.171066 0.394016
v -0.506697 0.109452 0.389521
v -0.506697 0.109452 0.389521
v -0.482932 0.153002 0.394388
v -0.510940 0.079577 0.396399
v -0.510940 0.079577 0.396399
v -0.510940 0.079577 0.396399
v -0.528112 0.039343 0.335411
v -0.535717 0.039265 0.339286
v -0.564069 0.040526 0.341280
v -0.564069 0.040526 0.341280
v -0.539874 0.033646 0.360987
v -0.539874 0.033646 0.360987
v -0.576504 0.042047 0.344618
v -0.593480 0.046053 0.363131
v -0.564331 0.090497 0.359242
v -0.564331 0.090497 0.359242
v -0.569082 0.091694 0.343718
v -0.557589 0.096614 0.363462
v -0.543306 0.041537 0.379966
v -0.543306 0.041537 0.379966
v -0.543306 0.041537 0.379966
v -0.597232 0.063089 0.370898
v -0.597232 0.063089 0.370898
v -0.563304 0.078409 0.382593
v -0.563304 0.078409 0.382593
v -0.563304 0.078409 0.382593
v -0.563304 0.078409 0.382593
v -0.584532 0.086167 0.352504
v -0.528487 0.045470 0.379983
v -0.518180 0.053894 0.375831
v -0.596524 0.056443 0.370732
v -0.596524 0.056443 0.370732
v -0.584763 0.059335 0.381201
v -0.584763 0.059335 0.381201
v -0.547701 0.103385 0.376526
v -0.567836 0.048733 0.380618
v -0.567836 0.048733 0.380618
v -0.562755 0.085129 0.392755
v -0.548421 0.050132 0.389918
v -0.548421 0.050132 0.389918
v -0.576396 0.049975 0.388170
v -0.576396 0.049975 0.388170
v -0.585203 0.056893 0.387515
v -0.585203 0.056893 0.387515
v -0.535720 0.049764 0.386228
v -0.535720 0.049764 0.386228
v -0.515626 0.066793 0.391811
v -0.515626 0.066793 0.391811
v -0.583580 0.084482 0.396683
v -0.583580 0.084482 0.396683
v -0.546030 0.102647 0.389423
v -0.576442 0.039800 0.400478
v -0.576442 0.039800 0.400478
v -0.594320 0.073658 0.396948
v -0.549927 0.044752 0.403578
v -0.597651 0.041730 0.402429
v -0.600394 0.051764 0.399810
v -0.600394 0.051764 0.399810
v -0.520252 0.098162 0.393669
v -0.526783 0.060859 0.408131
v -0.600369 0.077670 0.412979
v -0.600369 0.077670 0.412979
v -0.511351 0.087948 0.392904
v -0.538616 0.090385 0.412362
v -0.616548 0.058883 0.406481
v -0.616964 0.069680 0.413190
v -0.616964 0.069680 0.413190
v -0.580042 0.090982 0.415238
v -0.549783 0.086195 0.413274
v -0.620765 0.045084 0.410961
v -0.541461 0.053820 0.409275
v -0.629800 0.054697 0.417306
v -0.629800 0.054697 0.417306
v -0.596554 0.081434 0.420256
v -0.524405 0.086626 0.410797
v -0.524405 0.086626 0.410797
v -0.569104 0.036983 0.415480
v -0.569104 0.036983 0.415480
v -0.553946 0.045579 0.426409
v -0.553946 0.045579 0.426409
v -0.520846 0.076265 0.413006
v -0.597897 0.034126 0.420202
v -0.576337 0.040315 0.430156
v -0.624563 0.040584 0.423731
v -0.553722 0.083185 0.425923
v -0.553722 0.083185 0.425923
v -0.631896 0.051514 0.423669
v -0.631896 0.051514 0.423669
v -0.540796 0.076300 0.418570
v -0.540796 0.076300 0.418570
v -0.616254 0.075116 0.424371
v -0.598011 0.036049 0.434521
v -0.618448 0.041218 0.440614
v -0.547037 0.063690 0.429936
v -0.619973 0.070093 0.435386
v -0.601153 0.081668 0.431552
v -0.586126 0.077570 0.435165
v -0.553957 0.052946 0.433518
v -0.553957 0.052946 0.433518
v -0.553877 0.074701 0.433412
v -0.553877 0.074701 0.433412
v -0.565038 0.081938 0.433028
v -0.565038 0.081938 0.433028
v -0.633246 0.038009 0.448898
v -0.608769 0.074767 0.442720
v -0.623054 0.038143 0.442817
v -0.632320 0.026964 0.450157
v -0.569602 0.052801 0.440792
v -0.569602 0.052801 0.440792
v -0.582479 0.063417 0.443623
v -0.598588 0.070104 0.448109
v -0.607450 0.045132 0.448568
v -0.628411 0.027948 0.455700
v -0.611375 0.047780 0.458718
v -0.617407 0.053871 0.457748
v -0.563873 0.079468 0.299090
v -0.563873 0.079468 0.299090
v -0.543528 0.039095 0.309306
v -0.543528 0.039095 0.309306
v -0.584414 0.045606 0.314305
v -0.584414 0.045606 0.314305
v -0.587826 0.060174 0.308732
v -0.587826 0.060174 0.308732
v -0.562947 0.086496 0.309152
v -0.588223 0.081633 0.318999
v -0.579673 0.086959 0.316559
v -0.561263 0.097449 0.312774
v -0.568959 0.037939 0.324733
v -0.568959 0.037939 0.324733
v -0.613062 0.045039 0.316996
v -0.616972 0.063432 0.314022
v -0.616972 0.063432 0.314022
v -0.616553 0.084201 0.325810
v -0.574651 0.089522 0.323941
v -0.573307 0.101148 0.329010
v -0.616582 0.039007 0.325462
v -0.597987 0.037448 0.321691
v -0.630297 0.060252 0.324328
v -0.630297 0.060252 0.324328
v -0.625542 0.073888 0.327163
v -0.642263 0.063479 0.324553
v -0.625171 0.045452 0.329485
v -0.625171 0.045452 0.329485
v -0.638830 0.074213 0.327113
v -0.584375 0.085481 0.332387
v -0.642380 0.047472 0.330302
v -0.642380 0.047472 0.330302
v -0.658391 0.056300 0.334802
v -0.658391 0.056300 0.334802
v -0.628127 0.038989 0.345658
v -0.642330 0.037305 0.341782
v -0.654211 0.073894 0.338065
v -0.639230 0.082255 0.337532
v -0.625699 0.080968 0.337975
v -0.594803 0.034759 0.351456
v -0.620465 0.087308 0.340911
v -0.610133 0.090307 0.348180
v -0.655714 0.043383 0.345964
v -0.680364 0.030453 0.347906
v -0.682872 0.033735 0.352403
v -0.669447 0.061346 0.349044
v -0.669447 0.061346 0.349044
v -0.625331 0.080397 0.355686
v -0.574910 0.085521 0.341317
v -0.679034 0.027956 0.352473
v -0.639267 0.033225 0.356689
v -0.656224 0.044095 0.357046
v -0.656224 0.044095 0.357046
v -0.649978 0.077838 0.351812
v -0.670249 0.058052 0.355375
v -0.670249 0.058052 0.355375
v -0.610559 0.081682 0.362659
v -0.679155 0.034390 0.356791
v -0.679155 0.034390 0.356791
v -0.618527 0.043394 0.363622
v -0.642382 0.037550 0.368162
v -0.646247 0.062478 0.369606
v -0.642437 0.069598 0.366596
v -0.641875 0.047892 0.373983
v -0.641875 0.047892 0.373983
v -0.626785 0.058586 0.378257
v -0.626785 0.058586 0.378257
v -0.198956 0.442946 0.060298
v -0.206027 0.406582 0.059541
v -0.201551 0.395948 0.063207
v -0.204770 0.434357 0.072155
v -0.214041 0.394628 0.073182
v -0.194040 0.387241 0.078715
v -0.213285 0.418039 0.064590
v -0.221757 0.429253 0.065081
v -0.199730 0.458974 0.067537
v -0.238003 0.398119 0.074442
v -0.212781 0.444328 0.075613
v -0.213968 0.373445 0.084750
v -0.237548 0.433611 0.073953
v -0.254075 0.386624 0.089091
v -0.207233 0.365022 0.103583
v -0.222230 0.366051 0.096444
vn -0.0398 -0.6771 -0.7348
vn -0.2247 -0.4999 -0.8364
vn -0.3995 -0.1526 -0.9039
vn -0.1207 0.2584 -0.9585
vn -0.3147 0.0517 -0.9478
vn -0.3146 -0.3198 -0.8937
vn -0.6017 0.0411 -0.7977
vn -0.5943 0.4705 -0.6522
vn -0.6170 0.3765 -0.6911
vn 0.1657 -0.7017 -0.6930
vn -0.3712 0.0875 -0.9244
vn 0.0170 -0.7176 -0.6963
vn -0.5695 -0.0839 -0.8177
vn -0.4361 0.2832 -0.8541
vn -0.2703 0.6070 -0.7473
vn -0.0115 0.8033 -0.5955
vn -0.3294 0.8821 -0.3369
vn -0.5063 -0.6355 -0.5829
vn 0.2792 -0.9549 -0.1006
vn -0.1386 -0.8867 -0.4411
vn -0.4510 0.5295 -0.7185
vn -0.6575 -0.4048 -0.6355
vn -0.6627 0.1544 -0.7328
vn -0.8230 0.4464 0.3514
vn -0.8379 0.5425 0.0608
vn -0.3291 0.8823 -0.3366
vn -0.8653 0.5010 0.0153
vn -0.2960 -0.9303 -0.2165
vn -0.5640 -0.7604 -0.3219
vn -0.5697 -0.0840 -0.8175
vn -0.7790 -0.2602 -0.5705
vn -0.6629 0.1542 -0.7326
vn -0.7789 -0.2603 -0.5706
vn 0.1249 0.9351 -0.3317
vn -0.0116 0.8035 -0.5952
vn -0.5383 0.8130 0.2222
vn -0.9075 0.2668 0.3246
vn -0.2703 0.6073 -0.7471
vn -0.4508 0.5299 -0.7183
vn 0.4302 0.6659 0.6095
vn 0.5689 0.8210 0.0481
vn 0.1192 -0.9405 0.3182
vn -0.6576 -0.4050 -0.6353
vn -0.5641 -0.7606 -0.3213
vn -0.7724 -0.5573 -0.3047
vn -0.7921 0.1038 -0.6015
vn -0.4082 0.7068 -0.5777
vn -0.2961 -0.9304 -0.2159
vn -0.3499 -0.9267 0.1375
vn 0.4054 -0.7256 0.5561
vn -0.7790 -0.2608 -0.5703
vn 0.7041 0.5392 0.4621
vn 0.4084 0.0333 0.9122
vn -0.6962 0.4192 -0.5827
vn 0.1191 -0.9403 0.3188
vn 0.4685 0.8804 0.0734
vn -0.4956 -0.8599 0.1225
vn 0.0177 -0.8689 0.4947
vn 0.4051 -0.7254 0.5565
vn -0.9037 -0.2726 -0.3301
vn -0.2255 0.8794 -0.4193
vn 0.1889 -0.5581 0.8080
vn -0.9036 -0.2731 -0.3299
vn 0.4054 -0.7252 0.5565
vn 0.4972 -0.2841 0.8198
vn 0.1893 -0.5577 0.8082
vn -0.9479 -0.0051 -0.3186
vn -0.6931 0.6546 -0.3018
vn 0.1582 0.9799 -0.1217
vn -0.0819 -0.8441 0.5299
vn -0.6893 -0.7243 0.0163
vn 0.7447 0.3181 0.5868
vn 0.5812 -0.2183 0.7839
vn -0.3529 -0.8359 0.4205
vn -0.9142 0.3047 -0.2670
vn 0.4566 0.8589 0.2320
vn -0.6852 -0.6782 0.2656
vn -0.2694 0.9369 -0.2229
vn 0.7362 0.5005 0.4555
vn -0.6854 -0.6781 0.2654
vn -0.9006 -0.4282 -0.0746
vn -0.4178 0.8773 0.2361
vn -0.0830 -0.7711 0.6313
vn 0.5305 -0.5817 0.6166
vn -0.7018 -0.6808 0.2097
vn -0.7020 -0.6806 0.2098
vn -0.9773 -0.1608 0.1383
vn -0.7739 0.3510 -0.5272
vn 0.8872 0.1748 0.4269
vn 0.0132 0.7437 0.6683
vn -0.2922 -0.3391 -0.8942
vn 0.0790 -0.1522 -0.9852
vn 0.0828 -0.4453 -0.8915
vn 0.4334 -0.2545 -0.8645
vn -0.3508 0.0612 -0.9345
vn 0.4401 -0.0361 -0.8972
vn -0.0294 0.1361 -0.9903
vn -0.0824 -0.7711 0.6313
vn 0.0499 -0.3472 -0.9364
vn -0.4395 0.0127 -0.8982
vn 0.0255 0.1709 -0.9850
vn 0.4092 0.0550 -0.9108
vn -0.4400 0.0129 -0.8979
vn -0.3154 0.2561 -0.9138
vn 0.0249 0.1709 -0.9850
vn 0.6459 -0.2396 -0.7249
vn 0.5171 -0.5236 -0.6771
vn -0.3513 0.0614 -0.9343
vn -0.5545 0.2312 -0.7995
vn -0.0299 0.1363 -0.9902
vn -0.0293 0.1362 -0.9902
vn 0.0701 0.0434 -0.9966
vn 0.4399 -0.0359 -0.8973
vn 0.3353 -0.9378 -0.0903
vn -0.7016 -0.6810 0.2097
vn -0.8656 -0.1669 -0.4722
vn 0.8162 -0.2321 0.5292
vn -0.9548 -0.2966 0.0194
vn -0.7651 0.6059 -0.2180
vn 0.0450 -0.3853 -0.9217
vn 0.4535 -0.2357 -0.8595
vn -0.3530 0.0791 -0.9323
vn 0.2714 0.0564 -0.9608
vn 0.0602 -0.4091 -0.9105
vn 0.0584 -0.2334 -0.9706
vn -0.2926 -0.3387 -0.8942
vn -0.5759 -0.0991 -0.8115
vn -0.5479 0.3640 -0.7532
vn 0.7323 -0.3060 -0.6084
vn -0.7639 0.1137 -0.6352
vn 0.3550 -0.8355 0.4194
vn -0.1217 -0.8866 -0.4461
vn -0.1215 -0.8864 -0.4466
vn -0.5172 -0.2227 -0.8264
vn 0.7056 -0.5981 0.3800
vn -0.1012 -0.4732 -0.8751
vn 0.7688 -0.1493 -0.6219
vn -0.1683 -0.1229 -0.9780
vn -0.5220 0.1392 -0.8415
vn 0.4779 -0.4321 -0.7648
vn -0.1678 -0.1230 -0.9781
vn 0.7323 -0.3058 -0.6085
vn 0.8900 -0.1833 0.4175
vn -0.7944 0.2523 -0.5525
vn -0.4040 -0.2550 -0.8785
vn 0.6377 -0.3916 -0.6634
vn -0.5417 0.4900 -0.6830
vn 0.8205 -0.3479 -0.4536
vn 0.7324 -0.3061 -0.6082
vn -0.5943 0.8023 -0.0564
vn 0.2478 -0.7582 -0.6031
vn 0.6739 -0.5400 -0.5043
vn -0.7026 0.0509 -0.7098
vn 0.7621 0.0660 -0.6441
vn -0.6878 0.3340 -0.6445
vn -0.6575 0.2093 -0.7238
vn -0.7889 0.0202 -0.6142
vn -0.7685 0.3715 -0.5209
vn 0.9516 0.0425 0.3044
vn 0.9283 0.3044 0.2136
vn 0.5325 0.8168 0.2220
vn -0.1335 -0.4033 -0.9053
vn -0.3176 0.3123 -0.8953
vn 0.3271 -0.1440 -0.9340
vn -0.4045 -0.2547 -0.8784
vn -0.7681 0.1433 -0.6241
vn 0.6019 -0.7281 -0.3279
vn 0.9021 -0.1692 -0.3969
vn 0.9417 -0.2729 -0.1969
vn 0.9022 -0.1691 -0.3967
vn 0.6754 -0.6672 0.3141
vn -0.5512 0.8343 0.0103
vn -0.0355 -0.9029 -0.4283
vn 0.4207 -0.6330 -0.6499
vn -0.6876 -0.3492 -0.6365
vn -0.3217 0.1191 -0.9393
vn 0.1375 -0.3842 -0.9129
vn 0.9135 -0.3388 -0.2253
vn 0.7898 -0.5835 -0.1892
vn -0.8347 0.5202 -0.1806
vn 0.6775 -0.5602 0.4765
vn -0.8332 0.5017 0.2326
vn 0.6870 0.6714 0.2779
vn 0.9601 -0.0914 -0.2643
vn 0.6139 -0.6152 -0.4946
vn -0.8347 0.5202 -0.1809
vn 0.8675 -0.3436 0.3596
vn 0.8512 0.0195 0.5244
vn -0.2926 -0.6526 -0.6989
vn 0.3266 -0.7553 -0.5682
vn -0.6877 -0.3489 -0.6366
vn -0.8409 0.2326 -0.4887
vn -0.3180 0.3127 -0.8950
vn -0.7231 0.1542 -0.6733
vn 0.8612 -0.4577 -0.2208
vn -0.8870 0.4451 -0.1229
vn -0.8438 0.4454 -0.2995
vn 0.8537 -0.3407 0.3939
vn -0.0098 0.9368 0.3496
vn -0.7232 0.1540 -0.6732
vn 0.3869 -0.8837 -0.2634
vn -0.8822 0.1657 -0.4408
vn -0.3221 0.1193 -0.9392
vn 0.9403 -0.3317 0.0767
vn -0.9591 0.0234 -0.2820
vn 0.9815 -0.0925 0.1674
vn 0.9816 -0.0924 0.1671
vn 0.2621 -0.8113 -0.5226
vn 0.3396 -0.8801 -0.3318
vn -0.9031 0.1696 -0.3946
vn -0.8896 0.3820 -0.2505
vn -0.6136 0.3946 0.6840
vn 0.1593 -0.5930 -0.7893
vn 0.3209 -0.8742 -0.3644
vn 0.4117 -0.7990 -0.4383
vn -0.9066 0.2851 -0.3110
vn 0.1590 -0.5930 -0.7894
vn -0.0082 -0.8341 -0.5515
vn -0.0960 -0.7278 -0.6790
vn -0.2926 -0.6522 -0.6993
vn -0.2886 -0.0333 -0.9569
vn -0.0961 -0.7276 -0.6792
vn 0.5431 -0.4981 -0.6760
vn -0.2887 -0.0328 -0.9569
vn -0.7146 0.5549 -0.4259
vn 0.7568 -0.5437 -0.3628
vn -0.0077 -0.8344 -0.5511
vn -0.3480 0.7295 -0.5889
vn -0.4302 0.8255 -0.3653
vn -0.9321 -0.0452 -0.3593
vn 0.8519 -0.5054 0.1368
vn 0.9787 -0.2025 0.0327
vn 0.8927 -0.4203 0.1625
vn -0.9971 0.0180 0.0733
vn 0.7662 0.0344 0.6417
vn 0.4175 0.2731 0.8667
vn -0.1486 0.6502 0.7451
vn 0.3064 -0.9149 -0.2628
vn 0.4128 -0.8923 -0.1829
vn 0.5321 -0.8411 -0.0971
vn 0.6327 -0.7744 -0.0033
vn 0.7575 -0.5505 0.3510
vn 0.6775 -0.4500 0.5818
vn -0.2068 -0.9752 -0.0793
vn -0.3511 -0.4856 -0.8006
vn -0.3913 0.1473 -0.9084
vn 0.5762 -0.7567 -0.3087
vn -0.3913 0.1479 -0.9083
vn -0.3382 0.7545 -0.5625
vn -0.6502 0.7358 -0.1894
vn -0.9480 0.3123 -0.0606
vn -0.7903 0.4863 0.3729
vn -0.8332 0.5018 0.2324
vn -0.7900 0.4867 0.3729
vn -0.5629 0.5790 0.5898
vn -0.2064 0.3864 0.8989
vn -0.3924 -0.8233 -0.4102
vn 0.0670 -0.8987 -0.4335
vn -0.2072 -0.9751 -0.0797
vn 0.2794 -0.9546 0.1034
vn -0.3335 -0.0923 -0.9382
vn -0.3333 -0.0921 -0.9383
vn -0.4030 0.5474 -0.7335
vn -0.9330 0.3522 0.0737
vn -0.8272 0.5367 0.1666
vn -0.8442 0.4487 0.2933
vn 0.7992 0.1472 0.5828
vn -0.3237 0.0546 -0.9446
vn -0.4404 -0.6216 -0.6478
vn -0.2128 0.5396 -0.8146
vn -0.1111 0.9916 -0.0665
vn 0.9131 -0.3432 0.2202
vn 0.9544 -0.0180 0.2980
vn -0.9428 0.2095 0.2592
vn 0.8553 -0.1960 0.4796
vn 0.3306 0.5580 0.7611
vn -0.4406 -0.6217 -0.6476
vn -0.2916 -0.5440 -0.7868
vn -0.5651 -0.0961 -0.8194
vn 0.7508 -0.2629 0.6059
vn 0.7143 -0.0569 0.6975
vn 0.0801 -0.9880 -0.1317
vn 0.0041 -0.9993 0.0374
vn -0.0916 -0.9958 0.0069
vn -0.2918 -0.5444 -0.7864
vn -0.2089 -0.8830 -0.4203
vn -0.5649 -0.0967 -0.8195
vn 0.7086 -0.7033 0.0573
vn -0.6304 0.6296 -0.4541
vn 0.6264 -0.7794 0.0143
vn -0.1731 0.9454 -0.2760
vn -0.3902 0.8783 -0.2763
vn -0.8701 -0.0234 0.4923
vn 0.7145 -0.0570 0.6973
vn -0.4825 0.4845 0.7297
vn -0.5631 0.5789 0.5897
vn 0.4592 0.2436 0.8543
vn 0.1837 -0.9301 0.3181
vn 0.1155 -0.9932 -0.0121
vn 0.4888 -0.8681 0.0866
vn -0.4864 0.8727 -0.0433
vn -0.1610 0.9688 0.1885
vn -0.4823 0.4846 0.7297
vn -0.1723 0.4732 0.8639
vn -0.1243 -0.9014 -0.4147
vn -0.4782 -0.5226 -0.7058
vn -0.9972 -0.0162 0.0728
vn -0.8096 0.5539 -0.1943
vn -0.8095 0.5543 -0.1938
vn -0.2487 0.9091 0.3341
vn -0.3807 0.9226 0.0617
vn -0.0895 0.9561 0.2791
vn -0.9052 0.3236 0.2754
vn -0.8340 0.1272 0.5369
vn 0.6576 -0.1909 0.7288
vn -0.5647 0.6118 0.5539
vn -0.0922 -0.9648 0.2462
vn 0.7982 -0.0692 0.5984
vn -0.7681 0.2942 0.5688
vn -0.7119 0.4159 0.5659
vn -0.7143 0.0129 0.6998
vn -0.5578 0.3729 0.7415
vn 0.4643 0.0921 0.8809
vn -0.0399 -0.9967 0.0702
vn -0.1449 -0.8632 0.4836
vn -0.4368 0.8490 0.2974
vn 0.6984 -0.5712 0.4313
vn -0.7097 0.2964 0.6392
vn 0.4686 -0.2743 0.8397
vn 0.1301 -0.9872 0.0924
vn 0.1307 -0.9871 0.0921
vn -0.2675 -0.7426 0.6140
vn -0.7178 0.4806 0.5038
vn -0.0566 0.6994 0.7124
vn 0.4920 -0.0397 0.8697
vn -0.5231 0.1024 0.8461
vn -0.4599 0.1179 0.8801
vn -0.1960 0.3248 0.9252
vn -0.3179 -0.2722 0.9082
vn -0.7174 0.4806 0.5043
vn -0.7090 0.5614 0.4267
vn -0.7091 0.5611 0.4270
vn -0.7544 0.1682 0.6345
vn -0.8338 0.1270 0.5373
vn 0.7633 -0.2851 0.5797
vn 0.6806 0.1713 0.7123
vn 0.2990 -0.2479 0.9215
vn 0.4654 -0.1190 0.8771
vn 0.4649 -0.1188 0.8774
vn 0.7141 -0.0569 0.6977
vn 0.4638 0.0923 0.8811
vn 0.4587 0.2437 0.8545
vn 0.2388 0.1084 0.9650
vn 0.1538 -0.8023 0.5768
vn -0.0645 -0.0098 0.9979
vn -0.1719 0.4728 0.8642
vn -0.2390 -0.7463 0.6213
vn 0.0068 -0.8509 0.5253
vn -0.3178 -0.2719 0.9083
vn -0.4773 0.3157 0.8201
vn -0.1449 -0.8631 0.4839
vn 0.4378 -0.6586 0.6121
vn -0.3097 0.6550 0.6892
vn -0.1869 0.3655 0.9118
vn -0.7177 0.6901 -0.0930
vn -0.5645 0.6116 0.5544
vn -0.7115 0.4159 0.5663
vn -0.2609 0.5068 0.8216
vn -0.0643 -0.0096 0.9979
vn 0.3062 0.3434 0.8879
vn 0.4776 -0.6526 0.5882
vn -0.3739 -0.2427 0.8951
vn -0.1801 -0.4572 0.8709
vn 0.4295 -0.7769 0.4605
vn -0.3743 -0.2422 0.8951
vn 0.6656 -0.2857 0.6894
vn -0.7176 0.6902 -0.0929
vn 0.2987 -0.2475 0.9217
vn -0.1158 0.1535 0.9813
vn 0.0072 -0.8508 0.5255
vn 0.0476 0.1132 0.9924
vn -0.7677 0.2942 0.5692
vn -0.7093 0.2962 0.6396
vn 0.5431 -0.1109 0.8323
vn -0.0844 -0.3072 0.9479
vn -0.0843 -0.3075 0.9478
vn 0.0476 0.1135 0.9924
vn -0.9261 -0.2699 0.2635
vn -0.1871 0.3651 0.9120
vn -0.7176 0.6903 -0.0928
vn -0.6910 0.5091 0.5132
vn -0.2350 0.6008 0.7641
vn -0.4990 0.2837 0.8188
vn 0.0070 -0.8508 0.5254
vn -0.2389 -0.9631 0.1241
vn 0.6983 -0.5712 0.4313
vn 0.6722 -0.0698 0.7371
vn 0.6658 -0.2851 0.6895
vn -0.4500 0.8829 -0.1342
vn 0.6718 -0.0702 0.7374
vn -0.7093 0.2963 0.6396
vn -0.2350 0.6006 0.7642
vn -0.4325 0.1745 0.8846
vn 0.0611 0.2576 0.9643
vn -0.2385 -0.9631 0.1244
vn 0.1154 -0.9744 0.1928
vn -0.3344 -0.8163 -0.4710
vn -0.3343 -0.8164 -0.4708
vn -0.6646 -0.5151 -0.5412
vn 0.3313 -0.7841 0.5248
vn 0.5008 -0.6334 0.5900
vn -0.3934 0.7716 -0.4999
vn -0.7175 0.6904 -0.0925
vn 0.5327 0.1155 0.8384
vn -0.4199 0.8610 0.2870
vn 0.3211 -0.0168 0.9469
vn -0.0341 -0.8987 -0.4372
vn -0.7303 0.3714 -0.5734
vn -0.2908 -0.1298 0.9479
vn 0.4625 -0.2372 0.8543
vn -0.0189 0.0117 0.9998
vn 0.1155 -0.9745 0.1926
vn 0.5195 -0.8452 -0.1257
vn -0.6644 -0.5152 -0.5414
vn -0.2338 -0.7528 -0.6153
vn -0.5307 -0.0773 -0.8440
vn -0.5308 -0.0768 -0.8440
vn -0.3932 0.7720 -0.4995
vn 0.1484 0.0750 0.9861
vn 0.2467 0.5373 0.8065
vn 0.1482 0.0744 0.9862
vn -0.1556 -0.6808 0.7158
vn 0.5012 -0.6334 0.5896
vn 0.5377 -0.6241 0.5670
vn 0.3315 -0.7844 0.5242
vn -0.5230 0.7353 -0.4311
vn 0.5937 -0.1125 0.7968
vn 0.5938 -0.1121 0.7968
vn 0.0049 0.3938 0.9192
vn 0.0173 0.6673 0.7446
vn 0.5939 -0.1123 0.7967
vn -0.4586 0.1242 -0.8799
vn -0.5446 0.6141 -0.5713
vn -0.1916 0.9770 0.0932
vn 0.0169 0.8877 0.4600
vn -0.5431 -0.4700 -0.6958
vn 0.6369 -0.6802 0.3628
vn -0.8928 0.1794 -0.4133
vn -0.5228 0.7357 -0.4307
vn -0.3246 0.9456 -0.0200
vn 0.4570 0.5092 0.7293
vn 0.1278 -0.9908 0.0451
vn 0.1282 -0.9907 0.0447
vn 0.5536 -0.7168 0.4239
vn 0.6295 -0.0651 0.7742
vn 0.0472 -0.9839 -0.1722
vn 0.1625 -0.8513 0.4989
vn -0.5595 -0.8075 -0.1869
vn 0.4572 0.5087 0.7295
vn 0.4012 0.7749 0.4885
vn -0.9844 -0.0258 -0.1743
vn -0.9843 -0.0260 -0.1744
vn 0.5282 0.2006 0.8251
vn -0.5448 0.6143 -0.5708
vn -0.6007 0.7933 -0.0985
vn 0.5279 0.2008 0.8252
vn 0.1352 -0.8842 0.4471
vn 0.5531 -0.7170 0.4243
vn 0.2480 -0.9670 -0.0579
vn 0.7540 -0.0907 0.6506
vn -0.7116 0.6401 0.2896
vn -0.1122 0.9717 0.2080
vn 0.0406 0.7758 0.6297
vn 0.5642 -0.3623 0.7419
vn 0.4750 0.3227 0.8187
vn 0.4014 0.7745 0.4889
vn 0.1280 0.6996 0.7030
vn 0.5640 -0.3626 0.7419
vn -0.9980 0.0048 0.0630
vn -0.3174 0.7664 0.5585
vn 0.1283 0.6995 0.7030
vn 0.0502 -0.8612 -0.5058
vn -0.5216 -0.8337 -0.1812
vn 0.1636 -0.3775 0.9114
vn 0.2913 0.0593 0.9548
vn 0.1451 0.5571 0.8177
vn 0.4864 -0.7643 0.4235
vn 0.4747 0.3226 0.8189
vn -0.0934 -0.7712 0.6298
vn 0.3675 -0.1942 0.9095
vn -0.3079 0.4636 0.8308
vt 0.581624 0.083543
vt 0.585879 0.079303
vt 0.583380 0.086123
vt 0.592822 0.087285
vt 0.587298 0.087042
vt 0.593586 0.074917
vt 0.586063 0.098726
vt 0.593212 0.096162
vt 0.590383 0.103077
vt 0.579050 0.078398
vt 0.589083 0.093397
vt 0.585569 0.071138
vt 0.601766 0.072561
vt 0.601791 0.080106
vt 0.607904 0.081457
vt 0.607548 0.091369
vt 0.600710 0.101701
vt 0.596730 0.067618
vt 0.583076 0.063664
vt 0.587640 0.064653
vt 0.616878 0.070694
vt 0.604547 0.062367
vt 0.615503 0.066487
vt 0.846306 0.386469
vt 0.851360 0.380188
vt 0.855059 0.384510
vt 0.848248 0.373429
vt 0.592886 0.052081
vt 0.603776 0.050534
vt 0.903607 0.394947
vt 0.898754 0.411927
vt 0.890371 0.406299
vt 0.615609 0.048979
vt 0.859166 0.414340
vt 0.864324 0.389299
vt 0.843337 0.388231
vt 0.843446 0.386726
vt 0.876711 0.388136
vt 0.881749 0.404044
vt 0.838174 0.389746
vt 0.851683 0.408036
vt 0.589435 0.050499
vt 0.657497 0.265058
vt 0.644797 0.264742
vt 0.651092 0.246147
vt 0.890210 0.418909
vt 0.871910 0.422287
vt 0.638479 0.273515
vt 0.637159 0.258271
vt 0.583997 0.051453
vt 0.658003 0.247463
vt 0.833226 0.395332
vt 0.833234 0.389933
vt 0.880174 0.423959
vt 0.631355 0.273185
vt 0.834942 0.397754
vt 0.638063 0.250323
vt 0.632929 0.257535
vt 0.623650 0.274889
vt 0.895633 0.431599
vt 0.863526 0.430404
vt 0.623650 0.226099
vt 0.653476 0.230396
vt 0.801670 0.395909
vt 0.811816 0.390513
vt 0.821097 0.446782
vt 0.880761 0.454701
vt 0.868111 0.455390
vt 0.857194 0.441939
vt 0.633091 0.244935
vt 0.641376 0.235352
vt 0.836893 0.419758
vt 0.825598 0.440631
vt 0.635399 0.233545
vt 0.875954 0.457205
vt 0.854181 0.445172
vt 0.639402 0.216637
vt 0.863267 0.453501
vt 0.850205 0.458024
vt 0.891571 0.453242
vt 0.884124 0.458034
vt 0.861027 0.461092
vt 0.629030 0.216358
vt 0.829896 0.455948
vt 0.636170 0.207188
vt 0.886105 0.462740
vt 0.878882 0.462060
vt 0.872039 0.465617
vt 0.844534 0.459051
vt 0.857303 0.461390
vt 0.178499 0.845025
vt 0.167192 0.843410
vt 0.175944 0.839571
vt 0.160401 0.838472
vt 0.169506 0.850830
vt 0.141647 0.846391
vt 0.136611 0.854971
vt 0.823247 0.456626
vt 0.224702 0.843043
vt 0.226313 0.854971
vt 0.194261 0.847158
vt 0.196239 0.837635
vt 0.646293 0.101950
vt 0.641427 0.129449
vt 0.635401 0.129107
vt 0.156257 0.833177
vt 0.171710 0.830024
vt 0.623776 0.152831
vt 0.628990 0.166331
vt 0.611399 0.189032
vt 0.898209 0.482711
vt 0.887824 0.472170
vt 0.909083 0.487400
vt 0.826587 0.466084
vt 0.819247 0.465666
vt 0.881095 0.467785
vt 0.834886 0.456079
vt 0.877457 0.465864
vt 0.866877 0.464030
vt 0.227698 0.841026
vt 0.218783 0.836499
vt 0.647090 0.111189
vt 0.186100 0.837639
vt 0.183506 0.836641
vt 0.183742 0.842338
vt 0.627910 0.142850
vt 0.634520 0.145473
vt 0.625867 0.194216
vt 0.892278 0.468540
vt 0.876589 0.472130
vt 0.827350 0.461342
vt 0.823420 0.467744
vt 0.886863 0.467832
vt 0.884302 0.468724
vt 0.832299 0.460556
vt 0.252648 0.835993
vt 0.202969 0.827195
vt 0.635223 0.140071
vt 0.639842 0.141135
vt 0.183033 0.832488
vt 0.184054 0.844763
vt 0.118703 0.844537
vt 0.890088 0.486541
vt 0.835890 0.460767
vt 0.872064 0.468306
vt 0.254416 0.841135
vt 0.221577 0.828622
vt 0.649636 0.135744
vt 0.157723 0.827171
vt 0.825985 0.468173
vt 0.861632 0.465093
vt 0.250466 0.826827
vt 0.240628 0.821809
vt 0.659413 0.094931
vt 0.189345 0.828745
vt 0.654182 0.127773
vt 0.647498 0.143193
vt 0.646324 0.147725
vt 0.637365 0.171839
vt 0.841797 0.462836
vt 0.848522 0.462322
vt 0.853152 0.463612
vt 0.265972 0.834711
vt 0.264080 0.841028
vt 0.262464 0.832611
vt 0.654699 0.077636
vt 0.660412 0.104808
vt 0.180147 0.816505
vt 0.146955 0.826411
vt 0.828875 0.470433
vt 0.801670 0.492395
vt 0.829874 0.467205
vt 0.864623 0.474700
vt 0.267950 0.830766
vt 0.263070 0.829277
vt 0.268875 0.839019
vt 0.258503 0.840245
vt 0.257468 0.832151
vt 0.210236 0.818527
vt 0.170327 0.820236
vt 0.641068 0.192911
vt 0.834986 0.467003
vt 0.864825 0.479149
vt 0.850594 0.468145
vt 0.196740 0.818486
vt 0.182535 0.816400
vt 0.887859 0.498582
vt 0.840917 0.469397
vt 0.844458 0.471029
vt 0.271896 0.830212
vt 0.257092 0.826078
vt 0.663877 0.066354
vt 0.667830 0.070758
vt 0.661111 0.069859
vt 0.670286 0.067687
vt 0.226146 0.818688
vt 0.675990 0.080676
vt 0.661912 0.129345
vt 0.838322 0.472408
vt 0.857269 0.474251
vt 0.274351 0.837772
vt 0.249162 0.816521
vt 0.669699 0.078477
vt 0.659042 0.075072
vt 0.155323 0.818730
vt 0.655082 0.148133
vt 0.117952 0.810493
vt 0.828159 0.480318
vt 0.267978 0.824680
vt 0.254679 0.818226
vt 0.655663 0.144533
vt 0.648956 0.164431
vt 0.862973 0.477656
vt 0.272875 0.823872
vt 0.266972 0.819304
vt 0.261677 0.817380
vt 0.666375 0.114871
vt 0.916874 0.642769
vt 0.920266 0.644721
vt 0.917340 0.656462
vt 0.907126 0.645533
vt 0.911762 0.656491
vt 0.285938 0.833101
vt 0.270671 0.819019
vt 0.664347 0.062697
vt 0.673358 0.061711
vt 0.672035 0.070772
vt 0.181516 0.814156
vt 0.278062 0.823215
vt 0.677804 0.065084
vt 0.676625 0.068201
vt 0.671909 0.074832
vt 0.241718 0.807258
vt 0.200974 0.812757
vt 0.184306 0.810056
vt 0.662550 0.149631
vt 0.842060 0.476975
vt 0.849271 0.474598
vt 0.856074 0.476789
vt 0.277083 0.816106
vt 0.268426 0.808626
vt 0.253313 0.809853
vt 0.247313 0.810073
vt 0.180788 0.807597
vt 0.176253 0.803101
vt 0.287229 0.816402
vt 0.914429 0.666358
vt 0.908225 0.666443
vt 0.260826 0.813205
vt 0.676341 0.052342
vt 0.680577 0.056536
vt 0.678270 0.071212
vt 0.678070 0.075875
vt 0.653386 0.191224
vt 0.619026 0.218215
vt 0.858428 0.506489
vt 0.858011 0.489429
vt 0.852794 0.479836
vt 0.917501 0.669881
vt 0.918915 0.662823
vt 0.924337 0.652410
vt 0.276821 0.807959
vt 0.910640 0.672544
vt 0.680294 0.045160
vt 0.680648 0.050689
vt 0.672534 0.121121
vt 0.671573 0.136266
vt 0.658781 0.169950
vt 0.838868 0.483199
vt 0.682620 0.043280
vt 0.677831 0.040825
vt 0.683055 0.046776
vt 0.681136 0.067292
vt 0.211771 0.807172
vt 0.192828 0.806635
vt 0.666849 0.146707
vt 0.140765 0.804212
vt 0.847661 0.482690
vt 0.915918 0.674107
vt 0.683394 0.037716
vt 0.686146 0.038065
vt 0.158958 0.800150
vt 0.823101 0.494339
vt 0.922315 0.676101
vt 0.929993 0.657886
vt 0.930116 0.654109
vt 0.913831 0.679988
vt 0.918406 0.682041
vt 0.908665 0.684402
vt 0.255365 0.803567
vt 0.686370 0.043542
vt 0.249642 0.799405
vt 0.685077 0.048238
vt 0.682974 0.052634
vt 0.666482 0.151211
vt 0.130419 0.797130
vt 0.663016 0.204870
vt 0.654707 0.216100
vt 0.842522 0.484740
vt 0.929778 0.665650
vt 0.287186 0.808195
vt 0.278711 0.805840
vt 0.269659 0.803114
vt 0.683752 0.055442
vt 0.684903 0.060316
vt 0.850850 0.500874
vt 0.843894 0.487667
vt 0.918748 0.686642
vt 0.914057 0.691311
vt 0.913501 0.694262
vt 0.907126 0.695335
vt 0.688987 0.036098
vt 0.687506 0.052475
vt 0.683589 0.070482
vt 0.687526 0.066809
vt 0.684339 0.073323
vt 0.688773 0.080452
vt 0.179892 0.799546
vt 0.676454 0.143587
vt 0.914660 0.692898
vt 0.198660 0.794397
vt 0.682696 0.121961
vt 0.679807 0.132546
vt 0.673363 0.155823
vt 0.670215 0.179045
vt 0.834712 0.494840
vt 0.924045 0.681771
vt 0.921517 0.689006
vt 0.688541 0.044680
vt 0.251792 0.792537
vt 0.688102 0.107603
vt 0.177784 0.795209
vt 0.938876 0.649654
vt 0.279980 0.799838
vt 0.935938 0.665541
vt 0.909312 0.699128
vt 0.688228 0.057513
vt 0.177411 0.790785
vt 0.678238 0.153349
vt 0.679292 0.162924
vt 0.675717 0.194896
vt 0.915618 0.696851
vt 0.690398 0.034686
vt 0.690129 0.071477
vt 0.335379 0.135691
vt 0.339348 0.135614
vt 0.337910 0.138943
vt 0.213380 0.793502
vt 0.186662 0.791424
vt 0.168307 0.787251
vt 0.155698 0.791685
vt 0.696964 0.184973
vt 0.696351 0.214271
vt 0.684409 0.217292
vt 0.676192 0.227271
vt 0.688122 0.192448
vt 0.930543 0.675874
vt 0.684359 0.157884
vt 0.671825 0.226981
vt 0.927314 0.684381
vt 0.946916 0.654180
vt 0.693851 0.028094
vt 0.693664 0.040939
vt 0.696332 0.032739
vt 0.263670 0.792811
vt 0.691443 0.046585
vt 0.692930 0.059486
vt 0.695708 0.068604
vt 0.179968 0.764026
vt 0.192365 0.758776
vt 0.183468 0.774271
vt 0.176166 0.780341
vt 0.186047 0.782692
vt 0.275486 0.794170
vt 0.930588 0.686501
vt 0.939119 0.669199
vt 0.270954 0.794839
vt 0.696964 0.042075
vt 0.256883 0.790206
vt 0.340747 0.127339
vt 0.689586 0.171392
vt 0.682060 0.180317
vt 0.280157 0.794722
vt 0.695681 0.045732
vt 0.203029 0.752979
vt 0.219078 0.751151
vt 0.210597 0.787306
vt 0.685368 0.161436
vt 0.172523 0.779070
vt 0.936138 0.681880
vt 0.944119 0.670337
vt 0.940795 0.672308
vt 0.952373 0.673340
vt 0.346178 0.137649
vt 0.354137 0.139161
vt 0.207085 0.764352
vt 0.277900 0.513236
vt 0.287876 0.519715
vt 0.281002 0.518422
vt 0.275149 0.516182
vt 0.372291 0.160172
vt 0.367459 0.154971
vt 0.369808 0.149317
vt 0.346493 0.126542
vt 0.246509 0.779055
vt 0.340416 0.158366
vt 0.245088 0.765898
vt 0.221274 0.761673
vt 0.195230 0.778018
vt 0.288302 0.792367
vt 0.281301 0.791824
vt 0.290041 0.790210
vt 0.273522 0.519082
vt 0.271516 0.517194
vt 0.276825 0.791356
vt 0.267837 0.789034
vt 0.274646 0.503828
vt 0.279197 0.506326
vt 0.366784 0.148795
vt 0.350665 0.134645
vt 0.215449 0.778867
vt 0.268634 0.525439
vt 0.272100 0.507667
vt 0.225342 0.770437
vt 0.226756 0.776757
vt 0.219355 0.773028
vt 0.273605 0.534108
vt 0.269560 0.537075
vt 0.370618 0.073936
vt 0.364970 0.081446
vt 0.363838 0.078005
vt 0.370556 0.082853
vt 0.267758 0.507357
vt 0.343458 0.118702
vt 0.360260 0.146820
vt 0.359807 0.140332
vt 0.247071 0.773039
vt 0.224193 0.772629
vt 0.278828 0.550185
vt 0.272847 0.549298
vt 0.276567 0.538776
vt 0.269689 0.498271
vt 0.263773 0.786089
vt 0.366495 0.142047
vt 0.363994 0.142366
vt 0.360083 0.130369
vt 0.278003 0.556662
vt 0.262299 0.499788
vt 0.261540 0.496013
vt 0.351730 0.116525
vt 0.358305 0.125707
vt 0.355764 0.082497
vt 0.269577 0.543895
vt 0.341560 0.085022
vt 0.257064 0.495411
vt 0.343534 0.110521
vt 0.347473 0.110043
vt 0.364566 0.134424
vt 0.371338 0.091450
vt 0.264657 0.531929
vt 0.263442 0.542122
vt 0.272339 0.556383
vt 0.362425 0.085967
vt 0.368146 0.094470
vt 0.353260 0.085102
vt 0.270607 0.561757
vt 0.362392 0.120977
vt 0.342018 0.088803
vt 0.256347 0.492304
vt 0.266970 0.554117
vt 0.339767 0.102444
vt 0.342660 0.102360
vt 0.363851 0.126886
vt 0.362687 0.092511
vt 0.372291 0.098379
vt 0.357548 0.089486
vt 0.262955 0.551313
vt 0.344592 0.098664
vt 0.349229 0.105928
vt 0.356139 0.108956
vt 0.261269 0.546542
vt 0.260780 0.557200
vt 0.261911 0.560276
vt 0.362181 0.115697
vt 0.370725 0.101296
vt 0.348840 0.091280
vt 0.349202 0.100493
vt 0.258518 0.562766
vt 0.353262 0.088095
vt 0.352250 0.090699
vt 0.366164 0.102086
vt 0.360967 0.104040
vt 0.256347 0.549617
vt 0.354585 0.102471
vt 0.358104 0.094858
vt 0.365049 0.113981
vt 0.353431 0.091487
vt 0.355131 0.096493
vt 0.352476 0.096206
s 1
usemtl Material_0
f 6347/5844/5685 6349/5845/5686 6346/5846/5687
f 6349/5845/5686 6352/5847/5688 6351/5848/5689
f 6346/5846/5687 6349/5845/5686 6351/5848/5689
f 6354/5849/5690 6352/5847/5688 6349/5845/5686
f 6345/5850/5691 6355/5851/5692 6353/5852/5693
f 6347/5844/5685 6350/5853/5694 6349/5845/5686
f 6352/5847/5688 6348/5854/5695 6351/5848/5689
f 6352/5847/5688 6355/5851/5692 6348/5854/5695
f 6348/5854/5695 6355/5851/5692 6345/5850/5691
f 6349/5845/5686 6356/5855/5696 6354/5849/5690
f 6349/5845/5686 6350/5853/5694 6356/5855/5696
f 6354/5849/5690 5955/5856/5697 6352/5847/5688
f 5955/5856/5697 6357/5857/5698 6352/5847/5688
f 6357/5857/5698 6000/5858/5699 6352/5847/5688
f 6000/5858/5699 5998/5859/5700 6352/5847/5688
f 6355/5851/5692 6352/5847/5688 5995/5860/5701
f 6356/5855/5696 6358/5861/5702 6354/5849/5690
f 5998/5859/5700 5995/5860/5701 6352/5847/5688
f 6354/5849/5690 6358/5861/5702 5955/5856/5697
f 6356/5855/5696 6359/5862/5703 6360/5863/5704
f 6356/5855/5696 6360/5863/5704 6358/5861/5702
f 6002/5864/5705 6000/5858/5699 6357/5857/5698
f 6358/5861/5702 5970/5865/5706 5955/5856/5697
f 5970/5865/5706 6358/5861/5702 6360/5863/5704
f 5955/5856/5697 5960/5866/5707 6357/5857/5698
f 5963/5867/5708 5994/5868/5709 5996/5869/5710
f 5994/5868/5709 5963/5867/5708 5992/5870/5711
f 5975/5871/5712 6360/5863/5704 6359/5862/5703
f 5970/5865/5706 6360/5863/5704 5972/5872/5713
f 5956/5873/5714 5959/5874/5715 5961/5875/5716
f 5960/5866/5707 6002/5864/5705 6357/5857/5698
f 5955/5856/5697 5970/5865/5706 5957/5876/5717
f 5997/5877/5718 5996/5869/5710 5999/5878/5719
f 6360/5863/5704 5975/5871/5712 5972/5872/5713
f 5963/5867/5708 5964/5879/5720 5965/5880/5721
f 5996/5869/5710 5964/5879/5720 5963/5867/5708
f 6001/5881/5722 6003/5882/5723 5999/5878/5719
f 5965/5880/5721 5964/5879/5720 5966/5883/5724
f 5996/5869/5710 5988/5884/5725 5964/5879/5720
f 5975/5871/5712 6359/5862/5703 5982/5885/5726
f 5971/5886/5727 5973/5887/5728 5974/5888/5729
f 5959/5874/5715 5858/5889/5730 5961/5875/5716
f 6003/5882/5723 6004/5890/5731 5999/5878/5719
f 5997/5877/5718 5988/5884/5725 5996/5869/5710
f 5973/5887/5728 5976/5891/5732 5977/5892/5733
f 6359/5862/5703 5967/5893/5734 5982/5885/5726
f 5971/5886/5727 5974/5888/5729 5958/5894/5735
f 6003/5882/5723 5961/5875/5716 5858/5889/5730
f 5966/5883/5724 5981/5895/5736 5980/5896/5737
f 5863/5897/5738 6003/5882/5723 5858/5889/5730
f 5981/5895/5736 5966/5883/5724 5964/5879/5720
f 5983/5898/5739 5977/5892/5733 5976/5891/5732
f 5981/5895/5736 5964/5879/5720 5984/5899/5740
f 6004/5890/5731 5997/5877/5718 5999/5878/5719
f 5863/5897/5738 6004/5890/5731 6003/5882/5723
f 5973/5887/5728 5986/5900/5741 5974/5888/5729
f 5983/5898/5739 5987/5901/5742 5977/5892/5733
f 5983/5898/5739 5968/5902/5743 5987/5901/5742
f 5973/5887/5728 5977/5892/5733 5986/5900/5741
f 5959/5874/5715 5856/5903/5744 5858/5889/5730
f 5964/5879/5720 5988/5884/5725 5984/5899/5740
f 6004/5890/5731 5868/5904/5745 5997/5877/5718
f 5968/5902/5743 5870/5905/5746 5987/5901/5742
f 5958/5894/5735 5974/5888/5729 5855/5906/5747
f 5969/5907/5748 5978/5908/5749 5871/5909/5750
f 5856/5903/5744 5857/5910/5751 5858/5889/5730
f 5977/5892/5733 5987/5901/5742 5986/5900/5741
f 5866/5911/5752 6004/5890/5731 5863/5897/5738
f 5868/5904/5745 6004/5890/5731 5866/5911/5752
f 5869/5912/5753 5988/5884/5725 5997/5877/5718
f 5860/5913/5754 5987/5901/5742 5870/5905/5746
f 5986/5900/5741 5859/5914/5755 5974/5888/5729
f 5858/5889/5730 5857/5910/5751 5863/5897/5738
f 5859/5914/5755 5855/5906/5747 5974/5888/5729
f 5978/5908/5749 5981/5895/5736 5872/5915/5756
f 5981/5895/5736 5984/5899/5740 5872/5915/5756
f 5984/5899/5740 5988/5884/5725 5872/5915/5756
f 5987/5901/5742 5860/5913/5754 5986/5900/5741
f 5868/5904/5745 5869/5912/5753 5997/5877/5718
f 5871/5909/5750 5978/5908/5749 5874/5916/5757
f 5860/5913/5754 5859/5914/5755 5986/5900/5741
f 5859/5914/5755 5860/5913/5754 5861/5917/5758
f 5857/5910/5751 5862/5918/5759 5863/5897/5738
f 5988/5884/5725 5877/5919/5760 5872/5915/5756
f 5988/5884/5725 5869/5912/5753 5877/5919/5760
f 5855/5906/5747 5859/5914/5755 5864/5920/5761
f 5863/5897/5738 5862/5918/5759 5866/5911/5752
f 5874/5916/5757 5978/5908/5749 5872/5915/5756
f 5867/5921/5762 5868/5904/5745 5866/5911/5752
f 5867/5921/5762 5869/5912/5753 5868/5904/5745
f 5861/5917/5758 5860/5913/5754 5870/5905/5746
f 5861/5917/5758 5864/5920/5761 5859/5914/5755
f 5872/5915/5756 5873/5922/5763 5874/5916/5757
f 5856/5903/5744 5865/5923/5764 5857/5910/5751
f 5865/5923/5764 5875/5924/5765 5857/5910/5751
f 5867/5921/5762 5876/5925/5766 5869/5912/5753
f 5869/5912/5753 5876/5925/5766 5877/5919/5760
f 5861/5917/5758 5878/5926/5767 5864/5920/5761
f 5861/5917/5758 5870/5905/5746 5878/5926/5767
f 5874/5916/5757 5880/5927/5768 5871/5909/5750
f 5864/5920/5761 5878/5926/5767 5881/5928/5769
f 5865/5923/5764 5883/5929/5770 5875/5924/5765
f 5875/5924/5765 5884/5930/5771 5857/5910/5751
f 5857/5910/5751 5885/5931/5772 5862/5918/5759
f 5862/5918/5759 5885/5931/5772 5866/5911/5752
f 5874/5916/5757 5873/5922/5763 5886/5932/5773
f 5872/5915/5756 5877/5919/5760 5873/5922/5763
f 5877/5919/5760 5887/5933/5774 5873/5922/5763
f 5876/5925/5766 5887/5933/5774 5877/5919/5760
f 6005/5934/5775 6007/5935/5776 6008/5936/5777
f 6008/5936/5777 6007/5935/5776 6009/5937/5778
f 6005/5934/5775 6010/5938/5779 6007/5935/5776
f 6007/5935/5776 5892/5939/5780 6009/5937/5778
f 6007/5935/5776 6010/5938/5779 5888/5940/5781
f 6007/5935/5776 5888/5940/5781 5892/5939/5780
f 5871/5909/5750 5880/5927/5768 5879/5941/5782
f 5857/5910/5751 5884/5930/5771 5885/5931/5772
f 5867/5921/5762 5866/5911/5752 5876/5925/5766
f 6012/5942/5783 6016/5943/5784 6013/5944/5785
f 6012/5942/5783 6013/5944/5785 6015/5945/5786
f 6017/5946/5787 6018/5947/5788 6014/5948/5789
f 6008/5936/5777 6019/5949/5790 6020/5950/5791
f 6008/5936/5777 6009/5937/5778 6019/5949/5790
f 6011/5951/5792 6021/5952/5793 5889/5953/5794
f 5890/5954/5795 5891/5955/5796 5893/5956/5797
f 5879/5941/5782 5894/5957/5798 5882/5958/5799
f 5875/5924/5765 5883/5929/5770 5895/5959/5800
f 5880/5927/5768 5874/5916/5757 5896/5960/5801
f 5875/5924/5765 5895/5959/5800 5884/5930/5771
f 5874/5916/5757 5886/5932/5773 5896/5960/5801
f 5884/5930/5771 5897/5961/5802 5885/5931/5772
f 5885/5931/5772 5898/5962/5803 5866/5911/5752
f 6093/5963/5804 6016/5943/5784 6012/5942/5783
f 6012/5942/5783 6026/5964/5805 6093/5963/5804
f 6015/5945/5786 6026/5964/5805 6012/5942/5783
f 6035/5965/5806 6018/5947/5788 6017/5946/5787
f 6015/5945/5786 6013/5944/5785 6022/5966/5807
f 6023/5967/5808 6024/5968/5809 6008/5936/5777
f 6005/5934/5775 6008/5936/5777 6024/5968/5809
f 6011/5951/5792 6006/5969/5810 6025/5970/5811
f 6009/5937/5778 5892/5939/5780 6019/5949/5790
f 5889/5953/5794 6021/5952/5793 5908/5971/5812
f 5891/5955/5796 5901/5972/5813 5893/5956/5797
f 5890/5954/5795 5902/5973/5814 5891/5955/5796
f 5879/5941/5782 5903/5974/5815 5894/5957/5798
f 5882/5958/5799 5894/5957/5798 5904/5975/5816
f 5879/5941/5782 5880/5927/5768 5903/5974/5815
f 5905/5976/5817 5906/5977/5818 5883/5929/5770
f 5880/5927/5768 5907/5978/5819 5903/5974/5815
f 5880/5927/5768 5896/5960/5801 5907/5978/5819
f 5883/5929/5770 5906/5977/5818 5895/5959/5800
f 5895/5959/5800 5897/5961/5802 5884/5930/5771
f 5876/5925/5766 5866/5911/5752 5898/5962/5803
f 6016/5943/5784 6093/5963/5804 6094/5979/5820
f 6026/5964/5805 6015/5945/5786 6027/5980/5821
f 6013/5944/5785 6024/5968/5809 6022/5966/5807
f 6018/5947/5788 6029/5981/5822 6014/5948/5789
f 6018/5947/5788 6030/5982/5823 6029/5981/5822
f 6023/5967/5808 6008/5936/5777 6031/5983/5824
f 6024/5968/5809 6028/5984/5825 6005/5934/5775
f 6006/5969/5810 6029/5981/5822 6025/5970/5811
f 6021/5952/5793 6011/5951/5792 6025/5970/5811
f 5892/5939/5780 5899/5985/5826 6019/5949/5790
f 5890/5954/5795 5909/5986/5812 5902/5973/5814
f 5902/5973/5814 5906/5977/5818 5891/5955/5796
f 5895/5959/5800 5906/5977/5818 5902/5973/5814
f 5907/5978/5819 5896/5960/5801 5910/5987/5827
f 5910/5987/5827 5896/5960/5801 5886/5932/5773
f 5911/5988/5828 5885/5931/5772 5897/5961/5802
f 6095/5989/5829 6016/5943/5784 6094/5979/5820
f 6026/5964/5805 6027/5980/5821 6097/5990/5830
f 6032/5991/5831 6030/5982/5823 6018/5947/5788
f 6024/5968/5809 6023/5967/5808 6022/5966/5807
f 6028/5984/5825 6024/5968/5809 6013/5944/5785
f 6008/5936/5777 6020/5950/5791 6031/5983/5824
f 6019/5949/5790 6033/5992/5832 6020/5950/5791
f 5891/5955/5796 5905/5976/5817 5901/5972/5813
f 5900/5993/5833 5904/5975/5816 5894/5957/5798
f 5891/5955/5796 5906/5977/5818 5905/5976/5817
f 5902/5973/5814 5897/5961/5802 5895/5959/5800
f 5902/5973/5814 5911/5988/5828 5897/5961/5802
f 5885/5931/5772 5911/5988/5828 5912/5994/5834
f 5885/5931/5772 5912/5994/5834 5898/5962/5803
f 5898/5962/5803 5912/5994/5834 5876/5925/5766
f 6094/5979/5820 6093/5963/5804 6098/5995/5835
f 6026/5964/5805 6098/5995/5835 6093/5963/5804
f 6026/5964/5805 6099/5996/5836 6098/5995/5835
f 6026/5964/5805 6097/5990/5830 6099/5996/5836
f 6017/5946/5787 6100/5997/5837 6035/5965/5806
f 6015/5945/5786 6034/5998/5838 6027/5980/5821
f 6015/5945/5786 6022/5966/5807 6034/5998/5838
f 6035/5965/5806 6036/5999/5839 6018/5947/5788
f 6032/5991/5831 6037/6000/5840 6030/5982/5823
f 6029/5981/5822 6030/5982/5823 6025/5970/5811
f 6025/5970/5811 6038/6001/5841 6021/5952/5793
f 6021/5952/5793 6039/6002/5842 5908/5971/5812
f 5886/5932/5773 5913/6003/5843 5910/5987/5827
f 5886/5932/5773 5873/5922/5763 5913/6003/5843
f 5873/5922/5763 5914/6004/5844 5913/6003/5843
f 5873/5922/5763 5887/5933/5774 5915/6005/5845
f 6101/6006/5846 6102/6007/5847 6104/6008/5848
f 6100/5997/5837 6017/5946/5787 6096/6009/5849
f 6100/5997/5837 6105/6010/5850 6035/5965/5806
f 6105/6010/5850 6036/5999/5839 6035/5965/5806
f 6036/5999/5839 6032/5991/5831 6018/5947/5788
f 6031/5983/5824 6022/5966/5807 6023/5967/5808
f 6031/5983/5824 6020/5950/5791 6040/6011/5851
f 6019/5949/5790 5917/6012/5852 6033/5992/5832
f 6019/5949/5790 5899/5985/5826 5917/6012/5852
f 5900/5993/5833 5916/6013/5853 5918/6014/5854
f 5894/5957/5798 5903/5974/5815 5919/6015/5855
f 5911/5988/5828 5920/6016/5856 5912/5994/5834
f 5873/5922/5763 5915/6005/5845 5914/6004/5844
f 6106/6017/5857 6101/6006/5846 6107/6018/5858
f 6102/6007/5847 6101/6006/5846 6108/6019/5859
f 6101/6006/5846 6104/6008/5848 6107/6018/5858
f 6102/6007/5847 6110/6020/5860 6104/6008/5848
f 6104/6008/5848 6110/6020/5860 6112/6021/5861
f 6094/5979/5820 6112/6021/5861 6095/5989/5829
f 6094/5979/5820 6098/5995/5835 6112/6021/5861
f 6097/5990/5830 6027/5980/5821 6042/6022/5862
f 6022/5966/5807 6031/5983/5824 6034/5998/5838
f 6040/6011/5851 6020/5950/5791 6041/6023/5863
f 6030/5982/5823 6037/6000/5840 6025/5970/5811
f 6025/5970/5811 6037/6000/5840 6038/6001/5841
f 6038/6001/5841 6039/6002/5842 6021/5952/5793
f 5908/5971/5812 6039/6002/5842 5925/6024/5864
f 5894/5957/5798 5916/6013/5853 5900/5993/5833
f 5894/5957/5798 5919/6015/5855 5916/6013/5853
f 5903/5974/5815 5907/5978/5819 5919/6015/5855
f 5907/5978/5819 5921/6025/5865 5919/6015/5855
f 5909/5986/5812 5923/6026/5866 5902/5973/5814
f 5914/6004/5844 5915/6005/5845 5924/6027/5867
f 5876/5925/5766 5912/5994/5834 5887/5933/5774
f 5887/5933/5774 5912/5994/5834 5915/6005/5845
f 6101/6006/5846 6106/6017/5857 6108/6019/5859
f 6104/6008/5848 6112/6021/5861 6107/6018/5858
f 6095/5989/5829 6112/6021/5861 6110/6020/5860
f 6042/6022/5862 6027/5980/5821 6043/6028/5868
f 6027/5980/5821 6034/5998/5838 6043/6028/5868
f 6034/5998/5838 6044/6029/5869 6043/6028/5868
f 6034/5998/5838 6031/5983/5824 6044/6029/5869
f 6020/5950/5791 6033/5992/5832 6041/6023/5863
f 5909/5986/5812 5926/6030/5870 5923/6026/5866
f 5907/5978/5819 5910/5987/5827 5921/6025/5865
f 5910/5987/5827 5913/6003/5843 5921/6025/5865
f 5921/6025/5865 5913/6003/5843 5927/6031/5871
f 5913/6003/5843 5928/6032/5872 5927/6031/5871
f 5913/6003/5843 5914/6004/5844 5928/6032/5872
f 5902/5973/5814 5923/6026/5866 5911/5988/5828
f 5911/5988/5828 5923/6026/5866 5920/6016/5856
f 5915/6005/5845 5912/5994/5834 5924/6027/5867
f 6106/6017/5857 6113/6033/5873 6108/6019/5859
f 6112/6021/5861 6116/6034/5874 6107/6018/5858
f 6109/6035/5875 6117/6036/5876 6103/6037/5877
f 6279/6038/5878 6117/6036/5876 6109/6035/5875
f 6112/6021/5861 6098/5995/5835 6116/6034/5874
f 6099/5996/5836 6097/5990/5830 6118/6039/5879
f 6119/6040/5880 6105/6010/5850 6100/5997/5837
f 6031/5983/5824 6040/6011/5851 6044/6029/5869
f 6036/5999/5839 6045/6041/5881 6032/5991/5831
f 5921/6025/5865 5929/6042/5882 5919/6015/5855
f 5919/6015/5855 5929/6042/5882 5916/6013/5853
f 5914/6004/5844 5924/6027/5867 5928/6032/5872
f 5912/5994/5834 5930/6043/5883 5924/6027/5867
f 6113/6033/5873 6278/6044/5884 6108/6019/5859
f 6098/5995/5835 6099/5996/5836 6120/6045/5885
f 6103/6037/5877 6117/6036/5876 6121/6046/5886
f 6103/6037/5877 6121/6046/5886 6111/6047/5887
f 6111/6047/5887 6121/6046/5886 6096/6009/5849
f 6121/6046/5886 6100/5997/5837 6096/6009/5849
f 6042/6022/5862 6118/6039/5879 6097/5990/5830
f 6105/6010/5850 6045/6041/5881 6036/5999/5839
f 6041/6023/5863 6033/5992/5832 6046/6048/5888
f 6039/6002/5842 6038/6001/5841 6047/6049/5889
f 6033/5992/5832 5917/6012/5852 6046/6048/5888
f 5917/6012/5852 5931/6050/5890 6046/6048/5888
f 5918/6014/5854 5916/6013/5853 5932/6051/5891
f 6113/6033/5873 6106/6017/5857 6122/6052/5892
f 6122/6052/5892 6106/6017/5857 6107/6018/5858
f 6123/6053/5893 6116/6034/5874 6098/5995/5835
f 6123/6053/5893 6098/5995/5835 6120/6045/5885
f 6048/6054/5894 6037/6000/5840 6032/5991/5831
f 6048/6054/5894 6038/6001/5841 6037/6000/5840
f 6048/6054/5894 6047/6049/5889 6038/6001/5841
f 6049/6055/5895 5925/6024/5864 6039/6002/5842
f 5929/6042/5882 5921/6025/5865 5927/6031/5871
f 5923/6026/5866 5933/6056/5896 5920/6016/5856
f 5933/6056/5896 5912/5994/5834 5920/6016/5856
f 6113/6033/5873 6122/6052/5892 6124/6057/5897
f 6124/6057/5897 6122/6052/5892 6126/6058/5898
f 6107/6018/5858 6127/6059/5899 6122/6052/5892
f 6107/6018/5858 6116/6034/5874 6127/6059/5899
f 6116/6034/5874 6123/6053/5893 6127/6059/5899
f 6121/6046/5886 6119/6040/5880 6100/5997/5837
f 6128/6060/5900 6045/6041/5881 6105/6010/5850
f 6045/6041/5881 6048/6054/5894 6032/5991/5831
f 6049/6055/5895 6039/6002/5842 6047/6049/5889
f 5932/6051/5891 5916/6013/5853 5929/6042/5882
f 5933/6056/5896 5930/6043/5883 5912/5994/5834
f 6125/6061/5901 6281/6062/5902 6283/6063/5903
f 6115/6064/5904 6283/6063/5903 6285/6065/5905
f 6124/6057/5897 6282/6066/5906 6113/6033/5873
f 6126/6058/5898 6129/6067/5907 6124/6057/5897
f 6127/6059/5899 6126/6058/5898 6122/6052/5892
f 6114/6068/5873 6284/6069/5908 6279/6038/5878
f 6279/6038/5878 6286/6070/5909 6117/6036/5876
f 6105/6010/5850 6119/6040/5880 6128/6060/5900
f 6040/6011/5851 6050/6071/5910 6044/6029/5869
f 5927/6031/5871 5928/6032/5872 5929/6042/5882
f 6129/6067/5907 6280/6072/5911 6124/6057/5897
f 6284/6069/5908 6287/6073/5912 6279/6038/5878
f 6279/6038/5878 6288/6074/5913 6286/6070/5909
f 6286/6070/5909 6289/6075/5914 6117/6036/5876
f 6117/6036/5876 6289/6075/5914 6121/6046/5886
f 6118/6039/5879 6130/6076/5915 6099/5996/5836
f 6042/6022/5862 6043/6028/5868 6051/6077/5916
f 6044/6029/5869 6050/6071/5910 6052/6078/5917
f 6047/6049/5889 6053/6079/5918 6049/6055/5895
f 5932/6051/5891 5929/6042/5882 5934/6080/5919
f 5924/6027/5867 5935/6081/5920 5928/6032/5872
f 5933/6056/5896 5936/6082/5921 5930/6043/5883
f 5930/6043/5883 5936/6082/5921 5924/6027/5867
f 6280/6072/5911 6129/6067/5907 6134/6083/5922
f 6129/6067/5907 6126/6058/5898 6131/6084/5923
f 6127/6059/5899 6123/6053/5893 6132/6085/5924
f 6279/6038/5878 6287/6073/5912 6288/6074/5913
f 6120/6045/5885 6099/5996/5836 6133/6086/5925
f 6043/6028/5868 6044/6029/5869 6052/6078/5917
f 6050/6071/5910 6040/6011/5851 6054/6087/5926
f 6041/6023/5863 6055/6088/5927 6040/6011/5851
f 6041/6023/5863 6046/6048/5888 6055/6088/5927
f 6048/6054/5894 6053/6079/5918 6047/6049/5889
f 5929/6042/5882 5928/6032/5872 5934/6080/5919
f 5923/6026/5866 5936/6082/5921 5933/6056/5896
f 5936/6082/5921 5935/6081/5920 5924/6027/5867
f 6280/6072/5911 6134/6083/5922 6290/6089/5928
f 6134/6083/5922 6129/6067/5907 6131/6084/5923
f 6283/6063/5903 6292/6090/5929 6285/6065/5905
f 6285/6065/5905 6292/6090/5929 6294/6091/5930
f 6127/6059/5899 6132/6085/5924 6135/6092/5931
f 6120/6045/5885 6132/6085/5924 6123/6053/5893
f 6293/6093/5932 6295/6094/5933 6284/6069/5908
f 6284/6069/5908 6295/6094/5933 6287/6073/5912
f 6288/6074/5913 6296/6095/5934 6286/6070/5909
f 6286/6070/5909 6296/6095/5934 6289/6075/5914
f 6121/6046/5886 6289/6075/5914 6297/6096/5935
f 6297/6096/5935 6119/6040/5880 6121/6046/5886
f 6118/6039/5879 6042/6022/5862 6130/6076/5915
f 6043/6028/5868 6052/6078/5917 6051/6077/5916
f 6040/6011/5851 6055/6088/5927 6054/6087/5926
f 6049/6055/5895 5937/6097/5936 5925/6024/5864
f 5925/6024/5864 5937/6097/5936 5922/6098/5937
f 5923/6026/5866 5938/6099/5938 5940/6100/5939
f 5941/6101/5940 5936/6082/5921 5923/6026/5866
f 6298/6102/5941 6292/6090/5929 6299/6103/5942
f 6283/6063/5903 6299/6103/5942 6292/6090/5929
f 6281/6062/5902 6291/6104/5943 6283/6063/5903
f 6131/6084/5923 6169/6105/5944 6134/6083/5922
f 6298/6102/5941 6301/6106/5945 6292/6090/5929
f 6292/6090/5929 6301/6106/5945 6294/6091/5930
f 6126/6058/5898 6127/6059/5899 6131/6084/5923
f 6127/6059/5899 6135/6092/5931 6131/6084/5923
f 6300/6107/5946 6302/6108/5947 6293/6093/5932
f 6120/6045/5885 6133/6086/5925 6132/6085/5924
f 6099/5996/5836 6130/6076/5915 6133/6086/5925
f 6296/6095/5934 6297/6096/5935 6289/6075/5914
f 6119/6040/5880 6136/6109/5948 6128/6060/5900
f 6128/6060/5900 6136/6109/5948 6045/6041/5881
f 6050/6071/5910 6054/6087/5926 6052/6078/5917
f 6045/6041/5881 6056/6110/5949 6048/6054/5894
f 6049/6055/5895 6053/6079/5918 6057/6111/5950
f 6049/6055/5895 6057/6111/5950 5937/6097/5936
f 5932/6051/5891 5934/6080/5919 5942/6112/5951
f 5934/6080/5919 5935/6081/5920 5941/6101/5940
f 5928/6032/5872 5935/6081/5920 5934/6080/5919
f 5936/6082/5921 5941/6101/5940 5935/6081/5920
f 6303/6113/5952 6300/6107/5946 6304/6114/5953
f 6303/6113/5952 6306/6115/5954 6300/6107/5946
f 6300/6107/5946 6306/6115/5954 6302/6108/5947
f 6293/6093/5932 6302/6108/5947 6295/6094/5933
f 6287/6073/5912 6307/6116/5955 6296/6095/5934
f 6287/6073/5912 6296/6095/5934 6288/6074/5913
f 6042/6022/5862 6058/6117/5956 6130/6076/5915
f 6042/6022/5862 6051/6077/5916 6058/6117/5956
f 6052/6078/5917 6059/6118/5957 6051/6077/5916
f 6045/6041/5881 6136/6109/5948 6056/6110/5949
f 6056/6110/5949 6060/6119/5958 6048/6054/5894
f 6048/6054/5894 6060/6119/5958 6053/6079/5918
f 5931/6050/5890 6061/6120/5959 6046/6048/5888
f 5940/6100/5939 5943/6121/5960 5923/6026/5866
f 5923/6026/5866 5943/6121/5960 5941/6101/5940
f 6134/6083/5922 6169/6105/5944 6290/6089/5928
f 6298/6102/5941 6305/6122/5961 6301/6106/5945
f 6308/6123/5962 6310/6124/5963 6303/6113/5952
f 6304/6114/5953 6308/6123/5962 6303/6113/5952
f 6303/6113/5952 6310/6124/5963 6306/6115/5954
f 6055/6088/5927 6046/6048/5888 6062/6125/5964
f 5932/6051/5891 5942/6112/5951 5946/6126/5965
f 5934/6080/5919 5941/6101/5940 5943/6121/5960
f 6299/6103/5942 6312/6127/5966 6298/6102/5941
f 6283/6063/5903 6175/6128/5967 6299/6103/5942
f 6291/6104/5943 6172/6129/5968 6175/6128/5967
f 6283/6063/5903 6291/6104/5943 6175/6128/5967
f 6309/6130/5969 6305/6122/5961 6313/6131/5970
f 6298/6102/5941 6312/6127/5966 6305/6122/5961
f 6313/6131/5970 6311/6132/5971 6309/6130/5969
f 6135/6092/5931 6132/6085/5924 6137/6133/5972
f 6310/6124/5963 6314/6134/5973 6306/6115/5954
f 6132/6085/5924 6133/6086/5925 6138/6135/5974
f 6306/6115/5954 6314/6134/5973 6315/6136/5975
f 6306/6115/5954 6316/6137/5976 6302/6108/5947
f 6316/6137/5976 6295/6094/5933 6302/6108/5947
f 6133/6086/5925 6130/6076/5915 6138/6135/5974
f 6051/6077/5916 6059/6118/5957 6058/6117/5956
f 6046/6048/5888 6061/6120/5959 6062/6125/5964
f 6063/6138/5977 6057/6111/5950 6053/6079/5918
f 5931/6050/5890 5944/6139/5978 6061/6120/5959
f 5937/6097/5936 5949/6140/5979 5939/6141/5980
f 5934/6080/5919 5948/6142/5981 5942/6112/5951
f 5934/6080/5919 5943/6121/5960 5948/6142/5981
f 6299/6103/5942 6317/6143/5982 6312/6127/5966
f 6171/6144/5968 6290/6089/5928 6170/6145/5983
f 6169/6105/5944 6170/6145/5983 6290/6089/5928
f 6169/6105/5944 6131/6084/5923 6139/6146/5984
f 6132/6085/5924 6138/6135/5974 6137/6133/5972
f 6315/6136/5975 6316/6137/5976 6306/6115/5954
f 6295/6094/5933 6316/6137/5976 6318/6147/5985
f 6287/6073/5912 6319/6148/5986 6307/6116/5955
f 6295/6094/5933 6319/6148/5986 6287/6073/5912
f 6060/6119/5958 6063/6138/5977 6053/6079/5918
f 6057/6111/5950 5949/6140/5979 5937/6097/5936
f 5946/6126/5965 5942/6112/5951 5948/6142/5981
f 5950/6149/5987 5943/6121/5960 5940/6100/5939
f 5948/6142/5981 5943/6121/5960 5952/6150/5988
f 6299/6103/5942 6175/6128/5967 6317/6143/5982
f 6305/6122/5961 6312/6127/5966 6313/6131/5970
f 6311/6132/5971 6320/6151/5989 6321/6152/5990
f 6313/6131/5970 6320/6151/5989 6311/6132/5971
f 6321/6152/5990 6322/6153/5991 6311/6132/5971
f 6137/6133/5972 6139/6146/5984 6135/6092/5931
f 6311/6132/5971 6322/6153/5991 6324/6154/5992
f 6310/6124/5963 6323/6155/5993 6314/6134/5973
f 6315/6136/5975 6325/6156/5994 6316/6137/5976
f 6307/6116/5955 6326/6157/5995 6296/6095/5934
f 6319/6148/5986 6190/6158/5996 6307/6116/5955
f 6326/6157/5995 6179/6159/5997 6296/6095/5934
f 6295/6094/5933 6318/6147/5985 6319/6148/5986
f 6296/6095/5934 6179/6159/5997 6297/6096/5935
f 6297/6096/5935 6141/6160/5998 6119/6040/5880
f 6054/6087/5926 6064/6161/5999 6052/6078/5917
f 6056/6110/5949 6066/6162/6000 6060/6119/5958
f 5950/6149/5987 5952/6150/5988 5943/6121/5960
f 6327/6163/6001 6321/6152/5990 6320/6151/5989
f 6169/6105/5944 6139/6146/5984 6170/6145/5983
f 6135/6092/5931 6139/6146/5984 6131/6084/5923
f 6307/6116/5955 6190/6158/5996 6326/6157/5995
f 6179/6159/5997 6141/6160/5998 6297/6096/5935
f 6141/6160/5998 6136/6109/5948 6119/6040/5880
f 6052/6078/5917 6067/6164/6002 6059/6118/5957
f 6052/6078/5917 6064/6161/5999 6067/6164/6002
f 6136/6109/5948 6143/6165/6003 6056/6110/5949
f 6069/6166/6004 6066/6162/6000 6056/6110/5949
f 6064/6161/5999 6054/6087/5926 6055/6088/5927
f 6060/6119/5958 6070/6167/6005 6063/6138/5977
f 6063/6138/5977 6071/6168/6006 6057/6111/5950
f 6061/6120/5959 5944/6139/5978 6062/6125/5964
f 6057/6111/5950 6071/6168/6006 5949/6140/5979
f 5946/6126/5965 5948/6142/5981 5954/6169/6007
f 6313/6131/5970 6312/6127/5966 6328/6170/6008
f 6313/6131/5970 6328/6170/6008 6320/6151/5989
f 6320/6151/5989 6328/6170/6008 6330/6171/6009
f 6323/6155/5993 6331/6172/6010 6314/6134/5973
f 6314/6134/5973 6331/6172/6010 6315/6136/5975
f 6130/6076/5915 6144/6173/6011 6138/6135/5974
f 6148/6174/6012 6143/6165/6003 6136/6109/5948
f 6059/6118/5957 6067/6164/6002 6058/6117/5956
f 6143/6165/6003 6069/6166/6004 6056/6110/5949
f 6064/6161/5999 6055/6088/5927 6072/6175/6013
f 6063/6138/5977 6070/6167/6005 6071/6168/6006
f 6327/6163/6001 6322/6153/5991 6321/6152/5990
f 6172/6129/5968 6174/6176/6014 6175/6128/5967
f 6170/6145/5983 6173/6177/6015 6171/6144/5968
f 6317/6143/5982 6175/6128/5967 6176/6178/6016
f 6322/6153/5991 6333/6179/6017 6324/6154/5992
f 6315/6136/5975 6331/6172/6010 6325/6156/5994
f 6316/6137/5976 6325/6156/5994 6318/6147/5985
f 6318/6147/5985 6325/6156/5994 6334/6180/6018
f 6318/6147/5985 6334/6180/6018 6319/6148/5986
f 6064/6161/5999 6072/6175/6013 6073/6181/6019
f 6066/6162/6000 6074/6182/6020 6060/6119/5958
f 6060/6119/5958 6074/6182/6020 6070/6167/6005
f 6070/6167/6005 6075/6183/6021 6071/6168/6006
f 6071/6168/6006 6076/6184/6022 5949/6140/5979
f 6320/6151/5989 6336/6185/6023 6327/6163/6001
f 6175/6128/5967 6174/6176/6014 6176/6178/6016
f 6170/6145/5983 6139/6146/5984 6173/6177/6015
f 6336/6185/6023 6333/6179/6017 6322/6153/5991
f 6320/6151/5989 6330/6171/6009 6336/6185/6023
f 6323/6155/5993 6332/6186/6024 6331/6172/6010
f 6137/6133/5972 6138/6135/5974 6144/6173/6011
f 6334/6180/6018 6190/6158/5996 6319/6148/5986
f 6178/6187/6025 6179/6159/5997 6326/6157/5995
f 6190/6158/5996 6178/6187/6025 6326/6157/5995
f 6178/6187/6025 6141/6160/5998 6179/6159/5997
f 6177/6188/6026 6180/6189/6027 6140/6190/6028
f 6130/6076/5915 6058/6117/5956 6149/6191/6029
f 6149/6191/6029 6058/6117/5956 6067/6164/6002
f 6067/6164/6002 6064/6161/5999 6077/6192/6030
f 6077/6192/6030 6064/6161/5999 6073/6181/6019
f 6073/6181/6019 6072/6175/6013 6078/6193/6031
f 6072/6175/6013 6055/6088/5927 6078/6193/6031
f 6055/6088/5927 6062/6125/5964 6080/6194/6032
f 6062/6125/5964 5944/6139/5978 6080/6194/6032
f 6081/6195/6033 5945/6196/6034 5953/6197/6035
f 5953/6197/6035 5947/6198/6036 6082/6199/6037
f 6327/6163/6001 6336/6185/6023 6322/6153/5991
f 6328/6170/6008 6312/6127/5966 6337/6200/6038
f 6337/6200/6038 6312/6127/5966 6317/6143/5982
f 6144/6173/6011 6130/6076/5915 6149/6191/6029
f 6084/6201/6039 6074/6182/6020 6066/6162/6000
f 6078/6193/6031 6055/6088/5927 6080/6194/6032
f 6082/6199/6037 6081/6195/6033 5953/6197/6035
f 6076/6184/6022 5951/6202/6040 5949/6140/5979
f 6076/6184/6022 6082/6199/6037 5951/6202/6040
f 6082/6199/6037 5947/6198/6036 5951/6202/6040
f 6328/6170/6008 6338/6203/6041 6330/6171/6009
f 6328/6170/6008 6337/6200/6038 6338/6203/6041
f 6174/6176/6014 6183/6204/6042 6176/6178/6016
f 6335/6205/6043 6339/6206/6044 6332/6186/6024
f 6335/6205/6043 6329/6207/6045 6339/6206/6044
f 6139/6146/5984 6137/6133/5972 6150/6208/6046
f 6339/6206/6044 6331/6172/6010 6332/6186/6024
f 6339/6206/6044 6340/6209/6047 6331/6172/6010
f 6331/6172/6010 6340/6209/6047 6325/6156/5994
f 6190/6158/5996 6334/6180/6018 6184/6210/6048
f 6184/6210/6048 6188/6211/6049 6190/6158/5996
f 6141/6160/5998 6148/6174/6012 6136/6109/5948
f 6065/6212/6050 6068/6213/6051 6085/6214/6052
f 6073/6181/6019 6083/6215/6053 6086/6216/6054
f 6065/6212/6050 6085/6214/6052 6083/6215/6053
f 6071/6168/6006 6075/6183/6021 6076/6184/6022
f 6173/6177/6015 6139/6146/5984 6191/6217/6055
f 6330/6171/6009 6338/6203/6041 6342/6218/6056
f 6176/6178/6016 6194/6219/6057 6317/6143/5982
f 6139/6146/5984 6192/6220/6058 6191/6217/6055
f 6329/6207/6045 6341/6221/6059 6339/6206/6044
f 6137/6133/5972 6151/6222/6060 6150/6208/6046
f 6325/6156/5994 6340/6209/6047 6334/6180/6018
f 6190/6158/5996 6188/6211/6049 6178/6187/6025
f 6187/6223/6061 6180/6189/6027 6177/6188/6026
f 6073/6181/6019 6086/6216/6054 6077/6192/6030
f 6083/6215/6053 6073/6181/6019 6078/6193/6031
f 6074/6182/6020 6075/6183/6021 6070/6167/6005
f 6079/6224/6062 6081/6195/6033 6082/6199/6037
f 6076/6184/6022 6075/6183/6021 6087/6225/6063
f 6087/6225/6063 6082/6199/6037 6076/6184/6022
f 6173/6177/6015 6191/6217/6055 6181/6226/6064
f 6317/6143/5982 6194/6219/6057 6337/6200/6038
f 6183/6204/6042 6194/6219/6057 6176/6178/6016
f 6339/6206/6044 6343/6227/6065 6340/6209/6047
f 6144/6173/6011 6151/6222/6060 6137/6133/5972
f 6334/6180/6018 6340/6209/6047 6184/6210/6048
f 6142/6228/6066 6146/6229/6067 6068/6213/6051
f 6067/6164/6002 6077/6192/6030 6088/6230/6068
f 6084/6201/6039 6090/6231/6069 6074/6182/6020
f 6083/6215/6053 6078/6193/6031 6089/6232/6070
f 6074/6182/6020 6090/6231/6069 6075/6183/6021
f 6075/6183/6021 6090/6231/6069 6087/6225/6063
f 6079/6224/6062 6087/6225/6063 6090/6231/6069
f 6079/6224/6062 6082/6199/6037 6087/6225/6063
f 6338/6203/6041 6337/6200/6038 6344/6233/6071
f 6194/6219/6057 6344/6233/6071 6337/6200/6038
f 6139/6146/5984 6150/6208/6046 6192/6220/6058
f 6194/6219/6057 6196/6234/6072 6185/6235/6073
f 6194/6219/6057 6185/6235/6073 6344/6233/6071
f 6184/6210/6048 6340/6209/6047 6343/6227/6065
f 6189/6236/6074 6185/6235/6073 6196/6234/6072
f 6197/6237/6075 6140/6190/6028 6180/6189/6027
f 6140/6190/6028 6197/6237/6075 6156/6238/6076
f 6149/6191/6029 6067/6164/6002 6088/6230/6068
f 6146/6229/6067 6092/6239/6077 6068/6213/6051
f 6083/6215/6053 6085/6214/6052 6086/6216/6054
f 6338/6203/6041 6344/6233/6071 6342/6218/6056
f 6193/6240/6057 6182/6241/6078 6198/6242/6079
f 6198/6242/6079 6195/6243/6072 6193/6240/6057
f 6341/6221/6059 6343/6227/6065 6339/6206/6044
f 6145/6244/6080 6154/6245/6081 6152/6246/6082
f 6180/6189/6027 6200/6247/6083 6197/6237/6075
f 6144/6173/6011 6149/6191/6029 6153/6248/6084
f 6140/6190/6028 6156/6238/6076 6147/6249/6085
f 6155/6250/6086 6157/6251/6087 6146/6229/6067
f 6149/6191/6029 6088/6230/6068 6153/6248/6084
f 6077/6192/6030 6091/6252/6088 6088/6230/6068
f 6068/6213/6051 6092/6239/6077 6085/6214/6052
f 6077/6192/6030 6086/6216/6054 6091/6252/6088
f 6086/6216/6054 6085/6214/6052 6091/6252/6088
f 6199/6253/6089 6202/6254/6090 6204/6255/6091
f 6181/6226/6064 6202/6254/6090 6199/6253/6089
f 6195/6243/6072 6203/6256/6092 6205/6257/6093
f 6195/6243/6072 6198/6242/6079 6203/6256/6092
f 6191/6217/6055 6192/6220/6058 6208/6258/6094
f 6192/6220/6058 6150/6208/6046 6209/6259/6095
f 6211/6260/6096 6186/6261/6097 6195/6243/6072
f 6152/6246/6082 6154/6245/6081 6158/6262/6098
f 6200/6247/6083 6213/6263/6099 6197/6237/6075
f 6197/6237/6075 6213/6263/6099 6156/6238/6076
f 6153/6248/6084 6088/6230/6068 6159/6264/6100
f 6092/6239/6077 6091/6252/6088 6085/6214/6052
f 6214/6265/6101 6205/6257/6093 6203/6256/6092
f 6181/6226/6064 6208/6258/6094 6202/6254/6090
f 6181/6226/6064 6191/6217/6055 6208/6258/6094
f 6192/6220/6058 6209/6259/6095 6208/6258/6094
f 6205/6257/6093 6216/6266/6102 6195/6243/6072
f 6195/6243/6072 6216/6266/6102 6211/6260/6096
f 6187/6223/6061 6200/6247/6083 6180/6189/6027
f 6155/6250/6086 6160/6267/6103 6157/6251/6087
f 6153/6248/6084 6159/6264/6100 6161/6268/6104
f 6146/6229/6067 6157/6251/6087 6092/6239/6077
f 6091/6252/6088 6159/6264/6100 6088/6230/6068
f 6162/6269/6105 6091/6252/6088 6092/6239/6077
f 6201/6270/6106 6214/6265/6101 6203/6256/6092
f 6201/6270/6106 6217/6271/6107 6214/6265/6101
f 6206/6272/6108 6218/6273/6109 6220/6274/6110
f 6215/6275/6101 6218/6273/6109 6206/6272/6108
f 6150/6208/6046 6151/6222/6060 6209/6259/6095
f 6205/6257/6093 6219/6276/6111 6216/6266/6102
f 6212/6277/6112 6200/6247/6083 6187/6223/6061
f 6154/6245/6081 6164/6278/6113 6158/6262/6098
f 6221/6279/6114 6164/6278/6113 6156/6238/6076
f 6153/6248/6084 6161/6268/6104 6163/6280/6115
f 6161/6268/6104 6160/6267/6103 6163/6280/6115
f 6155/6250/6086 6163/6280/6115 6160/6267/6103
f 6161/6268/6104 6165/6281/6116 6160/6267/6103
f 6160/6267/6103 6162/6269/6105 6157/6251/6087
f 6157/6251/6087 6162/6269/6105 6092/6239/6077
f 6159/6264/6100 6162/6269/6105 6161/6268/6104
f 6159/6264/6100 6091/6252/6088 6162/6269/6105
f 6210/6282/6117 6222/6283/6118 6207/6284/6119
f 6219/6276/6111 6223/6285/6120 6216/6266/6102
f 6209/6259/6095 6151/6222/6060 6166/6286/6121
f 6152/6246/6082 6158/6262/6098 6168/6287/6122
f 6168/6287/6122 6164/6278/6113 6225/6288/6123
f 6168/6287/6122 6158/6262/6098 6164/6278/6113
f 6164/6278/6113 6221/6279/6114 6225/6288/6123
f 6213/6263/6099 6226/6289/6124 6156/6238/6076
f 6226/6289/6124 6221/6279/6114 6156/6238/6076
f 6160/6267/6103 6165/6281/6116 6162/6269/6105
f 6161/6268/6104 6162/6269/6105 6165/6281/6116
f 6210/6282/6117 6167/6290/6125 6222/6283/6118
f 6227/6291/6126 6228/6292/6127 6219/6276/6111
f 6219/6276/6111 6228/6292/6127 6223/6285/6120
f 6216/6266/6102 6223/6285/6120 6211/6260/6096
f 6230/6293/6128 6200/6247/6083 6212/6277/6112
f 6200/6247/6083 6230/6293/6128 6231/6294/6129
f 6200/6247/6083 6231/6294/6129 6213/6263/6099
f 6213/6263/6099 6231/6294/6129 6226/6289/6124
f 6218/6273/6109 6232/6295/6130 6220/6274/6110
f 6201/6270/6106 6233/6296/6131 6217/6271/6107
f 6207/6284/6119 6233/6296/6131 6201/6270/6106
f 6235/6297/6132 6220/6274/6110 6232/6295/6130
f 6219/6276/6111 6234/6298/6132 6227/6291/6126
f 6207/6284/6119 6222/6283/6118 6233/6296/6131
f 6228/6292/6127 6227/6291/6126 6234/6298/6132
f 6212/6277/6112 6224/6299/6133 6236/6300/6134
f 6212/6277/6112 6236/6300/6134 6230/6293/6128
f 6221/6279/6114 6226/6289/6124 6238/6301/6135
f 6218/6273/6109 6215/6275/6101 6240/6302/6136
f 6214/6265/6101 6217/6271/6107 6239/6303/6137
f 6217/6271/6107 6233/6296/6131 6241/6304/6138
f 6243/6305/6139 6222/6283/6118 6167/6290/6125
f 6225/6288/6123 6238/6301/6135 6168/6287/6122
f 6225/6288/6123 6221/6279/6114 6238/6301/6135
f 6218/6273/6109 6244/6306/6140 6232/6295/6130
f 6218/6273/6109 6245/6307/6141 6244/6306/6140
f 6232/6295/6130 6246/6308/6142 6235/6297/6132
f 6167/6290/6125 6237/6309/6143 6243/6305/6139
f 6230/6293/6128 6248/6310/6144 6231/6294/6129
f 6232/6295/6130 6244/6306/6140 6246/6308/6142
f 6218/6273/6109 6240/6302/6136 6245/6307/6141
f 6217/6271/6107 6241/6304/6138 6239/6303/6137
f 6235/6297/6132 6246/6308/6142 6250/6311/6145
f 6234/6298/6132 6249/6312/6146 6228/6292/6127
f 6233/6296/6131 6222/6283/6118 6251/6313/6147
f 6222/6283/6118 6243/6305/6139 6251/6313/6147
f 6229/6314/6148 6253/6315/6149 6224/6299/6133
f 6243/6305/6139 6237/6309/6143 6251/6313/6147
f 6231/6294/6129 6252/6316/6150 6226/6289/6124
f 6238/6301/6135 6226/6289/6124 6252/6316/6150
f 6245/6307/6141 6254/6317/6151 6244/6306/6140
f 6240/6302/6136 6242/6318/6152 6245/6307/6141
f 6229/6314/6148 6250/6311/6145 6253/6315/6149
f 6224/6299/6133 6253/6315/6149 6236/6300/6134
f 6231/6294/6129 6248/6310/6144 6252/6316/6150
f 6254/6317/6151 6255/6319/6153 6244/6306/6140
f 6244/6306/6140 6255/6319/6153 6246/6308/6142
f 6233/6296/6131 6251/6313/6147 6256/6320/6154
f 6250/6311/6145 6257/6321/6155 6253/6315/6149
f 6253/6315/6149 6258/6322/6156 6236/6300/6134
f 6236/6300/6134 6259/6323/6157 6230/6293/6128
f 6241/6304/6138 6233/6296/6131 6260/6324/6158
f 6260/6324/6158 6233/6296/6131 6256/6320/6154
f 6256/6320/6154 6251/6313/6147 6262/6325/6159
f 6262/6325/6159 6251/6313/6147 6247/6326/6160
f 6257/6321/6155 6258/6322/6156 6253/6315/6149
f 6259/6323/6157 6265/6327/6161 6230/6293/6128
f 6265/6327/6161 6248/6310/6144 6230/6293/6128
f 6242/6318/6152 6261/6328/6162 6245/6307/6141
f 6266/6329/6163 6257/6321/6155 6250/6311/6145
f 6257/6321/6155 6267/6330/6164 6258/6322/6156
f 6258/6322/6156 6259/6323/6157 6236/6300/6134
f 6264/6331/6165 6262/6325/6159 6247/6326/6160
f 6268/6332/6166 6269/6333/6167 6266/6329/6163
f 6255/6319/6153 6268/6332/6166 6246/6308/6142
f 6245/6307/6141 6261/6328/6162 6271/6334/6168
f 6268/6332/6166 6266/6329/6163 6250/6311/6145
f 6246/6308/6142 6268/6332/6166 6250/6311/6145
f 6245/6307/6141 6272/6335/6169 6254/6317/6151
f 6260/6324/6158 6256/6320/6154 6270/6336/6168
f 6256/6320/6154 6262/6325/6159 6270/6336/6168
f 6258/6322/6156 6267/6330/6164 6273/6337/6170
f 6258/6322/6156 6273/6337/6170 6259/6323/6157
f 6259/6323/6157 6272/6335/6169 6265/6327/6161
f 6254/6317/6151 6274/6338/6171 6255/6319/6153
f 6254/6317/6151 6272/6335/6169 6274/6338/6171
f 6245/6307/6141 6271/6334/6168 6272/6335/6169
f 6259/6323/6157 6273/6337/6170 6272/6335/6169
f 6265/6327/6161 6272/6335/6169 6263/6339/6172
f 6268/6332/6166 6275/6340/6173 6269/6333/6167
f 6268/6332/6166 6255/6319/6153 6275/6340/6173
f 6272/6335/6169 6271/6334/6168 6263/6339/6172
f 6269/6333/6167 6275/6340/6173 6266/6329/6163
f 6255/6319/6153 6274/6338/6171 6275/6340/6173
f 6274/6338/6171 6272/6335/6169 6276/6341/6174
f 6257/6321/6155 6266/6329/6163 6267/6330/6164
f 6275/6340/6173 6274/6338/6171 6276/6341/6174
f 6277/6342/6175 6267/6330/6164 6266/6329/6163
f 6277/6342/6175 6276/6341/6174 6267/6330/6164
f 6273/6337/6170 6276/6341/6174 6272/6335/6169
f 6267/6330/6164 6276/6341/6174 6273/6337/6170
f 6275/6340/6173 6277/6342/6175 6266/6329/6163
f 6276/6341/6174 6277/6342/6175 6275/6340/6173
l 5993 5995
l 5979 5980
l 5991 5993
l 5962 5990
l 5985 5989
o Mesh_0.006
v -0.278345 0.511970 0.506228
v -0.278345 0.511970 0.506228
v -0.260667 0.495492 0.501266
v -0.260667 0.495492 0.501266
v -0.266038 0.516073 0.473015
v -0.266038 0.516073 0.473015
v -0.266038 0.516073 0.473015
v -0.288724 0.509685 0.517594
v -0.288724 0.509685 0.517594
v -0.288260 0.513576 0.498073
v -0.288260 0.513576 0.498073
v -0.278683 0.500657 0.521324
v -0.278683 0.500657 0.521324
v -0.292375 0.498964 0.524476
v -0.292375 0.498964 0.524476
v -0.292375 0.498964 0.524476
v -0.295184 0.454094 0.350787
v -0.310693 0.463156 0.387653
v -0.295347 0.482516 0.379327
v -0.288896 0.406969 0.349616
v -0.317313 0.452772 0.440807
v -0.317313 0.452772 0.440807
v -0.292794 0.407547 0.382221
v -0.292794 0.407547 0.382221
v -0.313177 0.490832 0.424912
v -0.243037 0.502005 0.366816
v -0.264629 0.516653 0.436817
v -0.227488 0.500442 0.362268
v -0.227488 0.500442 0.362268
v -0.322950 0.479968 0.449110
v -0.322950 0.479968 0.449110
v -0.288080 0.514407 0.441555
v -0.224386 0.501963 0.394615
v -0.224386 0.501963 0.394615
v -0.199374 0.462428 0.442736
v -0.182076 0.450394 0.418160
v -0.213034 0.485890 0.435227
v -0.321370 0.491574 0.470535
v -0.216206 0.424064 0.457298
v -0.179806 0.411158 0.409346
v -0.201648 0.443174 0.450501
v -0.277441 0.519400 0.473545
v -0.207458 0.397964 0.425858
v -0.227999 0.422542 0.462598
v -0.238851 0.383890 0.417861
v -0.238851 0.383890 0.417861
v -0.303344 0.513839 0.473901
v -0.281761 0.441527 0.484791
v -0.281761 0.441527 0.484791
v -0.281761 0.441527 0.484791
v -0.225379 0.463740 0.476035
v -0.327672 0.492575 0.487211
v -0.327672 0.492575 0.487211
v -0.327672 0.492575 0.487211
v -0.304312 0.508796 0.485623
v -0.292755 0.517679 0.485416
v -0.320469 0.506929 0.495273
v -0.270178 0.457626 0.496642
v -0.270178 0.457626 0.496642
v -0.264071 0.480810 0.504035
v -0.329057 0.490400 0.499604
v -0.329057 0.490400 0.499604
v -0.326250 0.495703 0.503621
v -0.326250 0.495703 0.503621
v -0.296393 0.505967 0.498310
v -0.317115 0.509149 0.506000
v -0.286397 0.459540 0.510257
v -0.286397 0.459540 0.510257
v -0.274354 0.462295 0.511560
v -0.274354 0.462295 0.511560
v -0.270304 0.475395 0.513718
v -0.274741 0.483445 0.509760
v -0.307412 0.502666 0.511858
v -0.321058 0.505634 0.527078
v -0.321058 0.505634 0.527078
v -0.287177 0.468357 0.526600
v -0.287177 0.468357 0.526600
v -0.283391 0.481119 0.518069
v -0.311313 0.505910 0.527712
v -0.296770 0.491161 0.541424
v -0.296770 0.491161 0.541424
v -0.296770 0.491161 0.541424
v -0.296770 0.491161 0.541424
v -0.180864 0.403597 0.255183
v -0.161654 0.401801 0.272881
v -0.178888 0.383330 0.275815
v -0.191349 0.463981 0.282935
v -0.191349 0.463981 0.282935
v -0.174944 0.485384 0.260015
v -0.174944 0.485384 0.260015
v -0.174944 0.485384 0.260015
v -0.170816 0.382860 0.291276
v -0.209795 0.375957 0.275939
v -0.190505 0.373020 0.287293
v -0.222342 0.362696 0.320357
v -0.148851 0.415521 0.286881
v -0.148806 0.418280 0.294639
v -0.148806 0.418280 0.294639
v -0.169681 0.498077 0.279803
v -0.154996 0.398896 0.299656
v -0.154996 0.398896 0.299656
v -0.151440 0.424284 0.294628
v -0.151440 0.424284 0.294628
v -0.174300 0.464441 0.293279
v -0.164933 0.465992 0.291130
v -0.154598 0.470911 0.289304
v -0.153558 0.450171 0.295523
v -0.153558 0.450171 0.295523
v -0.170873 0.380346 0.327838
v -0.170873 0.380346 0.327838
v -0.154082 0.441437 0.302218
v -0.204317 0.452534 0.261340
v -0.154103 0.445045 0.323810
v -0.194686 0.367030 0.315905
v -0.233714 0.379479 0.279747
v -0.242001 0.367126 0.324596
v -0.217375 0.451406 0.266464
v -0.144598 0.421746 0.331601
v -0.203377 0.488443 0.341056
v -0.148399 0.407162 0.331631
v -0.183510 0.475645 0.340345
v -0.226908 0.363958 0.364872
v -0.226908 0.363958 0.364872
v -0.261579 0.375710 0.340796
v -0.273540 0.398805 0.309447
v -0.278657 0.391578 0.381632
v -0.278657 0.391578 0.381632
v -0.183027 0.378698 0.364489
v -0.153121 0.429866 0.360085
v -0.262393 0.377571 0.369098
v -0.262393 0.377571 0.369098
v -0.262393 0.377571 0.369098
v -0.274368 0.421486 0.300335
v -0.167404 0.403053 0.380554
v -0.199070 0.379597 0.388983
v -0.217107 0.412280 0.235244
v -0.226121 0.413339 0.245270
v -0.240820 0.430359 0.246142
v -0.200694 0.398306 0.246646
v -0.194185 0.390907 0.260286
v -0.225875 0.391950 0.260654
v -0.217820 0.446568 0.246956
v -0.249498 0.391182 0.278347
v -0.264356 0.406623 0.284181
v -0.260823 0.421726 0.276119
v -0.266078 0.445163 0.308864
v -0.166468 0.418697 0.216801
v -0.140099 0.407288 0.245040
v -0.160358 0.404401 0.237322
v -0.161226 0.397357 0.261382
v -0.128566 0.412107 0.264555
v -0.141195 0.406511 0.276445
v -0.178304 0.493607 0.267923
v -0.196404 0.423794 0.237189
v -0.193873 0.413928 0.243162
v -0.209657 0.444751 0.246225
v -0.193718 0.469616 0.240872
v -0.218965 0.428609 0.234027
v -0.201145 0.456839 0.252967
v -0.317853 0.445446 0.469748
v -0.317853 0.445446 0.469748
v -0.306490 0.439580 0.492193
v -0.306490 0.439580 0.492193
v -0.306490 0.439580 0.492193
v -0.313926 0.440922 0.490361
v -0.323874 0.459657 0.489799
v -0.323874 0.459657 0.489799
v -0.362854 0.351404 0.493262
v -0.338966 0.401136 0.488697
v -0.336571 0.335415 0.494786
v -0.307735 0.435343 0.452395
v -0.307735 0.435343 0.452395
v -0.324545 0.476766 0.492402
v -0.375166 0.375491 0.505340
v -0.296400 0.439603 0.500049
v -0.287250 0.448560 0.501829
v -0.337004 0.311140 0.502738
v -0.337004 0.311140 0.502738
v -0.340396 0.467243 0.505292
v -0.336389 0.490739 0.508886
v -0.369410 0.416645 0.517250
v -0.305355 0.331547 0.533423
v -0.334036 0.494707 0.526851
v -0.403190 0.354421 0.545931
v -0.369272 0.432285 0.556469
v -0.349443 0.461386 0.551422
v -0.297021 0.356071 0.552762
v -0.313753 0.494797 0.543110
v -0.401483 0.370557 0.565659
v -0.297527 0.388709 0.568045
v -0.304027 0.331269 0.568817
v -0.350579 0.435784 0.574375
v -0.331821 0.416597 0.586300
v -0.304364 0.380134 0.580575
v -0.304364 0.380134 0.580575
v -0.384306 0.395123 0.580235
v -0.387039 0.378763 0.590594
v -0.324635 0.375455 0.598196
v -0.355682 0.378793 0.603411
v -0.359499 0.322874 0.495596
v -0.378828 0.322420 0.503509
v -0.360552 0.282385 0.510548
v -0.360552 0.282385 0.510548
v -0.395368 0.277508 0.524570
v -0.383767 0.261585 0.526330
v -0.383767 0.261585 0.526330
v -0.365021 0.259873 0.526142
v -0.337471 0.282916 0.522120
v -0.404419 0.281233 0.534239
v -0.404902 0.201339 0.531574
v -0.404902 0.201339 0.531574
v -0.387993 0.256480 0.534798
v -0.387993 0.256480 0.534798
v -0.377362 0.217967 0.529256
v -0.362016 0.252504 0.538075
v -0.312724 0.311049 0.533509
v -0.349520 0.230231 0.542865
v -0.361942 0.201572 0.534998
v -0.421452 0.233912 0.543357
v -0.412229 0.257933 0.543711
v -0.341423 0.252438 0.556852
v -0.405880 0.267897 0.547154
v -0.414208 0.297110 0.550418
v -0.326203 0.273783 0.554080
v -0.412759 0.276234 0.558799
v -0.325999 0.265243 0.580784
v -0.332035 0.248489 0.570290
v -0.336770 0.201665 0.559268
v -0.428685 0.257998 0.562888
v -0.327984 0.253192 0.558722
v -0.417736 0.321498 0.566340
v -0.322862 0.264303 0.565847
v -0.418624 0.279301 0.578326
v -0.422978 0.304976 0.585811
v -0.444553 0.233335 0.590631
v -0.416407 0.329224 0.585449
v -0.332926 0.260382 0.585017
v -0.421721 0.294202 0.589616
v -0.316742 0.322417 0.601023
v -0.316742 0.322417 0.601023
v -0.420776 0.274498 0.597955
v -0.407670 0.284871 0.600979
v -0.330537 0.246270 0.606334
v -0.337076 0.268321 0.597230
v -0.412121 0.297481 0.607083
v -0.407814 0.320920 0.604540
v -0.340498 0.297954 0.617450
v -0.340498 0.297954 0.617450
v -0.356370 0.337860 0.616356
v -0.424238 0.257852 0.618122
v -0.408035 0.290401 0.605218
v -0.387807 0.308941 0.619803
v -0.345334 0.271327 0.613913
v -0.345334 0.271327 0.613913
v -0.342013 0.278304 0.609560
v -0.342013 0.278304 0.609560
v -0.372484 0.289482 0.619491
v -0.365727 0.273699 0.629386
v -0.358024 0.279412 0.614826
v -0.364547 0.293943 0.621743
v -0.380377 0.298196 0.621451
v -0.347898 0.241906 0.637634
v -0.347898 0.241906 0.637634
v -0.404319 0.261588 0.634366
v -0.373108 0.282900 0.620903
v -0.384756 0.265632 0.638407
v -0.369368 0.249567 0.646830
v -0.382841 0.063809 0.609257
v -0.358786 0.069264 0.628830
v -0.363243 0.062572 0.636054
v -0.368375 0.077927 0.613096
v -0.357833 0.084981 0.629334
v -0.357833 0.084981 0.629334
v -0.374095 0.057514 0.640790
v -0.387426 0.048085 0.621531
v -0.353231 0.084524 0.644667
v -0.376677 0.049208 0.648488
v -0.394815 0.034890 0.633243
v -0.406617 0.033621 0.664300
v -0.402171 0.032032 0.640744
v -0.370326 0.065693 0.652406
v -0.363711 0.093503 0.659290
v -0.363711 0.093503 0.659290
v -0.387519 0.040036 0.660256
v -0.373355 0.058191 0.662051
v -0.383381 0.049110 0.670887
v -0.365764 0.061397 0.667385
v -0.365667 0.081337 0.660270
v -0.365667 0.081337 0.660270
v -0.370876 0.092621 0.668386
v -0.361251 0.075562 0.677682
v -0.361251 0.075562 0.677682
v -0.397637 0.041521 0.678371
v -0.417384 0.033980 0.664261
v -0.385943 0.043117 0.676040
v -0.375163 0.041736 0.683737
v -0.382934 0.094859 0.683820
v -0.362118 0.060939 0.681662
v -0.374990 0.106157 0.679129
v -0.367216 0.082694 0.688102
v -0.385919 0.034019 0.687060
v -0.396314 0.035660 0.687476
v -0.422501 0.052913 0.689586
v -0.367690 0.074377 0.697142
v -0.367690 0.074377 0.697142
v -0.401703 0.102810 0.689047
v -0.373567 0.180453 0.673428
v -0.373567 0.180453 0.673428
v -0.398193 0.108334 0.693216
v -0.413374 0.106964 0.693047
v -0.413374 0.106964 0.693047
v -0.417231 0.149914 0.677052
v -0.416521 0.051672 0.704250
v -0.366084 0.060676 0.690605
v -0.382582 0.085169 0.697637
v -0.435506 0.103528 0.693151
v -0.422515 0.048553 0.712567
v -0.422515 0.048553 0.712567
v -0.423533 0.066150 0.698763
v -0.404018 0.080127 0.698083
v -0.427786 0.071434 0.693450
v -0.404792 0.082275 0.693855
v -0.370572 0.038941 0.707729
v -0.358231 0.052543 0.715322
v -0.359659 0.070295 0.707990
v -0.404617 0.038876 0.734454
v -0.430269 0.049691 0.714622
v -0.430269 0.049691 0.714622
v -0.425039 0.070608 0.710225
v -0.370494 0.083780 0.719413
v -0.370494 0.083780 0.719413
v -0.432119 0.070132 0.707587
v -0.388945 0.087684 0.719690
v -0.408947 0.076531 0.725900
v -0.363318 0.063422 0.738962
v -0.385786 0.034765 0.727053
v -0.374509 0.049498 0.749358
v -0.433997 0.058543 0.716105
v -0.433997 0.058543 0.716105
v -0.420885 0.070462 0.725924
v -0.374477 0.077994 0.742902
v -0.374477 0.077994 0.742902
v -0.412127 0.051990 0.739472
v -0.412127 0.051990 0.739472
v -0.392079 0.079906 0.742506
v -0.381576 0.047169 0.748972
v -0.381576 0.047169 0.748972
v -0.375090 0.050573 0.763803
v -0.403767 0.056315 0.743815
v -0.400222 0.062986 0.751055
v -0.388704 0.036094 0.771305
v -0.388704 0.036094 0.771305
v -0.398538 0.053387 0.752749
v -0.391241 0.052489 0.766993
v -0.391241 0.052489 0.766993
v -0.388643 0.037616 0.774319
v -0.410011 0.072741 0.581199
v -0.410465 0.062666 0.598615
v -0.430268 0.065737 0.599328
v -0.442418 0.053089 0.605527
v -0.441150 0.074442 0.600292
v -0.451166 0.086085 0.596155
v -0.422752 0.039606 0.613229
v -0.447792 0.071671 0.609471
v -0.463170 0.093643 0.632451
v -0.459535 0.101577 0.612264
v -0.398622 0.066330 0.588879
v -0.448473 0.053448 0.613157
v -0.448895 0.076821 0.613060
v -0.455548 0.081445 0.624952
v -0.451140 0.046499 0.643704
v -0.457582 0.070621 0.637873
v -0.459171 0.083529 0.645581
v -0.475030 0.052366 0.640236
v -0.440103 0.042210 0.654304
v -0.475130 0.041600 0.647169
v -0.474844 0.069495 0.647059
v -0.463825 0.100937 0.644190
v -0.458732 0.108646 0.659896
v -0.456939 0.167790 0.598961
v -0.464442 0.037208 0.650570
v -0.484031 0.058865 0.650665
v -0.483869 0.044794 0.661591
v -0.462371 0.083393 0.657386
v -0.449451 0.105826 0.676709
v -0.449451 0.105826 0.676709
v -0.452154 0.196224 0.614113
v -0.474792 0.077270 0.658692
v -0.471689 0.035167 0.661391
v -0.487097 0.059281 0.670099
v -0.433367 0.116999 0.685301
v -0.433367 0.116999 0.685301
v -0.425004 0.208510 0.650295
v -0.456409 0.035836 0.673824
v -0.435172 0.046486 0.673176
v -0.457823 0.094010 0.661202
v -0.482761 0.045266 0.674106
v -0.453951 0.099453 0.668995
v -0.471653 0.037363 0.679327
v -0.461657 0.088063 0.672810
v -0.493814 0.063155 0.699187
v -0.474965 0.076552 0.681225
v -0.462669 0.080514 0.677062
v -0.462669 0.080514 0.677062
v -0.448454 0.032853 0.695023
v -0.482596 0.037819 0.691401
v -0.433119 0.045391 0.686413
v -0.493159 0.052300 0.698557
v -0.450343 0.085243 0.694226
v -0.450343 0.085243 0.694226
v -0.452718 0.099425 0.684484
v -0.452718 0.099425 0.684484
v -0.471931 0.032469 0.702460
v -0.491216 0.070281 0.699613
v -0.479503 0.081650 0.699619
v -0.437248 0.037678 0.698486
v -0.453408 0.079525 0.709601
v -0.464847 0.084317 0.703013
v -0.464847 0.084317 0.703013
v -0.461188 0.037376 0.722530
v -0.461188 0.037376 0.722530
v -0.452919 0.036298 0.709535
v -0.452919 0.036298 0.709535
v -0.487538 0.048534 0.720761
v -0.483541 0.078452 0.722525
v -0.483541 0.078452 0.722525
v -0.445197 0.047934 0.717247
v -0.458316 0.062684 0.729851
v -0.476471 0.078599 0.725918
v -0.477038 0.046545 0.727731
v -0.477038 0.046545 0.727731
v -0.496573 0.039651 0.744726
v -0.457716 0.052145 0.730716
v -0.495099 0.062327 0.731065
v -0.491457 0.035873 0.746698
v -0.491457 0.035873 0.746698
v -0.470817 0.056353 0.737877
v -0.484130 0.070195 0.734506
v -0.484130 0.070195 0.734506
v -0.492883 0.038687 0.748731
v -0.492883 0.038687 0.748731
v -0.397306 0.180906 0.531496
v -0.397306 0.180906 0.531496
v -0.381556 0.156588 0.536971
v -0.412829 0.152200 0.540993
v -0.412829 0.152200 0.540993
v -0.358229 0.168906 0.542916
v -0.416534 0.193464 0.537575
v -0.397812 0.115730 0.552473
v -0.397812 0.115730 0.552473
v -0.445161 0.151770 0.567517
v -0.366187 0.140501 0.550377
v -0.346421 0.131609 0.579534
v -0.444339 0.204898 0.567119
v -0.421509 0.098946 0.564600
v -0.421509 0.098946 0.564600
v -0.437078 0.131382 0.562943
v -0.366659 0.099284 0.580266
v -0.366659 0.099284 0.580266
v -0.331309 0.185006 0.574932
v -0.329979 0.168554 0.598777
v -0.337392 0.139975 0.599100
v -0.363377 0.082933 0.607728
v -0.363377 0.082933 0.607728
v -0.433946 0.249583 0.609987
v -0.329548 0.184750 0.614667
v -0.340739 0.143554 0.635140
v -0.340792 0.217310 0.638057
v -0.347018 0.159842 0.650812
v -0.388951 0.236911 0.654420
v -0.408322 0.204561 0.662176
v -0.362207 0.200629 0.660938
v -0.362207 0.200629 0.660938
v -0.389138 0.203158 0.669853
v -0.262778 0.390577 0.410013
vn 0.0323 -0.8843 -0.4658
vn 0.0292 -0.5935 -0.8043
vn -0.4850 -0.8180 -0.3092
vn -0.3819 -0.2319 -0.8946
vn 0.1244 -0.9909 -0.0508
vn -0.2152 -0.4502 -0.8666
vn -0.6763 0.2386 -0.6969
vn 0.1060 0.1914 -0.9758
vn -0.2642 0.4100 -0.8730
vn -0.3019 0.7765 -0.5530
vn 0.0017 -0.7635 -0.6459
vn -0.5352 -0.6050 -0.5895
vn 0.1090 -0.8332 -0.5421
vn -0.0138 -0.9984 0.0547
vn -0.8323 0.5405 -0.1229
vn -0.8188 0.5713 -0.0571
vn 0.1687 -0.7470 -0.6431
vn -0.2742 -0.6289 -0.7275
vn -0.3561 0.8520 -0.3838
vn -0.4886 0.8648 -0.1158
vn 0.4410 -0.7503 -0.4925
vn 0.4131 -0.8663 0.2809
vn -0.0283 -0.8621 -0.5060
vn 0.4310 -0.9023 0.0140
vn -0.5971 -0.6077 -0.5235
vn -0.8015 -0.3077 -0.5127
vn -0.8482 0.1446 -0.5096
vn -0.3628 -0.8142 -0.4534
vn 0.3713 -0.8134 0.4478
vn -0.6287 0.5859 -0.5112
vn -0.2594 0.9622 -0.0833
vn 0.2725 -0.9141 -0.3002
vn -0.0639 -0.9895 -0.1294
vn 0.6155 -0.7664 -0.1838
vn 0.4906 -0.6630 0.5654
vn -0.8904 0.1035 -0.4433
vn -0.8220 -0.4746 -0.3147
vn 0.9907 0.0182 -0.1347
vn 0.8432 -0.5194 -0.1387
vn 0.9055 0.0526 0.4210
vn 0.2664 0.9562 0.1209
vn -0.0546 0.4969 0.8661
vn -0.2590 0.9623 -0.0830
vn 0.2268 0.2695 0.9359
vn -0.1391 0.4097 0.9015
vn -0.3985 -0.9028 -0.1616
vn 0.6094 -0.7887 0.0812
vn 0.9054 0.0525 0.4212
vn 0.9351 0.3345 0.1172
vn -0.1855 0.9125 -0.3647
vn 0.1661 0.9540 -0.2497
vn 0.1667 0.9540 -0.2493
vn 0.8521 0.5231 0.0156
vn 0.3266 -0.9448 -0.0240
vn 0.9947 0.0533 0.0881
vn 0.3450 0.9155 -0.2069
vn -0.6018 -0.7936 -0.0896
vn 0.8434 -0.5192 -0.1384
vn 0.8936 -0.4316 0.1234
vn 0.6577 0.7524 0.0353
vn -0.8074 0.3162 -0.4981
vn -0.0198 -0.9823 0.1861
vn 0.6097 -0.7885 0.0814
vn -0.6558 -0.7483 0.1000
vn 0.5288 -0.8165 0.2318
vn -0.8703 -0.4475 -0.2057
vn -0.6093 0.6559 -0.4456
vn 0.9341 0.1740 0.3117
vn -0.4740 -0.8695 0.1392
vn -0.0193 -0.9822 0.1867
vn -0.9418 0.1100 -0.3176
vn 0.4719 0.8811 0.0311
vn 0.8016 -0.4503 0.3933
vn -0.8383 -0.5446 -0.0266
vn 0.8896 0.2396 0.3888
vn 0.4077 -0.8222 0.3971
vn 0.7785 -0.3582 0.5154
vn -0.0706 -0.8791 0.4715
vn 0.6896 0.6729 0.2678
vn -0.4736 -0.8696 0.1397
vn -0.9461 -0.3084 -0.0993
vn -0.0713 -0.8791 0.4713
vn -0.4280 -0.8381 0.3382
vn -0.4738 -0.8695 0.1398
vn -0.6555 -0.7485 0.1006
vn 0.7689 -0.0876 0.6333
vn -0.7691 0.5686 -0.2919
vn 0.1315 0.9882 -0.0787
vn -0.6407 -0.7552 0.1389
vn -0.8380 -0.5450 -0.0262
vn -0.9460 -0.3087 -0.0992
vn -0.9793 0.1235 -0.1604
vn -0.3434 0.9104 -0.2305
vn 0.4227 -0.7047 0.5699
vn 0.4713 0.8814 0.0309
vn 0.8066 0.3618 0.4675
vn -0.7229 0.6467 -0.2432
vn 0.5339 -0.4406 0.7217
vn -0.8405 -0.5410 -0.0291
vn 0.4530 0.8679 0.2039
vn 0.0824 0.9926 0.0894
vn 0.2554 -0.5901 0.7658
vn -0.5659 0.8245 0.0012
vn 0.4526 0.8682 0.2035
vn 0.7264 0.3673 0.5808
vn 0.1183 -0.8636 0.4901
vn 0.1183 -0.8634 0.4904
vn 0.6684 0.0398 0.7427
vn 0.2304 -0.7948 -0.5615
vn -0.9794 0.1229 -0.1603
vn -0.8403 -0.5413 -0.0290
vn 0.2306 -0.7945 -0.5618
vn -0.1605 -0.5302 -0.8325
vn -0.9535 0.2541 -0.1622
vn -0.4712 0.8748 0.1129
vn -0.2805 0.9314 0.2321
vn -0.8497 -0.0569 -0.5243
vn -0.8498 -0.0568 -0.5240
vn -0.9536 0.2535 -0.1621
vn -0.6088 0.7780 -0.1554
vn -0.3346 0.0004 -0.9424
vn -0.1603 0.0306 -0.9866
vn 0.3884 -0.2023 -0.8990
vn 0.1186 -0.8637 0.4899
vn 0.2308 -0.7947 -0.5614
vn -0.6409 -0.7549 0.1389
vn 0.4534 -0.5731 0.6826
vn -0.9838 -0.0440 -0.1740
vn -0.9536 0.2538 -0.1622
vn -0.8690 0.3162 -0.3805
vn -0.1288 -0.2308 -0.9644
vn -0.7192 0.1767 -0.6720
vn 0.6511 -0.1153 0.7502
vn 0.4831 -0.3696 -0.7937
vn -0.6132 -0.0779 -0.7861
vn 0.7207 -0.6315 -0.2860
vn 0.4965 -0.6265 0.6008
vn -0.8692 0.3166 -0.3799
vn -0.7078 0.7003 -0.0929
vn -0.2796 0.9234 0.2630
vn 0.0457 -0.4723 -0.8803
vn -0.7929 0.2873 -0.5373
vn 0.4536 -0.5733 0.6824
vn -0.8434 0.4713 -0.2578
vn -0.3244 0.8931 0.3118
vn -0.3578 0.7877 0.5015
vn -0.6077 -0.3140 -0.7294
vn 0.4837 -0.3696 -0.7934
vn -0.8443 0.3540 -0.4023
vn -0.7075 0.7005 -0.0935
vn -0.2681 0.7959 0.5429
vn 0.3795 0.8600 0.3410
vn 0.6979 -0.6226 0.3540
vn 0.5628 -0.6590 0.4990
vn 0.7379 0.0956 0.6681
vn 0.5087 0.2378 0.8274
vn 0.3798 0.8599 0.3411
vn 0.7264 0.3679 0.5805
vn 0.4531 0.8679 0.2038
vn -0.2684 0.7958 0.5428
vn -0.2793 0.9235 0.2630
vn -0.3012 -0.6177 -0.7264
vn 0.0463 -0.4725 -0.8801
vn 0.1641 -0.7254 -0.6685
vn -0.3018 -0.6173 -0.7266
vn -0.8995 0.2351 -0.3682
vn 0.5487 0.0329 0.8354
vn -0.3141 0.9274 0.2034
vn 0.0437 0.9787 0.2008
vn 0.5929 -0.5407 -0.5967
vn -0.8229 -0.1921 -0.5347
vn 0.8953 -0.2899 -0.3384
vn -0.7506 0.6371 0.1753
vn -0.3135 0.9277 0.2028
vn 0.3472 0.6788 0.6470
vn 0.8745 -0.0463 0.4828
vn 0.8743 -0.0461 0.4832
vn 0.6775 0.1481 0.7204
vn 0.0987 0.9447 0.3128
vn -0.1146 -0.1389 -0.9837
vn 0.1373 0.0406 -0.9897
vn 0.1666 -0.2969 -0.9403
vn 0.4664 -0.0870 -0.8803
vn -0.2932 0.0127 -0.9560
vn -0.3351 -0.2482 -0.9089
vn 0.4152 -0.3633 -0.8340
vn -0.3356 -0.2480 -0.9088
vn 0.8269 -0.3370 -0.4502
vn 0.3470 0.6790 0.6469
vn 0.3470 0.6787 0.6472
vn -0.3632 -0.2305 -0.9027
vn 0.5970 -0.2462 -0.7636
vn -0.2938 0.0127 -0.9558
vn -0.1152 -0.1389 -0.9836
vn -0.5624 -0.0421 -0.8258
vn 0.6519 0.0543 -0.7563
vn -0.6179 0.1613 -0.7696
vn -0.5166 0.3658 -0.7741
vn 0.6372 -0.3405 -0.6914
vn -0.6997 0.1188 -0.7045
vn -0.9120 -0.0176 -0.4099
vn -0.8231 0.5330 0.1961
vn -0.6168 0.6055 0.5029
vn 0.0934 -0.4776 -0.8736
vn -0.3638 -0.2303 -0.9026
vn -0.8210 -0.0733 -0.5662
vn 0.8467 -0.3973 -0.3539
vn 0.9861 -0.1628 0.0340
vn 0.5776 0.4878 0.6545
vn -0.0399 0.6981 0.7149
vn 0.5147 -0.4264 -0.7438
vn 0.8366 -0.0893 -0.5404
vn -0.9112 0.4117 0.0160
vn 0.9316 0.0190 0.3630
vn 0.5773 0.4879 0.6547
vn 0.8205 -0.3863 -0.4214
vn -0.8807 0.1034 -0.4622
vn -0.9324 0.0212 -0.3609
vn 0.8286 -0.4775 0.2923
vn 0.9609 -0.2246 0.1617
vn -0.3500 -0.4682 -0.8114
vn -0.3502 -0.4683 -0.8112
vn -0.6803 -0.2140 -0.7010
vn 0.9544 -0.2632 -0.1411
vn -0.8023 0.4455 -0.3974
vn 0.5949 -0.5543 -0.5821
vn 0.5887 -0.6047 -0.5364
vn -0.9574 0.1837 -0.2229
vn 0.0936 -0.4778 -0.8735
vn -0.1025 -0.6929 -0.7137
vn 0.9986 -0.0301 0.0433
vn -0.9757 0.2037 -0.0812
vn 0.9373 -0.1476 -0.3156
vn -0.9860 0.0898 0.1402
vn -0.3521 0.5448 0.7611
vn 0.2154 0.3862 0.8969
vn 0.7530 0.1258 0.6458
vn -0.9452 0.3233 -0.0445
vn -0.7182 0.5139 0.4692
vn 0.2097 -0.7653 -0.6085
vn 0.5944 -0.5545 -0.5824
vn -0.9867 0.0746 -0.1447
vn 0.9834 -0.1742 -0.0510
vn -0.9087 0.3304 0.2553
vn 0.7534 0.1254 0.6454
vn -0.3328 -0.4871 -0.8074
vn -0.7717 -0.4180 -0.4794
vn 0.9433 -0.1961 0.2679
vn -0.9266 -0.2278 0.2991
vn 0.7682 -0.0855 0.6344
vn -0.5811 0.4326 0.6893
vn -0.9526 -0.0973 -0.2883
vn -0.7442 0.6339 0.2105
vn -0.0327 -0.7751 -0.6310
vn 0.6149 -0.6319 -0.4718
vn 0.9449 -0.3084 -0.1098
vn -0.7369 0.1151 0.6661
vn 0.4310 0.2446 0.8686
vn 0.7489 -0.6069 -0.2662
vn -0.9370 0.2511 0.2429
vn 0.9526 0.1940 0.2343
vn 0.8948 -0.0084 0.4465
vn -0.6799 -0.1510 0.7176
vn -0.6671 0.2935 0.6847
vn 0.7679 -0.0851 0.6349
vn -0.4898 -0.4836 -0.7254
vn -0.6196 -0.6167 -0.4856
vn 0.7485 -0.6074 -0.2662
vn 0.9656 -0.2263 -0.1280
vn -0.8439 0.4359 0.3128
vn -0.0857 0.3706 0.9248
vn -0.0891 -0.8462 -0.5254
vn -0.8058 -0.0078 -0.5921
vn 0.7353 -0.6139 -0.2871
vn -0.9676 -0.2310 -0.1021
vn -0.6689 0.5177 0.5335
vn 0.5869 -0.6551 -0.4758
vn -0.7532 -0.5308 -0.3884
vn -0.8882 -0.1752 -0.4248
vn 0.4648 -0.1558 0.8716
vn 0.0836 0.2227 0.9713
vn -0.9257 -0.2323 -0.2985
vn 0.9656 -0.2259 -0.1286
vn 0.9786 -0.0292 0.2037
vn -0.4497 -0.5124 0.7316
vn -0.3028 0.1274 0.9445
vn -0.2421 -0.7874 -0.5670
vn 0.6799 0.3728 0.6314
vn 0.6778 -0.1703 0.7153
vn -0.2490 0.0758 0.9655
vn 0.4650 -0.1560 0.8714
vn 0.4226 -0.8622 -0.2793
vn -0.8387 0.0510 -0.5422
vn 0.9162 -0.3758 -0.1392
vn 0.6817 -0.7314 0.0163
vn 0.3288 0.6434 0.6913
vn 0.6795 0.3732 0.6317
vn 0.4144 0.2223 0.8825
vn 0.6776 -0.1702 0.7155
vn 0.0925 -0.0982 0.9909
vn -0.1974 -0.1667 0.9660
vn 0.7346 -0.6716 -0.0960
vn 0.9293 -0.1908 0.3161
vn 0.6571 0.3345 0.6755
vn 0.8118 0.1287 0.5696
vn -0.4925 0.5018 0.7111
vn 0.4912 0.2814 0.8243
vn -0.2414 -0.9462 0.2153
vn 0.1401 -0.9897 -0.0309
vn -0.9912 -0.0110 0.1320
vn 0.8075 -0.0219 0.5894
vn -0.0949 0.5988 0.7952
vn -0.9917 -0.0812 -0.0993
vn -0.9150 0.1277 0.3827
vn -0.4377 -0.1800 -0.8809
vn 0.9717 0.1740 0.1597
vn -0.6237 0.3907 0.6770
vn 0.6566 0.3347 0.6759
vn -0.0788 -0.9956 -0.0499
vn 0.8176 -0.5743 -0.0407
vn -0.4647 -0.6535 -0.5975
vn -0.5741 0.5430 -0.6128
vn 0.0330 -0.8792 -0.4754
vn -0.8910 0.1337 -0.4339
vn 0.8623 -0.1387 0.4870
vn -0.2011 0.4490 0.8706
vn 0.2796 0.4438 0.8514
vn 0.1213 -0.9564 0.2659
vn -0.8522 -0.5091 -0.1210
vn 0.8783 -0.4702 0.0871
vn -0.7099 0.6314 -0.3121
vn 0.8624 -0.1384 0.4869
vn -0.7534 0.4697 0.4602
vn -0.4149 0.3718 0.8304
vn 0.5597 -0.8177 0.1344
vn 0.7146 -0.6881 -0.1263
vn -0.6383 0.7314 -0.2400
vn 0.5358 0.2109 0.8175
vn 0.5353 0.2113 0.8178
vn -0.2984 -0.9512 -0.0790
vn -0.9753 0.1045 -0.1947
vn -0.4109 0.4040 0.8173
vn 0.1695 -0.9825 -0.0766
vn 0.1179 -0.9762 0.1820
vn 0.6938 -0.6812 -0.2337
vn 0.8191 -0.4576 -0.3459
vn 0.9937 -0.0125 -0.1117
vn -0.7734 -0.5274 -0.3517
vn -0.2332 0.3301 0.9147
vn -0.0238 0.3255 0.9452
vn -0.7949 -0.5983 -0.1004
vn 0.9937 -0.0121 -0.1113
vn 0.8536 0.2496 0.4572
vn -0.8826 0.3691 0.2911
vn 0.3667 0.1726 0.9142
vn -0.2862 -0.9528 -0.1018
vn 0.9834 0.1802 0.0216
vn 0.9833 0.1809 0.0218
vn -0.8510 0.4605 0.2525
vn 0.3034 -0.9178 -0.2560
vn 0.3755 -0.8430 -0.3852
vn 0.6086 -0.6940 -0.3848
vn 0.5406 0.4893 0.6843
vn 0.6660 -0.1011 0.7391
vn 0.3661 0.1728 0.9144
vn 0.9490 -0.3066 0.0736
vn -0.9692 0.2186 -0.1132
vn -0.5003 0.8536 -0.1451
vn -0.5971 0.7716 0.2196
vn 0.2561 -0.9656 -0.0444
vn -0.6011 -0.7943 -0.0882
vn 0.5529 -0.8008 -0.2305
vn -0.9497 -0.3131 -0.0109
vn 0.7146 0.5859 0.3822
vn 0.1426 -0.9412 -0.3062
vn -0.2183 -0.9659 -0.1389
vn 0.0190 -0.9842 0.1762
vn 0.8438 0.5365 0.0129
vn 0.8436 0.5369 0.0133
vn -0.3435 0.6587 0.6694
vn -0.7069 0.5284 0.4703
vn 0.1737 -0.1693 0.9701
vn 0.2279 -0.2262 0.9470
vn -0.0194 -0.1091 0.9938
vn -0.4082 -0.8840 0.2281
vn -0.4146 -0.8369 -0.3574
vn 0.9793 -0.2022 0.0084
vn -0.6769 0.4248 -0.6012
vn -0.4791 0.8645 -0.1524
vn -0.7064 0.5287 0.4707
vn -0.2399 0.3627 0.9005
vn -0.7530 0.4701 0.4604
vn -0.4108 0.4043 0.8172
vn -0.0192 -0.1094 0.9938
vn 0.5310 -0.8455 0.0556
vn -0.5969 0.7717 0.2196
vn 0.3166 0.8525 0.4159
vn 0.2679 0.9114 0.3123
vn -0.4237 -0.9040 0.0564
vn -0.1127 0.9655 0.2347
vn -0.3616 0.9031 0.2316
vn 0.1640 0.5521 0.8175
vn -0.1689 0.5170 0.8392
vn 0.1178 0.9922 0.0404
vn 0.1184 0.9921 0.0407
vn 0.5914 -0.8063 -0.0120
vn 0.9393 -0.3415 0.0314
vn 0.9195 0.3619 -0.1532
vn 0.2531 0.8725 0.4179
vn 0.1253 -0.8259 0.5497
vn -0.3880 -0.8145 0.4313
vn 0.4189 -0.8127 0.4051
vn -0.4281 -0.8884 -0.1660
vn 0.3288 -0.5469 0.7700
vn -0.4443 0.8941 0.0569
vn 0.5583 0.8253 0.0852
vn 0.5577 0.8257 0.0852
vn -0.4885 0.8390 0.2395
vn -0.1195 0.9881 0.0970
vn 0.4191 -0.8125 0.4053
vn 0.3288 -0.5471 0.7698
vn 0.4246 -0.5482 0.7205
vn -0.0413 0.1174 0.9922
vn 0.4427 0.3932 0.8059
vn -0.5053 0.7871 0.3538
vn 0.1256 -0.8258 0.5499
vn 0.9202 0.1060 0.3768
vn -0.4879 0.8393 0.2399
vn 0.0822 0.8304 0.5510
vn 0.1516 -0.9581 0.2432
vn 0.6437 -0.7545 0.1284
vn 0.0372 -0.9579 0.2845
vn -0.9242 -0.3198 0.2087
vn 0.4744 -0.2641 0.8397
vn -0.8866 0.3677 0.2806
vn -0.5669 0.6171 0.5457
vn 0.4416 0.7321 0.5187
vn 0.0727 -0.9394 0.3349
vn -0.6307 -0.1747 0.7561
vn -0.0415 0.1172 0.9922
vn 0.4422 0.7317 0.5187
vn 0.3771 -0.0227 0.9259
vn 0.0376 -0.9578 0.2849
vn -0.2002 0.6213 0.7576
vn -0.1999 0.6212 0.7577
vn -0.2522 0.8055 0.5362
vn 0.0872 -0.9915 -0.0967
vn 0.7627 -0.0358 0.6458
vn -0.7165 -0.1061 0.6895
vn 0.0722 -0.9396 0.3345
vn 0.0869 -0.9915 -0.0968
vn -0.2290 -0.1725 0.9580
vn -0.7706 0.3024 0.5610
vn -0.2287 -0.1725 0.9581
vn -0.2226 -0.9573 0.1846
vn -0.8164 -0.5601 0.1405
vn -0.4104 0.3883 0.8251
vn -0.2229 -0.9572 0.1845
vn -0.1927 -0.4347 0.8797
vt 0.409743 0.162619
vt 0.413493 0.150453
vt 0.418913 0.162766
vt 0.418041 0.149366
vt 0.405789 0.169632
vt 0.414511 0.142059
vt 0.417238 0.129865
vt 0.418663 0.138353
vt 0.422964 0.140888
vt 0.423187 0.134306
vt 0.408576 0.146733
vt 0.413344 0.137589
vt 0.405825 0.154061
vt 0.401217 0.160570
vt 0.430578 0.139871
vt 0.428054 0.134969
vt 0.403424 0.147193
vt 0.407077 0.135179
vt 0.426266 0.127649
vt 0.427859 0.131258
vt 0.397228 0.149334
vt 0.396406 0.172597
vt 0.400270 0.138370
vt 0.396839 0.159147
vt 0.406971 0.123034
vt 0.411378 0.115582
vt 0.415379 0.117112
vt 0.403009 0.128729
vt 0.393481 0.166437
vt 0.422895 0.106092
vt 0.433898 0.126219
vt 0.395420 0.142330
vt 0.393707 0.124242
vt 0.392079 0.149394
vt 0.388332 0.163215
vt 0.415344 0.106299
vt 0.408375 0.106648
vt 0.385751 0.161529
vt 0.387047 0.154768
vt 0.383715 0.163388
vt 0.929502 0.898471
vt 0.924464 0.898139
vt 0.935278 0.894207
vt 0.917573 0.903424
vt 0.919379 0.897075
vt 0.396082 0.115952
vt 0.384448 0.140177
vt 0.907065 0.907968
vt 0.916540 0.906829
vt 0.441436 0.088697
vt 0.444480 0.090446
vt 0.962387 0.908153
vt 0.921775 0.912033
vt 0.390556 0.133893
vt 0.912091 0.918812
vt 0.904565 0.909606
vt 0.949368 0.906709
vt 0.397417 0.104938
vt 0.898215 0.915463
vt 0.907142 0.921963
vt 0.940006 0.910286
vt 0.426161 0.086950
vt 0.386546 0.110877
vt 0.897383 0.929609
vt 0.394186 0.086473
vt 0.904669 0.941100
vt 0.405701 0.089903
vt 0.433585 0.076146
vt 0.919418 0.925900
vt 0.391909 0.096706
vt 0.899368 0.954722
vt 0.424580 0.071727
vt 0.962024 0.919748
vt 0.915315 0.937275
vt 0.400047 0.080425
vt 0.936016 0.940880
vt 0.909536 0.949839
vt 0.922015 0.945533
vt 0.915624 0.966295
vt 0.955036 0.938411
vt 0.899166 0.965243
vt 0.409773 0.049888
vt 0.174846 0.008940
vt 0.166332 0.012834
vt 0.157227 0.000381
vt 0.155257 0.009091
vt 0.938798 0.953537
vt 0.431885 0.054475
vt 0.449408 0.060969
vt 0.162967 0.040040
vt 0.150512 0.015113
vt 0.155124 0.042744
vt 0.423733 0.043309
vt 0.445340 0.056118
vt 0.921718 0.956877
vt 0.453335 0.076676
vt 0.944465 0.947797
vt 0.429583 0.036126
vt 0.934349 0.962469
vt 0.164489 0.047979
vt 0.974018 0.952056
vt 0.454114 0.044343
vt 0.933596 0.966718
vt 0.443666 0.037019
vt 0.457788 0.045640
vt 0.965595 0.964902
vt 0.177488 0.044124
vt 0.945137 0.982676
vt 0.949781 0.960013
vt 0.173603 0.049734
vt 0.150512 0.052083
vt 0.138956 0.399841
vt 0.138795 0.392352
vt 0.141075 0.391958
vt 0.428223 0.029277
vt 0.441980 0.032206
vt 0.448597 0.034359
vt 0.144880 0.399587
vt 0.166123 0.056922
vt 0.157267 0.064934
vt 0.433412 0.027989
vt 0.148821 0.357548
vt 0.145730 0.376320
vt 0.140004 0.353872
vt 0.255151 0.532364
vt 0.247903 0.526232
vt 0.262985 0.525459
vt 0.952648 0.977185
vt 0.151164 0.404531
vt 0.154612 0.410506
vt 0.158100 0.407346
vt 0.145635 0.347203
vt 0.155997 0.364040
vt 0.961218 0.970924
vt 0.137585 0.345052
vt 0.151611 0.345216
vt 0.245812 0.530664
vt 0.250528 0.535109
vt 0.427806 0.024319
vt 0.429215 0.022286
vt 0.450873 0.029143
vt 0.147236 0.332759
vt 0.158195 0.398310
vt 0.256621 0.537603
vt 0.163295 0.405957
vt 0.444460 0.026698
vt 0.435924 0.024794
vt 0.156520 0.328380
vt 0.203311 0.511690
vt 0.163134 0.377890
vt 0.161264 0.409365
vt 0.451145 0.021826
vt 0.455589 0.027416
vt 0.251767 0.539665
vt 0.956940 0.982142
vt 0.957264 0.979298
vt 0.960913 0.975720
vt 0.970670 0.972936
vt 0.167222 0.133601
vt 0.173159 0.140189
vt 0.161401 0.145020
vt 0.168601 0.128179
vt 0.162755 0.132308
vt 0.184277 0.494256
vt 0.192952 0.502967
vt 0.183101 0.501104
vt 0.152982 0.322735
vt 0.170258 0.350578
vt 0.963818 0.973942
vt 0.176039 0.413064
vt 0.438522 0.019989
vt 0.190676 0.511269
vt 0.162199 0.327264
vt 0.206026 0.526246
vt 0.172545 0.406729
vt 0.432495 0.013879
vt 0.449231 0.018454
vt 0.173159 0.130321
vt 0.256314 0.541714
vt 0.252169 0.547935
vt 0.962961 0.982440
vt 0.965350 0.977607
vt 0.438770 0.014848
vt 0.157244 0.480414
vt 0.168497 0.490809
vt 0.147269 0.484719
vt 0.161484 0.495419
vt 0.165058 0.479218
vt 0.181936 0.491682
vt 0.178242 0.502325
vt 0.156195 0.319489
vt 0.198617 0.522481
vt 0.971976 0.976187
vt 0.172390 0.125292
vt 0.145778 0.474909
vt 0.149957 0.494551
vt 0.152654 0.299083
vt 0.149027 0.291903
vt 0.156602 0.295077
vt 0.169319 0.504260
vt 0.163974 0.308352
vt 0.165382 0.317536
vt 0.174455 0.513144
vt 0.165752 0.321565
vt 0.170229 0.330607
vt 0.180792 0.380595
vt 0.182163 0.393825
vt 0.130283 0.479302
vt 0.152138 0.280298
vt 0.166708 0.277082
vt 0.182725 0.519838
vt 0.211914 0.536340
vt 0.971888 0.982676
vt 0.187110 0.409565
vt 0.447550 0.009777
vt 0.139296 0.490816
vt 0.157157 0.508780
vt 0.178445 0.356016
vt 0.218823 0.547188
vt 0.196028 0.412599
vt 0.131944 0.501905
vt 0.171633 0.295061
vt 0.172313 0.322875
vt 0.176255 0.526399
vt 0.200656 0.535047
vt 0.256352 0.556272
vt 0.128742 0.464508
vt 0.154761 0.259684
vt 0.161853 0.270572
vt 0.170687 0.519694
vt 0.174044 0.314353
vt 0.120587 0.493496
vt 0.175118 0.518017
vt 0.177121 0.338033
vt 0.149055 0.253821
vt 0.158243 0.246525
vt 0.177081 0.522134
vt 0.181030 0.322408
vt 0.149282 0.511852
vt 0.183481 0.331325
vt 0.191485 0.383352
vt 0.203393 0.380306
vt 0.218523 0.373266
vt 0.182549 0.302946
vt 0.186384 0.364847
vt 0.154293 0.240878
vt 0.137420 0.237819
vt 0.180587 0.279211
vt 0.140348 0.517540
vt 0.184194 0.339863
vt 0.212626 0.550347
vt 0.166818 0.244132
vt 0.170832 0.252507
vt 0.172118 0.526815
vt 0.185054 0.327609
vt 0.190936 0.540859
vt 0.189767 0.358966
vt 0.178439 0.255819
vt 0.188447 0.319036
vt 0.159398 0.240088
vt 0.147709 0.232104
vt 0.131228 0.511022
vt 0.192489 0.323910
vt 0.211580 0.366637
vt 0.110266 0.499888
vt 0.188303 0.288206
vt 0.162914 0.530850
vt 0.171431 0.532285
vt 0.192168 0.328791
vt 0.191785 0.337261
vt 0.219600 0.350036
vt 0.171231 0.239733
vt 0.169818 0.247339
vt 0.139830 0.231123
vt 0.107381 0.508847
vt 0.190826 0.308519
vt 0.201742 0.363250
vt 0.165146 0.232573
vt 0.174124 0.245299
vt 0.141888 0.229877
vt 0.184443 0.251394
vt 0.195086 0.312086
vt 0.153240 0.228491
vt 0.174750 0.239282
vt 0.175553 0.246821
vt 0.214580 0.339663
vt 0.207797 0.349325
vt 0.180386 0.247058
vt 0.138682 0.223910
vt 0.141996 0.524913
vt 0.193171 0.326404
vt 0.201769 0.335429
vt 0.180959 0.231834
vt 0.167723 0.539085
vt 0.170807 0.538016
vt 0.207675 0.329538
vt 0.177192 0.541318
vt 0.158661 0.222744
vt 0.184723 0.241813
vt 0.143076 0.224414
vt 0.145656 0.222192
vt 0.214209 0.324904
vt 0.222118 0.330061
vt 0.215138 0.330203
vt 0.219049 0.333078
vt 0.209764 0.333696
vt 0.204910 0.332512
vt 0.148562 0.221160
vt 0.124639 0.523293
vt 0.154503 0.542299
vt 0.147220 0.537881
vt 0.203549 0.315146
vt 0.209560 0.327909
vt 0.175283 0.219509
vt 0.164213 0.222104
vt 0.190102 0.252705
vt 0.126414 0.532670
vt 0.209760 0.318446
vt 0.188914 0.245922
vt 0.197184 0.255003
vt 0.188780 0.234011
vt 0.141142 0.218791
vt 0.204552 0.293089
vt 0.223197 0.317092
vt 0.180389 0.225697
vt 0.152266 0.218050
vt 0.189154 0.230090
vt 0.192142 0.238603
vt 0.185896 0.228156
vt 0.193353 0.234034
vt 0.101070 0.521069
vt 0.212760 0.307030
vt 0.216923 0.313547
vt 0.171464 0.217115
vt 0.194514 0.228589
vt 0.147141 0.215320
vt 0.194206 0.244518
vt 0.139868 0.212976
vt 0.205427 0.254138
vt 0.211302 0.293667
vt 0.162330 0.214953
vt 0.151754 0.213562
vt 0.197124 0.240973
vt 0.136550 0.545665
vt 0.226351 0.298456
vt 0.190633 0.225581
vt 0.199124 0.232003
vt 0.212306 0.258986
vt 0.189036 0.220013
vt 0.181498 0.219314
vt 0.160034 0.211430
vt 0.149488 0.210734
vt 0.142807 0.212098
vt 0.195384 0.248111
vt 0.214153 0.274231
vt 0.217957 0.294908
vt 0.197625 0.225918
vt 0.098566 0.519503
vt 0.099158 0.525207
vt 0.201190 0.251869
vt 0.128988 0.550870
vt 0.194954 0.221432
vt 0.145416 0.206054
vt 0.092872 0.522306
vt 0.200859 0.246996
vt 0.171078 0.211281
vt 0.164508 0.210327
vt 0.162254 0.206473
vt 0.097360 0.532414
vt 0.103085 0.532107
vt 0.224291 0.288508
vt 0.151772 0.206068
vt 0.206836 0.227827
vt 0.203477 0.238633
vt 0.203658 0.244660
vt 0.191266 0.212401
vt 0.200872 0.221412
vt 0.183977 0.214439
vt 0.204789 0.225249
vt 0.090895 0.527663
vt 0.169401 0.206913
vt 0.174208 0.208313
vt 0.181194 0.212226
vt 0.149669 0.200000
vt 0.086770 0.526806
vt 0.207778 0.246742
vt 0.206480 0.251021
vt 0.095720 0.539197
vt 0.099301 0.539881
vt 0.219538 0.259751
vt 0.199655 0.216127
vt 0.180963 0.206468
vt 0.153855 0.203188
vt 0.208551 0.229123
vt 0.208893 0.234939
vt 0.082091 0.550276
vt 0.086080 0.546961
vt 0.083401 0.550381
vt 0.090002 0.547398
vt 0.093630 0.542443
vt 0.188282 0.210539
vt 0.075327 0.554831
vt 0.072953 0.549807
vt 0.080415 0.549365
vt 0.087454 0.534490
vt 0.182751 0.203175
vt 0.078838 0.543473
vt 0.083480 0.539670
vt 0.079889 0.544502
vt 0.084632 0.540415
vt 0.211453 0.238718
vt 0.071009 0.553599
vt 0.165528 0.198466
vt 0.159814 0.194867
vt 0.152522 0.195907
vt 0.075890 0.544825
vt 0.202790 0.209581
vt 0.179907 0.194624
vt 0.196519 0.209085
vt 0.208209 0.219300
vt 0.185794 0.204573
vt 0.076651 0.542542
vt 0.147258 0.191362
vt 0.082729 0.531101
vt 0.214006 0.228815
vt 0.080146 0.534553
vt 0.061689 0.547139
vt 0.069020 0.545248
vt 0.066048 0.547132
vt 0.072911 0.544305
vt 0.065856 0.550204
vt 0.075328 0.539329
vt 0.060991 0.548826
vt 0.161883 0.186736
vt 0.066363 0.555035
vt 0.066312 0.553764
vt 0.173538 0.194197
vt 0.172885 0.184758
vt 0.207935 0.215469
vt 0.067126 0.545424
vt 0.212782 0.216228
vt 0.064740 0.549442
vt 0.212795 0.223637
vt 0.074146 0.541396
vt 0.075681 0.528836
vt 0.212825 0.211989
vt 0.183929 0.193159
vt 0.186625 0.200992
vt 0.157752 0.182340
vt 0.059055 0.552642
vt 0.056009 0.549568
vt 0.068627 0.542029
vt 0.215194 0.225989
vt 0.061344 0.555444
vt 0.073636 0.534217
vt 0.174814 0.184864
vt 0.169738 0.180667
vt 0.067726 0.540262
vt 0.050468 0.554553
vt 0.061358 0.542114
vt 0.049725 0.556272
vt 0.067888 0.537918
vt 0.214575 0.213336
vt 0.056584 0.536792
vt 0.064985 0.538795
vt 0.063288 0.535426
vt 0.175378 0.176378
vt 0.167733 0.172278
vt 0.173570 0.176330
s 1
usemtl Material_0
f 6509/6343/6176 6515/6344/6177 6507/6345/6178
f 6507/6345/6178 6515/6344/6177 6514/6346/6179
f 6508/6347/6180 6509/6343/6176 6507/6345/6178
f 6496/6348/6181 6498/6349/6182 6518/6350/6183
f 6518/6350/6183 6516/6351/6184 6496/6348/6181
f 6496/6348/6181 6516/6351/6184 6514/6346/6179
f 6518/6350/6183 6498/6349/6182 6502/6352/6185
f 6499/6353/6186 6496/6348/6181 6515/6344/6177
f 6496/6348/6181 6514/6346/6179 6515/6344/6177
f 6502/6352/6185 6516/6351/6184 6518/6350/6183
f 6496/6348/6181 6499/6353/6186 6497/6354/6187
f 6499/6353/6186 6515/6344/6177 6444/6355/6188
f 6509/6343/6176 6510/6356/6189 6444/6355/6188
f 6509/6343/6176 6444/6355/6188 6515/6344/6177
f 6496/6348/6181 6497/6354/6187 6498/6349/6182
f 6517/6357/6190 6516/6351/6184 6519/6358/6191
f 6509/6343/6176 6508/6347/6180 6510/6356/6189
f 6499/6353/6186 6500/6359/6192 6497/6354/6187
f 6516/6351/6184 6502/6352/6185 6519/6358/6191
f 6497/6354/6187 6500/6359/6192 6501/6360/6193
f 6499/6353/6186 6444/6355/6188 6500/6359/6192
f 6498/6349/6182 6497/6354/6187 6501/6360/6193
f 6498/6349/6182 6477/6361/6194 6502/6352/6185
f 6519/6358/6191 6472/6362/6195 6517/6357/6190
f 6446/6363/6196 6500/6359/6192 6444/6355/6188
f 6511/6364/6197 6510/6356/6189 6508/6347/6180
f 6472/6362/6195 6519/6358/6191 6502/6352/6185
f 6453/6365/6198 6501/6360/6193 6500/6359/6192
f 6444/6355/6188 6445/6366/6199 6446/6363/6196
f 6503/6367/6200 6498/6349/6182 6501/6360/6193
f 6498/6349/6182 6504/6368/6201 6505/6369/6202
f 6502/6352/6185 6477/6361/6194 6472/6362/6195
f 6501/6360/6193 6453/6365/6198 6475/6370/6203
f 6500/6359/6192 6446/6363/6196 6453/6365/6198
f 6475/6370/6203 6503/6367/6200 6501/6360/6193
f 6444/6355/6188 6510/6356/6189 6445/6366/6199
f 6503/6367/6200 6504/6368/6201 6498/6349/6182
f 6510/6356/6189 6512/6371/6204 6445/6366/6199
f 6511/6364/6197 6512/6371/6204 6510/6356/6189
f 6505/6369/6202 6506/6372/6205 6498/6349/6182
f 6498/6349/6182 6506/6372/6205 6477/6361/6194
f 6472/6362/6195 6447/6373/6206 6517/6357/6190
f 6446/6363/6196 6454/6374/6207 6453/6365/6198
f 6453/6365/6198 6455/6375/6208 6475/6370/6203
f 6446/6363/6196 6445/6366/6199 6452/6376/6209
f 6453/6365/6198 6454/6374/6207 6455/6375/6208
f 6446/6363/6196 6452/6376/6209 6454/6374/6207
f 6445/6366/6199 6512/6371/6204 6456/6377/6210
f 6504/6368/6201 6493/6378/6211 6505/6369/6202
f 6503/6367/6200 6485/6379/6212 6504/6368/6201
f 6445/6366/6199 6456/6377/6210 6457/6380/6213
f 6452/6376/6209 6445/6366/6199 6460/6381/6214
f 6460/6381/6214 6445/6366/6199 6457/6380/6213
f 6457/6380/6213 6456/6377/6210 6462/6382/6215
f 6464/6383/6216 6465/6384/6217 6448/6385/6218
f 6493/6378/6211 6504/6368/6201 6485/6379/6212
f 6464/6383/6216 6468/6386/6219 6465/6384/6217
f 6468/6386/6219 6466/6387/6220 6465/6384/6217
f 6475/6370/6203 6476/6388/6221 6503/6367/6200
f 6452/6376/6209 6469/6389/6222 6454/6374/6207
f 6463/6390/6223 6468/6386/6219 6471/6391/6224
f 6468/6386/6219 6464/6383/6216 6471/6391/6224
f 6472/6362/6195 6386/6392/6225 6388/6393/6226
f 6472/6362/6195 6388/6393/6226 6447/6373/6206
f 6448/6385/6218 6389/6394/6227 6464/6383/6216
f 6452/6376/6209 6460/6381/6214 6469/6389/6222
f 6505/6369/6202 6493/6378/6211 6506/6372/6205
f 6471/6391/6224 6473/6395/6228 6463/6390/6223
f 6471/6391/6224 6464/6383/6216 6473/6395/6228
f 6454/6374/6207 6474/6396/6229 6455/6375/6208
f 6475/6370/6203 6455/6375/6208 6476/6388/6221
f 6454/6374/6207 6469/6389/6222 6474/6396/6229
f 6477/6361/6194 6386/6392/6225 6472/6362/6195
f 6463/6390/6223 6478/6397/6230 6458/6398/6213
f 6463/6390/6223 6473/6395/6228 6478/6397/6230
f 6389/6394/6227 6479/6399/6231 6464/6383/6216
f 6476/6388/6221 6484/6400/6232 6503/6367/6200
f 6461/6401/6233 6458/6398/6213 6480/6402/6234
f 6503/6367/6200 6484/6400/6232 6485/6379/6212
f 6464/6383/6216 6481/6403/6235 6473/6395/6228
f 6506/6372/6205 6377/6404/6236 6477/6361/6194
f 6474/6396/6229 6482/6405/6237 6455/6375/6208
f 6458/6398/6213 6478/6397/6230 6480/6402/6234
f 6464/6383/6216 6479/6399/6231 6481/6403/6235
f 6461/6401/6233 6480/6402/6234 6470/6406/6238
f 6455/6375/6208 6482/6405/6237 6476/6388/6221
f 6476/6388/6221 6482/6405/6237 6484/6400/6232
f 6493/6378/6211 6377/6404/6236 6506/6372/6205
f 6474/6396/6229 6469/6389/6222 6482/6405/6237
f 6485/6379/6212 6484/6400/6232 6487/6407/6239
f 6470/6406/6238 6480/6402/6234 6488/6408/6240
f 6485/6379/6212 6487/6407/6239 6380/6409/6241
f 6380/6409/6241 6493/6378/6211 6485/6379/6212
f 6477/6361/6194 6377/6404/6236 6379/6410/6242
f 6478/6397/6230 6473/6395/6228 6489/6411/6243
f 6484/6400/6232 6482/6405/6237 6491/6412/6244
f 6477/6361/6194 6379/6410/6242 6386/6392/6225
f 6488/6408/6240 6483/6413/6245 6470/6406/6238
f 6491/6412/6244 6487/6407/6239 6484/6400/6232
f 6380/6409/6241 6378/6414/6246 6493/6378/6211
f 6493/6378/6211 6378/6414/6246 6377/6404/6236
f 6481/6403/6235 6479/6399/6231 6394/6415/6247
f 6480/6402/6234 6478/6397/6230 6494/6416/6248
f 6494/6416/6248 6478/6397/6230 6489/6411/6243
f 6479/6399/6231 6389/6394/6227 6394/6415/6247
f 6487/6407/6239 6384/6417/6249 6380/6409/6241
f 6489/6411/6243 6473/6395/6228 6396/6418/6250
f 6488/6408/6240 6480/6402/6234 6494/6416/6248
f 6483/6413/6245 6488/6408/6240 6495/6419/6251
f 6488/6408/6240 6494/6416/6248 6495/6419/6251
f 6494/6416/6248 6489/6411/6243 6400/6420/6252
f 6483/6413/6245 6495/6419/6251 6406/6421/6253
f 6377/6404/6236 6378/6414/6246 6379/6410/6242
f 6473/6395/6228 6481/6403/6235 6397/6422/6254
f 6492/6423/6255 6483/6413/6245 6406/6421/6253
f 6380/6409/6241 6382/6424/6256 6378/6414/6246
f 6473/6395/6228 6397/6422/6254 6396/6418/6250
f 6394/6415/6247 6397/6422/6254 6481/6403/6235
f 6405/6425/6257 6835/6426/6258 6490/6427/6259
f 6495/6419/6251 6494/6416/6248 6400/6420/6252
f 6384/6417/6249 6382/6424/6256 6380/6409/6241
f 6490/6427/6259 6835/6426/6258 6486/6428/6260
f 6396/6418/6250 6401/6429/6261 6489/6411/6243
f 6378/6414/6246 6385/6430/6262 6379/6410/6242
f 6386/6392/6225 6387/6431/6263 6388/6393/6226
f 6486/6428/6260 6531/6432/6264 6383/6433/6265
f 6489/6411/6243 6401/6429/6261 6400/6420/6252
f 6383/6433/6265 6531/6432/6264 6381/6434/6266
f 6378/6414/6246 6391/6435/6267 6385/6430/6262
f 6386/6392/6225 6379/6410/6242 6392/6436/6268
f 6495/6419/6251 6400/6420/6252 6403/6437/6269
f 6379/6410/6242 6385/6430/6262 6392/6436/6268
f 6392/6436/6268 6387/6431/6263 6386/6392/6225
f 6388/6393/6226 6387/6431/6263 6393/6438/6270
f 6495/6419/6251 6403/6437/6269 6406/6421/6253
f 6382/6424/6256 6391/6435/6267 6378/6414/6246
f 6395/6439/6271 6396/6418/6250 6397/6422/6254
f 6398/6440/6272 6385/6430/6262 6391/6435/6267
f 6403/6437/6269 6400/6420/6252 6399/6441/6273
f 6835/6426/6258 6531/6432/6264 6486/6428/6260
f 6399/6441/6273 6400/6420/6252 6401/6429/6261
f 6531/6432/6264 6521/6442/6274 6381/6434/6266
f 6395/6439/6271 6401/6429/6261 6396/6418/6250
f 6394/6415/6247 6367/6443/6275 6397/6422/6254
f 6387/6431/6263 6402/6444/6276 6393/6438/6270
f 6403/6437/6269 6404/6445/6277 6406/6421/6253
f 6403/6437/6269 6399/6441/6273 6404/6445/6277
f 6385/6430/6262 6398/6440/6272 6407/6446/6278
f 6385/6430/6262 6407/6446/6278 6392/6436/6268
f 6392/6436/6268 6402/6444/6276 6387/6431/6263
f 6393/6438/6270 6402/6444/6276 6366/6447/6279
f 6395/6439/6271 6397/6422/6254 6364/6448/6280
f 6408/6449/6281 6835/6426/6258 6405/6425/6257
f 6406/6421/6253 6404/6445/6277 6410/6450/6282
f 6835/6426/6258 6408/6449/6281 6531/6432/6264
f 6401/6429/6261 6395/6439/6271 6411/6451/6283
f 6395/6439/6271 6364/6448/6280 6411/6451/6283
f 6392/6436/6268 6407/6446/6278 6402/6444/6276
f 6531/6432/6264 6523/6452/6284 6521/6442/6274
f 6521/6442/6274 6390/6453/6285 6381/6434/6266
f 6401/6429/6261 6411/6451/6283 6399/6441/6273
f 6520/6454/6286 6522/6455/6287 6525/6456/6288
f 6391/6435/6267 6414/6457/6289 6398/6440/6272
f 6397/6422/6254 6367/6443/6275 6364/6448/6280
f 6398/6440/6272 6415/6458/6290 6407/6446/6278
f 6407/6446/6278 6416/6459/6291 6402/6444/6276
f 6520/6454/6286 6525/6456/6288 6526/6460/6292
f 6521/6442/6274 6527/6461/6293 6390/6453/6285
f 6527/6461/6293 6413/6462/6294 6390/6453/6285
f 6398/6440/6272 6417/6463/6295 6415/6458/6290
f 6528/6464/6296 6529/6465/6297 6530/6466/6298
f 6530/6466/6298 6529/6465/6297 6525/6456/6288
f 6526/6460/6292 6525/6456/6288 6529/6465/6297
f 6409/6467/6299 6524/6468/6300 6532/6469/6301
f 6419/6470/6302 6410/6450/6282 6404/6445/6277
f 6404/6445/6277 6399/6441/6273 6419/6470/6302
f 6526/6460/6292 6533/6471/6303 6412/6472/6304
f 6533/6471/6303 6421/6473/6305 6412/6472/6304
f 6415/6458/6290 6416/6459/6291 6407/6446/6278
f 6528/6464/6296 6530/6466/6298 6560/6474/6306
f 6534/6475/6307 6526/6460/6292 6529/6465/6297
f 6530/6466/6298 6525/6456/6288 6522/6455/6287
f 6399/6441/6273 6411/6451/6283 6420/6476/6308
f 6420/6476/6308 6411/6451/6283 6364/6448/6280
f 6417/6463/6295 6398/6440/6272 6414/6457/6289
f 6530/6466/6298 6537/6477/6309 6560/6474/6306
f 6561/6478/6310 6528/6464/6296 6560/6474/6306
f 6528/6464/6296 6534/6475/6307 6529/6465/6297
f 6409/6467/6299 6535/6479/6311 6524/6468/6300
f 6409/6467/6299 6536/6480/6312 6535/6479/6311
f 6399/6441/6273 6420/6476/6308 6419/6470/6302
f 6526/6460/6292 6421/6473/6305 6533/6471/6303
f 6414/6457/6289 6422/6481/6313 6424/6482/6314
f 6414/6457/6289 6424/6482/6314 6417/6463/6295
f 6416/6459/6291 6371/6483/6315 6402/6444/6276
f 6562/6484/6316 6560/6474/6306 6537/6477/6309
f 6530/6466/6298 6522/6455/6287 6537/6477/6309
f 6561/6478/6310 6534/6475/6307 6528/6464/6296
f 6534/6475/6307 6539/6485/6317 6526/6460/6292
f 6409/6467/6299 6418/6486/6318 6536/6480/6312
f 6526/6460/6292 6539/6485/6317 6421/6473/6305
f 6539/6485/6317 6540/6487/6319 6421/6473/6305
f 6415/6458/6290 6425/6488/6320 6416/6459/6291
f 6417/6463/6295 6426/6489/6321 6415/6458/6290
f 6425/6488/6320 6371/6483/6315 6416/6459/6291
f 6366/6447/6279 6402/6444/6276 6371/6483/6315
f 6560/6474/6306 6564/6490/6322 6561/6478/6310
f 6524/6468/6300 6535/6479/6311 6538/6491/6323
f 6534/6475/6307 6541/6492/6324 6539/6485/6317
f 6421/6473/6305 6540/6487/6319 6423/6493/6325
f 6417/6463/6295 6424/6482/6314 6426/6489/6321
f 6415/6458/6290 6426/6489/6321 6425/6488/6320
f 6371/6483/6315 6425/6488/6320 6369/6494/6326
f 6371/6483/6315 6362/6495/6327 6366/6447/6279
f 6562/6484/6316 6564/6490/6322 6560/6474/6306
f 6427/6496/6328 6536/6480/6312 6418/6486/6318
f 6428/6497/6328 6419/6470/6302 6430/6498/6329
f 6431/6499/6330 6419/6470/6302 6420/6476/6308
f 6420/6476/6308 6364/6448/6280 6373/6500/6331
f 6361/6501/6332 6363/6502/6333 6365/6503/6334
f 6368/6504/6335 6361/6501/6332 6370/6505/6336
f 6566/6506/6337 6563/6507/6338 6567/6508/6339
f 6562/6484/6316 6565/6509/6340 6564/6490/6322
f 6544/6510/6341 6534/6475/6307 6561/6478/6310
f 6535/6479/6311 6536/6480/6312 6427/6496/6328
f 6419/6470/6302 6431/6499/6330 6430/6498/6329
f 6432/6511/6342 6420/6476/6308 6373/6500/6331
f 6540/6487/6319 6434/6512/6343 6423/6493/6325
f 6433/6513/6344 6425/6488/6320 6426/6489/6321
f 6567/6508/6339 6563/6507/6338 6568/6514/6345
f 6563/6507/6338 6538/6491/6323 6568/6514/6345
f 6569/6515/6346 6544/6510/6341 6561/6478/6310
f 6538/6491/6323 6535/6479/6311 6542/6516/6347
f 6543/6517/6348 6540/6487/6319 6539/6485/6317
f 6420/6476/6308 6432/6511/6342 6431/6499/6330
f 6424/6482/6314 6433/6513/6344 6426/6489/6321
f 6424/6482/6314 6435/6518/6349 6433/6513/6344
f 6433/6513/6344 6375/6519/6350 6425/6488/6320
f 6375/6519/6350 6369/6494/6326 6425/6488/6320
f 6363/6502/6333 6361/6501/6332 6372/6520/6331
f 6538/6491/6323 6542/6516/6347 6568/6514/6345
f 6535/6479/6311 6427/6496/6328 6542/6516/6347
f 6429/6521/6329 6436/6522/6351 6427/6496/6328
f 6430/6498/6329 6431/6499/6330 6437/6523/6352
f 6432/6511/6342 6373/6500/6331 6438/6524/6353
f 6540/6487/6319 6543/6517/6348 6434/6512/6343
f 6433/6513/6344 6435/6518/6349 6439/6525/6354
f 6361/6501/6332 6368/6504/6335 6372/6520/6331
f 6534/6475/6307 6544/6510/6341 6541/6492/6324
f 6539/6485/6317 6541/6492/6324 6543/6517/6348
f 6431/6499/6330 6438/6524/6353 6437/6523/6352
f 6432/6511/6342 6438/6524/6353 6431/6499/6330
f 6803/6526/6355 6574/6527/6356 6804/6528/6357
f 6574/6527/6356 6578/6529/6358 6804/6528/6357
f 6571/6530/6359 6574/6527/6356 6803/6526/6355
f 6571/6530/6359 6573/6531/6360 6574/6527/6356
f 6573/6531/6360 6575/6532/6361 6574/6527/6356
f 6564/6490/6322 6572/6533/6362 6569/6515/6346
f 6565/6509/6340 6572/6533/6362 6564/6490/6322
f 6564/6490/6322 6569/6515/6346 6561/6478/6310
f 6568/6514/6345 6542/6516/6347 6576/6534/6363
f 6438/6524/6353 6373/6500/6331 6376/6535/6364
f 6433/6513/6344 6439/6525/6354 6375/6519/6350
f 6368/6504/6335 6374/6536/6365 6372/6520/6331
f 6805/6537/6366 6803/6526/6355 6804/6528/6357
f 6804/6528/6357 6578/6529/6358 6807/6538/6367
f 6570/6539/6368 6802/6540/6369 6808/6541/6370
f 6577/6542/6371 6578/6529/6358 6574/6527/6356
f 6570/6539/6368 6579/6543/6372 6572/6533/6362
f 6580/6544/6373 6572/6533/6362 6579/6543/6372
f 6566/6506/6337 6575/6532/6361 6573/6531/6360
f 6566/6506/6337 6567/6508/6339 6575/6532/6361
f 6575/6532/6361 6567/6508/6339 6581/6545/6374
f 6567/6508/6339 6568/6514/6345 6581/6545/6374
f 6808/6541/6370 6579/6543/6372 6570/6539/6368
f 6574/6527/6356 6575/6532/6361 6577/6542/6371
f 6582/6546/6375 6572/6533/6362 6580/6544/6373
f 6582/6546/6375 6569/6515/6346 6572/6533/6362
f 6582/6546/6375 6583/6547/6376 6569/6515/6346
f 6545/6548/6377 6543/6517/6348 6541/6492/6324
f 6543/6517/6348 6546/6549/6378 6434/6512/6343
f 6809/6550/6379 6805/6537/6366 6804/6528/6357
f 6806/6551/6380 6811/6552/6381 6808/6541/6370
f 6806/6551/6380 6808/6541/6370 6802/6540/6369
f 6568/6514/6345 6584/6553/6382 6581/6545/6374
f 6568/6514/6345 6576/6534/6363 6584/6553/6382
f 6542/6516/6347 6427/6496/6328 6547/6554/6383
f 6427/6496/6328 6436/6522/6351 6547/6554/6383
f 6376/6535/6364 6443/6555/6384 6438/6524/6353
f 6546/6549/6378 6548/6556/6385 6434/6512/6343
f 6435/6518/6349 6442/6557/6384 6439/6525/6354
f 6439/6525/6354 6442/6557/6384 6375/6519/6350
f 6804/6528/6357 6807/6538/6367 6812/6558/6386
f 6807/6538/6367 6578/6529/6358 6588/6559/6387
f 6578/6529/6358 6577/6542/6371 6588/6559/6387
f 6575/6532/6361 6581/6545/6374 6577/6542/6371
f 6583/6547/6376 6544/6510/6341 6569/6515/6346
f 6541/6492/6324 6544/6510/6341 6549/6560/6388
f 6436/6522/6351 6550/6561/6389 6547/6554/6383
f 6541/6492/6324 6549/6560/6388 6545/6548/6377
f 6438/6524/6353 6443/6555/6384 6437/6523/6352
f 6434/6512/6343 6548/6556/6385 6440/6562/6390
f 6809/6550/6379 6804/6528/6357 6812/6558/6386
f 6812/6558/6386 6807/6538/6367 6813/6563/6391
f 6807/6538/6367 6588/6559/6387 6813/6563/6391
f 6811/6552/6381 6814/6564/6392 6808/6541/6370
f 6808/6541/6370 6814/6564/6392 6579/6543/6372
f 6582/6546/6375 6585/6565/6393 6583/6547/6376
f 6584/6553/6382 6576/6534/6363 6586/6566/6394
f 6542/6516/6347 6586/6566/6394 6576/6534/6363
f 6542/6516/6347 6547/6554/6383 6551/6567/6395
f 6550/6561/6389 6436/6522/6351 6441/6568/6384
f 6545/6548/6377 6546/6549/6378 6543/6517/6348
f 6809/6550/6379 6815/6569/6396 6805/6537/6366
f 6816/6570/6397 6817/6571/6398 6806/6551/6380
f 6577/6542/6371 6587/6572/6399 6588/6559/6387
f 6577/6542/6371 6581/6545/6374 6587/6572/6399
f 6580/6544/6373 6579/6543/6372 6589/6573/6400
f 6582/6546/6375 6580/6544/6373 6585/6565/6393
f 6812/6558/6386 6818/6574/6401 6809/6550/6379
f 6806/6551/6380 6817/6571/6398 6811/6552/6381
f 6814/6564/6392 6589/6573/6400 6579/6543/6372
f 6581/6545/6374 6590/6575/6402 6587/6572/6399
f 6581/6545/6374 6584/6553/6382 6590/6575/6402
f 6544/6510/6341 6583/6547/6376 6591/6576/6403
f 6544/6510/6341 6591/6576/6403 6549/6560/6388
f 6810/6577/6404 6717/6578/6405 6816/6570/6397
f 6584/6553/6382 6592/6579/6406 6590/6575/6402
f 6580/6544/6373 6589/6573/6400 6593/6580/6407
f 6584/6553/6382 6586/6566/6394 6592/6579/6406
f 6580/6544/6373 6593/6580/6407 6585/6565/6393
f 6585/6565/6393 6593/6580/6407 6583/6547/6376
f 6542/6516/6347 6551/6567/6395 6586/6566/6394
f 6818/6574/6401 6812/6558/6386 6813/6563/6391
f 6813/6563/6391 6588/6559/6387 6820/6581/6408
f 6590/6575/6402 6592/6579/6406 6587/6572/6399
f 6594/6582/6409 6591/6576/6403 6583/6547/6376
f 6547/6554/6383 6550/6561/6389 6551/6567/6395
f 6546/6549/6378 6545/6548/6377 6552/6583/6410
f 6440/6562/6390 6553/6584/6411 6555/6585/6412
f 6440/6562/6390 6548/6556/6385 6553/6584/6411
f 6588/6559/6387 6587/6572/6399 6820/6581/6408
f 6814/6564/6392 6595/6586/6413 6589/6573/6400
f 6593/6580/6407 6594/6582/6409 6583/6547/6376
f 6549/6560/6388 6556/6587/6414 6545/6548/6377
f 6810/6577/6404 6727/6588/6415 6717/6578/6405
f 6819/6589/6416 6727/6588/6415 6810/6577/6404
f 6740/6590/6417 6814/6564/6392 6811/6552/6381
f 6820/6581/6408 6587/6572/6399 6821/6591/6418
f 6589/6573/6400 6595/6586/6413 6593/6580/6407
f 6546/6549/6378 6552/6583/6410 6548/6556/6385
f 6591/6576/6403 6596/6592/6419 6549/6560/6388
f 6596/6592/6419 6556/6587/6414 6549/6560/6388
f 6550/6561/6389 6441/6568/6384 6554/6593/6420
f 6556/6587/6414 6552/6583/6410 6545/6548/6377
f 6717/6578/6405 6719/6594/6421 6816/6570/6397
f 6816/6570/6397 6722/6595/6422 6817/6571/6398
f 6820/6581/6408 6821/6591/6418 6813/6563/6391
f 6814/6564/6392 6740/6590/6417 6595/6586/6413
f 6592/6579/6406 6597/6596/6423 6587/6572/6399
f 6592/6579/6406 6586/6566/6394 6597/6596/6423
f 6598/6597/6424 6594/6582/6409 6593/6580/6407
f 6594/6582/6409 6596/6592/6419 6591/6576/6403
f 6551/6567/6395 6550/6561/6389 6599/6598/6425
f 6557/6599/6426 6552/6583/6410 6556/6587/6414
f 6719/6594/6421 6722/6595/6422 6816/6570/6397
f 6817/6571/6398 6726/6600/6427 6811/6552/6381
f 6595/6586/6413 6601/6601/6428 6593/6580/6407
f 6550/6561/6389 6554/6593/6420 6599/6598/6425
f 6548/6556/6385 6552/6583/6410 6553/6584/6411
f 6717/6578/6405 6718/6602/6429 6719/6594/6421
f 6727/6588/6415 6718/6602/6429 6717/6578/6405
f 6819/6589/6416 6628/6603/6430 6727/6588/6415
f 6813/6563/6391 6821/6591/6418 6822/6604/6431
f 6593/6580/6407 6602/6605/6432 6598/6597/6424
f 6551/6567/6395 6599/6598/6425 6586/6566/6394
f 6596/6592/6419 6557/6599/6426 6556/6587/6414
f 6555/6585/6412 6553/6584/6411 6558/6606/6433
f 6818/6574/6401 6813/6563/6391 6823/6607/6434
f 6740/6590/6417 6747/6608/6435 6595/6586/6413
f 6587/6572/6399 6597/6596/6423 6603/6609/6436
f 6597/6596/6423 6586/6566/6394 6604/6610/6437
f 6598/6597/6424 6605/6611/6438 6594/6582/6409
f 6594/6582/6409 6605/6611/6438 6596/6592/6419
f 6606/6612/6439 6557/6599/6426 6596/6592/6419
f 6600/6613/6440 6555/6585/6412 6558/6606/6433
f 6718/6602/6429 6720/6614/6441 6719/6594/6421
f 6719/6594/6421 6721/6615/6442 6722/6595/6422
f 6819/6589/6416 6824/6616/6443 6628/6603/6430
f 6722/6595/6422 6726/6600/6427 6817/6571/6398
f 6813/6563/6391 6632/6617/6444 6823/6607/6434
f 6726/6600/6427 6740/6590/6417 6811/6552/6381
f 6587/6572/6399 6603/6609/6436 6821/6591/6418
f 6595/6586/6413 6825/6618/6445 6601/6601/6428
f 6597/6596/6423 6604/6610/6437 6603/6609/6436
f 6593/6580/6407 6601/6601/6428 6602/6605/6432
f 6602/6605/6432 6605/6611/6438 6598/6597/6424
f 6559/6619/6446 6552/6583/6410 6557/6599/6426
f 6559/6619/6446 6553/6584/6411 6552/6583/6410
f 6718/6602/6429 6723/6620/6447 6720/6614/6441
f 6720/6614/6441 6724/6621/6448 6719/6594/6421
f 6719/6594/6421 6724/6621/6448 6721/6615/6442
f 6628/6603/6430 6824/6616/6443 6631/6622/6449
f 6725/6623/6450 6726/6600/6427 6722/6595/6422
f 6747/6608/6435 6825/6618/6445 6595/6586/6413
f 6601/6601/6428 6825/6618/6445 6610/6624/6451
f 6718/6602/6429 6635/6625/6452 6723/6620/6447
f 6718/6602/6429 6727/6588/6415 6635/6625/6452
f 6727/6588/6415 6628/6603/6430 6635/6625/6452
f 6728/6626/6453 6724/6621/6448 6720/6614/6441
f 6722/6595/6422 6721/6615/6442 6729/6627/6454
f 6722/6595/6422 6729/6627/6454 6725/6623/6450
f 6813/6563/6391 6822/6604/6431 6632/6617/6444
f 6605/6611/6438 6606/6612/6439 6596/6592/6419
f 6600/6613/6440 6558/6606/6433 6608/6628/6455
f 6609/6629/6456 6558/6606/6433 6553/6584/6411
f 6609/6629/6456 6553/6584/6411 6559/6619/6446
f 6728/6626/6453 6730/6630/6457 6724/6621/6448
f 6724/6621/6448 6730/6630/6457 6729/6627/6454
f 6724/6621/6448 6729/6627/6454 6721/6615/6442
f 6824/6616/6443 6633/6631/6458 6631/6622/6449
f 6821/6591/6418 6603/6609/6436 6826/6632/6459
f 6601/6601/6428 6610/6624/6451 6602/6605/6432
f 6602/6605/6432 6611/6633/6460 6605/6611/6438
f 6606/6612/6439 6612/6634/6461 6557/6599/6426
f 6558/6606/6433 6609/6629/6456 6608/6628/6455
f 6720/6614/6441 6731/6635/6462 6728/6626/6453
f 6730/6630/6457 6725/6623/6450 6729/6627/6454
f 6613/6636/6463 6604/6610/6437 6615/6637/6464
f 6602/6605/6432 6617/6638/6465 6611/6633/6460
f 6604/6610/6437 6607/6639/6466 6615/6637/6464
f 6604/6610/6437 6586/6566/6394 6607/6639/6466
f 6605/6611/6438 6611/6633/6460 6617/6638/6465
f 6586/6566/6394 6599/6598/6425 6607/6639/6466
f 6612/6634/6461 6606/6612/6439 6605/6611/6438
f 6612/6634/6461 6559/6619/6446 6557/6599/6426
f 6723/6620/6447 6635/6625/6452 6638/6640/6467
f 6730/6630/6457 6728/6626/6453 6732/6641/6468
f 6628/6603/6430 6629/6642/6469 6630/6643/6470
f 6628/6603/6430 6631/6622/6449 6629/6642/6469
f 6631/6622/6449 6633/6631/6458 6629/6642/6469
f 6603/6609/6436 6604/6610/6437 6613/6636/6463
f 6618/6644/6471 6614/6645/6472 6619/6646/6473
f 6614/6645/6472 6616/6647/6474 6619/6646/6473
f 6619/6646/6473 6608/6628/6455 6620/6648/6475
f 6619/6646/6473 6616/6647/6474 6608/6628/6455
f 6617/6638/6465 6621/6649/6476 6605/6611/6438
f 6731/6635/6462 6720/6614/6441 6723/6620/6447
f 6628/6603/6430 6634/6650/6477 6635/6625/6452
f 6726/6600/6427 6725/6623/6450 6740/6590/6417
f 6822/6604/6431 6821/6591/6418 6827/6651/6478
f 6821/6591/6418 6826/6632/6459 6827/6651/6478
f 6603/6609/6436 6622/6652/6479 6828/6653/6480
f 6613/6636/6463 6622/6652/6479 6603/6609/6436
f 6602/6605/6432 6624/6654/6481 6617/6638/6465
f 6618/6644/6471 6619/6646/6473 6625/6655/6482
f 6625/6655/6482 6620/6648/6475 6617/6638/6465
f 6619/6646/6473 6620/6648/6475 6625/6655/6482
f 6605/6611/6438 6621/6649/6476 6612/6634/6461
f 6559/6619/6446 6612/6634/6461 6609/6629/6456
f 6723/6620/6447 6654/6656/6483 6731/6635/6462
f 6723/6620/6447 6638/6640/6467 6640/6657/6484
f 6728/6626/6453 6731/6635/6462 6732/6641/6468
f 6628/6603/6430 6630/6643/6470 6634/6650/6477
f 6725/6623/6450 6738/6658/6485 6740/6590/6417
f 6827/6651/6478 6826/6632/6459 6829/6659/6486
f 6610/6624/6451 6624/6654/6481 6602/6605/6432
f 6624/6654/6481 6626/6660/6487 6617/6638/6465
f 6626/6660/6487 6625/6655/6482 6617/6638/6465
f 6625/6655/6482 6626/6660/6487 6618/6644/6471
f 6617/6638/6465 6620/6648/6475 6621/6649/6476
f 6621/6649/6476 6620/6648/6475 6612/6634/6461
f 6612/6634/6461 6620/6648/6475 6609/6629/6456
f 6608/6628/6455 6609/6629/6456 6620/6648/6475
f 6723/6620/6447 6640/6657/6484 6654/6656/6483
f 6732/6641/6468 6733/6661/6488 6730/6630/6457
f 6730/6630/6457 6733/6661/6488 6725/6623/6450
f 6822/6604/6431 6827/6651/6478 6632/6617/6444
f 6740/6590/6417 6739/6662/6489 6747/6608/6435
f 6826/6632/6459 6603/6609/6436 6828/6653/6480
f 6734/6663/6490 6732/6641/6468 6731/6635/6462
f 6629/6642/6469 6633/6631/6458 6630/6643/6470
f 6633/6631/6458 6636/6664/6491 6630/6643/6470
f 6826/6632/6459 6828/6653/6480 6829/6659/6486
f 6747/6608/6435 6753/6665/6492 6825/6618/6445
f 6753/6665/6492 6610/6624/6451 6825/6618/6445
f 6614/6645/6472 6618/6644/6471 6623/6666/6493
f 6731/6635/6462 6654/6656/6483 6735/6667/6494
f 6635/6625/6452 6637/6668/6495 6638/6640/6467
f 6736/6669/6496 6734/6663/6490 6731/6635/6462
f 6635/6625/6452 6634/6650/6477 6637/6668/6495
f 6734/6663/6490 6737/6670/6497 6732/6641/6468
f 6725/6623/6450 6733/6661/6488 6738/6658/6485
f 6738/6658/6485 6739/6662/6489 6740/6590/6417
f 6736/6669/6496 6731/6635/6462 6741/6671/6498
f 6734/6663/6490 6742/6672/6499 6737/6670/6497
f 6632/6617/6444 6827/6651/6478 6642/6673/6500
f 6610/6624/6451 6830/6674/6501 6624/6654/6481
f 6623/6666/6493 6618/6644/6471 6627/6675/6502
f 6624/6654/6481 6830/6674/6501 6626/6660/6487
f 6627/6675/6502 6618/6644/6471 6626/6660/6487
f 6638/6640/6467 6639/6676/6503 6640/6657/6484
f 6736/6669/6496 6743/6677/6504 6742/6672/6499
f 6736/6669/6496 6742/6672/6499 6734/6663/6490
f 6634/6650/6477 6630/6643/6470 6641/6678/6505
f 6630/6643/6470 6636/6664/6491 6641/6678/6505
f 6733/6661/6488 6732/6641/6468 6744/6679/6506
f 6633/6631/6458 6643/6680/6507 6636/6664/6491
f 6739/6662/6489 6746/6681/6508 6747/6608/6435
f 6746/6681/6508 6753/6665/6492 6747/6608/6435
f 6831/6682/6509 6830/6674/6501 6610/6624/6451
f 6626/6660/6487 6830/6674/6501 6627/6675/6502
f 6731/6635/6462 6735/6667/6494 6741/6671/6498
f 6637/6668/6495 6644/6683/6510 6638/6640/6467
f 6634/6650/6477 6645/6684/6511 6637/6668/6495
f 6634/6650/6477 6641/6678/6505 6645/6684/6511
f 6737/6670/6497 6742/6672/6499 6748/6685/6512
f 6737/6670/6497 6748/6685/6512 6744/6679/6506
f 6737/6670/6497 6744/6679/6506 6732/6641/6468
f 6753/6665/6492 6831/6682/6509 6610/6624/6451
f 6828/6653/6480 6622/6652/6479 6832/6686/6513
f 6833/6687/6514 6623/6666/6493 6627/6675/6502
f 6741/6671/6498 6749/6688/6515 6736/6669/6496
f 6638/6640/6467 6644/6683/6510 6639/6676/6503
f 6736/6669/6496 6749/6688/6515 6743/6677/6504
f 6637/6668/6495 6645/6684/6511 6644/6683/6510
f 6742/6672/6499 6750/6689/6516 6748/6685/6512
f 6636/6664/6491 6643/6680/6507 6641/6678/6505
f 6746/6681/6508 6752/6690/6517 6753/6665/6492
f 6741/6671/6498 6735/6667/6494 6754/6691/6518
f 6654/6656/6483 6755/6692/6519 6735/6667/6494
f 6644/6683/6510 6645/6684/6511 6646/6693/6520
f 6742/6672/6499 6743/6677/6504 6750/6689/6516
f 6641/6678/6505 6647/6694/6521 6645/6684/6511
f 6641/6678/6505 6649/6695/6522 6647/6694/6521
f 6641/6678/6505 6643/6680/6507 6649/6695/6522
f 6744/6679/6506 6756/6696/6523 6733/6661/6488
f 6733/6661/6488 6756/6696/6523 6738/6658/6485
f 6753/6665/6492 6752/6690/6517 6672/6697/6524
f 6829/6659/6486 6828/6653/6480 6832/6686/6513
f 6627/6675/6502 6830/6674/6501 6834/6698/6525
f 6627/6675/6502 6834/6698/6525 6833/6687/6514
f 6639/6676/6503 6654/6656/6483 6640/6657/6484
f 6754/6691/6518 6749/6688/6515 6741/6671/6498
f 6757/6699/6526 6743/6677/6504 6749/6688/6515
f 6648/6700/6527 6642/6673/6500 6650/6701/6528
f 6758/6702/6529 6739/6662/6489 6738/6658/6485
f 6829/6659/6486 6832/6686/6513 6667/6703/6530
f 6754/6691/6518 6759/6704/6531 6749/6688/6515
f 6759/6704/6531 6757/6699/6526 6749/6688/6515
f 6735/6667/6494 6755/6692/6519 6754/6691/6518
f 6757/6699/6526 6750/6689/6516 6743/6677/6504
f 6646/6693/6520 6645/6684/6511 6647/6694/6521
f 6647/6694/6521 6649/6695/6522 6652/6705/6532
f 6648/6700/6527 6650/6701/6528 6651/6706/6533
f 6748/6685/6512 6760/6707/6534 6744/6679/6506
f 6744/6679/6506 6760/6707/6534 6756/6696/6523
f 6760/6707/6534 6738/6658/6485 6756/6696/6523
f 6760/6707/6534 6758/6702/6529 6738/6658/6485
f 6672/6697/6524 6831/6682/6509 6753/6665/6492
f 6834/6698/6525 6830/6674/6501 6831/6682/6509
f 6639/6676/6503 6653/6708/6535 6654/6656/6483
f 6639/6676/6503 6644/6683/6510 6653/6708/6535
f 6644/6683/6510 6655/6709/6536 6653/6708/6535
f 6646/6693/6520 6655/6709/6536 6644/6683/6510
f 6646/6693/6520 6656/6710/6537 6655/6709/6536
f 6646/6693/6520 6647/6694/6521 6656/6710/6537
f 6642/6673/6500 6657/6711/6538 6650/6701/6528
f 6758/6702/6529 6760/6707/6534 6746/6681/6508
f 6758/6702/6529 6746/6681/6508 6739/6662/6489
f 6642/6673/6500 6827/6651/6478 6659/6712/6539
f 6827/6651/6478 6829/6659/6486 6659/6712/6539
f 6672/6697/6524 6834/6698/6525 6831/6682/6509
f 6833/6687/6514 6834/6698/6525 6668/6713/6540
f 6647/6694/6521 6658/6714/6541 6656/6710/6537
f 6748/6685/6512 6761/6715/6542 6762/6716/6543
f 6750/6689/6516 6761/6715/6542 6748/6685/6512
f 6748/6685/6512 6764/6717/6544 6760/6707/6534
f 6659/6712/6539 6657/6711/6538 6642/6673/6500
f 6829/6659/6486 6667/6703/6530 6659/6712/6539
f 6754/6691/6518 6765/6718/6545 6759/6704/6531
f 6759/6704/6531 6766/6719/6546 6757/6699/6526
f 6754/6691/6518 6755/6692/6519 6767/6720/6547
f 6757/6699/6526 6768/6721/6548 6750/6689/6516
f 6750/6689/6516 6768/6721/6548 6761/6715/6542
f 6647/6694/6521 6652/6705/6532 6658/6714/6541
f 6748/6685/6512 6762/6716/6543 6764/6717/6544
f 6650/6701/6528 6660/6722/6549 6651/6706/6533
f 6657/6711/6538 6660/6722/6549 6650/6701/6528
f 6661/6723/6550 6662/6724/6551 6653/6708/6535
f 6655/6709/6536 6661/6723/6550 6653/6708/6535
f 6655/6709/6536 6656/6710/6537 6661/6723/6550
f 6654/6656/6483 6662/6724/6551 6663/6725/6552
f 6654/6656/6483 6653/6708/6535 6662/6724/6551
f 6755/6692/6519 6663/6725/6552 6767/6720/6547
f 6755/6692/6519 6654/6656/6483 6663/6725/6552
f 6652/6705/6532 6665/6726/6553 6658/6714/6541
f 6651/6706/6533 6660/6722/6549 6664/6727/6554
f 6764/6717/6544 6770/6728/6555 6760/6707/6534
f 6770/6728/6555 6772/6729/6556 6760/6707/6534
f 6760/6707/6534 6772/6729/6556 6746/6681/6508
f 6657/6711/6538 6659/6712/6539 6666/6730/6557
f 6659/6712/6539 6667/6703/6530 6669/6731/6558
f 6671/6732/6559 6668/6713/6540 6672/6697/6524
f 6668/6713/6540 6834/6698/6525 6672/6697/6524
f 6773/6733/6560 6759/6704/6531 6765/6718/6545
f 6765/6718/6545 6754/6691/6518 6767/6720/6547
f 6766/6719/6546 6768/6721/6548 6757/6699/6526
f 6673/6734/6561 6663/6725/6552 6662/6724/6551
f 6656/6710/6537 6658/6714/6541 6674/6735/6562
f 6674/6735/6562 6658/6714/6541 6665/6726/6553
f 6774/6736/6563 6775/6737/6564 6761/6715/6542
f 6775/6737/6564 6762/6716/6543 6761/6715/6542
f 6775/6737/6564 6764/6717/6544 6762/6716/6543
f 6666/6730/6557 6659/6712/6539 6669/6731/6558
f 6771/6738/6565 6676/6739/6566 6745/6740/6567
f 6676/6739/6566 6751/6741/6568 6745/6740/6567
f 6752/6690/6517 6671/6732/6559 6672/6697/6524
f 6669/6731/6558 6667/6703/6530 6670/6742/6569
f 6766/6719/6546 6759/6704/6531 6773/6733/6560
f 6767/6720/6547 6776/6743/6570 6765/6718/6545
f 6767/6720/6547 6663/6725/6552 6776/6743/6570
f 6763/6744/6571 6777/6745/6572 6769/6746/6555
f 6675/6747/6573 6657/6711/6538 6666/6730/6557
f 6660/6722/6549 6657/6711/6538 6675/6747/6573
f 6676/6739/6566 6670/6742/6569 6751/6741/6568
f 6676/6739/6566 6666/6730/6557 6670/6742/6569
f 6666/6730/6557 6669/6731/6558 6670/6742/6569
f 6662/6724/6551 6678/6748/6574 6673/6734/6561
f 6679/6749/6575 6680/6750/6576 6681/6751/6577
f 6680/6750/6576 6682/6752/6578 6681/6751/6577
f 6681/6751/6577 6682/6752/6578 6769/6746/6555
f 6660/6722/6549 6675/6747/6573 6664/6727/6554
f 6775/6737/6564 6779/6753/6579 6764/6717/6544
f 6763/6744/6571 6778/6754/6580 6777/6745/6572
f 6682/6752/6578 6680/6750/6576 6675/6747/6573
f 6676/6739/6566 6682/6752/6578 6666/6730/6557
f 6666/6730/6557 6682/6752/6578 6675/6747/6573
f 6676/6739/6566 6771/6738/6565 6769/6746/6555
f 6656/6710/6537 6683/6755/6581 6661/6723/6550
f 6656/6710/6537 6674/6735/6562 6684/6756/6582
f 6674/6735/6562 6665/6726/6553 6685/6757/6583
f 6681/6751/6577 6692/6758/6584 6679/6749/6575
f 6769/6746/6555 6777/6745/6572 6681/6751/6577
f 6682/6752/6578 6676/6739/6566 6769/6746/6555
f 6765/6718/6545 6781/6759/6585 6773/6733/6560
f 6662/6724/6551 6661/6723/6550 6686/6760/6586
f 6773/6733/6560 6781/6759/6585 6766/6719/6546
f 6776/6743/6570 6783/6761/6587 6765/6718/6545
f 6768/6721/6548 6766/6719/6546 6784/6762/6588
f 6766/6719/6546 6781/6759/6585 6784/6762/6588
f 6663/6725/6552 6688/6763/6589 6776/6743/6570
f 6683/6755/6581 6656/6710/6537 6684/6756/6582
f 6663/6725/6552 6678/6748/6574 6688/6763/6589
f 6663/6725/6552 6673/6734/6561 6678/6748/6574
f 6674/6735/6562 6685/6757/6583 6684/6756/6582
f 6679/6749/6575 6689/6764/6590 6680/6750/6576
f 6777/6745/6572 6692/6758/6584 6681/6751/6577
f 6665/6726/6553 6691/6765/6591 6685/6757/6583
f 6664/6727/6554 6675/6747/6573 6690/6766/6592
f 6765/6718/6545 6783/6761/6587 6781/6759/6585
f 6776/6743/6570 6688/6763/6589 6783/6761/6587
f 6768/6721/6548 6784/6762/6588 6761/6715/6542
f 6679/6749/6575 6692/6758/6584 6689/6764/6590
f 6775/6737/6564 6774/6736/6563 6786/6767/6593
f 6775/6737/6564 6786/6767/6593 6779/6753/6579
f 6680/6750/6576 6693/6768/6594 6675/6747/6573
f 6782/6769/6595 6687/6770/6596 6787/6771/6597
f 6698/6772/6598 6692/6758/6584 6788/6773/6599
f 6777/6745/6572 6788/6773/6599 6692/6758/6584
f 6694/6774/6600 6680/6750/6576 6689/6764/6590
f 6694/6774/6600 6693/6768/6594 6680/6750/6576
f 6693/6768/6594 6690/6766/6592 6675/6747/6573
f 6686/6760/6586 6678/6748/6574 6662/6724/6551
f 6782/6769/6595 6787/6771/6597 6780/6775/6601
f 6787/6771/6597 6687/6770/6596 6698/6772/6598
f 6684/6756/6582 6685/6757/6583 6695/6776/6602
f 6692/6758/6584 6698/6772/6598 6689/6764/6590
f 6685/6757/6583 6691/6765/6591 6695/6776/6602
f 6785/6777/6603 6789/6778/6604 6778/6754/6580
f 6778/6754/6580 6789/6778/6604 6777/6745/6572
f 6661/6723/6550 6696/6779/6605 6686/6760/6586
f 6661/6723/6550 6683/6755/6581 6696/6779/6605
f 6683/6755/6581 6684/6756/6582 6697/6780/6606
f 6781/6759/6585 6791/6781/6607 6784/6762/6588
f 6677/6782/6574 6698/6772/6598 6687/6770/6596
f 6761/6715/6542 6792/6783/6608 6774/6736/6563
f 6787/6771/6597 6698/6772/6598 6793/6784/6609
f 6792/6783/6608 6794/6785/6610 6774/6736/6563
f 6698/6772/6598 6788/6773/6599 6793/6784/6609
f 6774/6736/6563 6794/6785/6610 6786/6767/6593
f 6689/6764/6590 6698/6772/6598 6700/6786/6611
f 6689/6764/6590 6700/6786/6611 6694/6774/6600
f 6683/6755/6581 6697/6780/6606 6696/6779/6605
f 6780/6775/6601 6787/6771/6597 6793/6784/6609
f 6784/6762/6588 6792/6783/6608 6761/6715/6542
f 6693/6768/6594 6701/6787/6612 6690/6766/6592
f 6784/6762/6588 6796/6788/6613 6792/6783/6608
f 6678/6748/6574 6686/6760/6586 6704/6789/6614
f 6678/6748/6574 6704/6789/6614 6699/6790/6615
f 6777/6745/6572 6789/6778/6604 6788/6773/6599
f 6691/6765/6591 6702/6791/6616 6695/6776/6602
f 6696/6779/6605 6697/6780/6606 6686/6760/6586
f 6780/6775/6601 6797/6792/6617 6790/6793/6618
f 6780/6775/6601 6793/6784/6609 6797/6792/6617
f 6684/6756/6582 6695/6776/6602 6697/6780/6606
f 6788/6773/6599 6797/6792/6617 6793/6784/6609
f 6703/6794/6614 6700/6786/6611 6698/6772/6598
f 6794/6785/6610 6799/6795/6619 6786/6767/6593
f 6789/6778/6604 6798/6796/6620 6788/6773/6599
f 6785/6777/6603 6798/6796/6620 6789/6778/6604
f 6784/6762/6588 6791/6781/6607 6796/6788/6613
f 6703/6794/6614 6694/6774/6600 6700/6786/6611
f 6788/6773/6599 6798/6796/6620 6797/6792/6617
f 6694/6774/6600 6705/6797/6621 6693/6768/6594
f 6693/6768/6594 6705/6797/6621 6701/6787/6612
f 6686/6760/6586 6707/6798/6622 6704/6789/6614
f 6697/6780/6606 6707/6798/6622 6686/6760/6586
f 6792/6783/6608 6799/6795/6619 6794/6785/6610
f 6695/6776/6602 6708/6799/6623 6697/6780/6606
f 6703/6794/6614 6709/6800/6624 6694/6774/6600
f 6797/6792/6617 6795/6801/6625 6790/6793/6618
f 6706/6802/6626 6709/6800/6624 6703/6794/6614
f 6798/6796/6620 6800/6803/6627 6797/6792/6617
f 6709/6800/6624 6710/6804/6628 6694/6774/6600
f 6695/6776/6602 6702/6791/6616 6708/6799/6623
f 6694/6774/6600 6710/6804/6628 6705/6797/6621
f 6796/6788/6613 6801/6805/6629 6792/6783/6608
f 6797/6792/6617 6800/6803/6627 6795/6801/6625
f 6706/6802/6626 6711/6806/6630 6713/6807/6631
f 6792/6783/6608 6801/6805/6629 6799/6795/6619
f 6706/6802/6626 6713/6807/6631 6709/6800/6624
f 6709/6800/6624 6713/6807/6631 6710/6804/6628
f 6705/6797/6621 6710/6804/6628 6714/6808/6632
f 6714/6808/6632 6701/6787/6612 6705/6797/6621
f 6697/6780/6606 6712/6809/6633 6707/6798/6622
f 6697/6780/6606 6708/6799/6623 6712/6809/6633
f 6713/6807/6631 6711/6806/6630 6710/6804/6628
f 6702/6791/6616 6715/6810/6632 6708/6799/6623
f 6711/6806/6630 6714/6808/6632 6710/6804/6628
f 6712/6809/6633 6708/6799/6623 6716/6811/6634
f 6712/6809/6633 6716/6811/6634 6715/6810/6632
f 6715/6810/6632 6716/6811/6634 6708/6799/6623
l 6447 6449
l 6448 6451
l 6459 6513
l 6450 6513
l 6462 6467
